{"timestamp":"2026-05-06T15:01:21.285Z","level":"ERROR","module":"App","message":"Failed to start server","data":{"error":"connectDB is not a function","stack":"TypeError: connectDB is not a function\n    at startServer (D:\\assignment\\product-analytics-dashboard\\backend\\src\\app.js:52:11)\n    at Object.<anonymous> (D:\\assignment\\product-analytics-dashboard\\backend\\src\\app.js:65:1)\n    at Module._compile (node:internal/modules/cjs/loader:1830:14)\n    at Object..js (node:internal/modules/cjs/loader:1961:10)\n    at Module.load (node:internal/modules/cjs/loader:1553:32)\n    at Module._load (node:internal/modules/cjs/loader:1355:12)\n    at wrapModuleLoad (node:internal/modules/cjs/loader:255:19)\n    at Module.executeUserEntryPoint [as runMain] (node:internal/modules/run_main:154:5)\n    at node:internal/main/run_main_module:33:47"}}
{"timestamp":"2026-05-06T15:01:26.021Z","level":"ERROR","module":"App","message":"Failed to start server","data":{"error":"connectDB is not a function","stack":"TypeError: connectDB is not a function\n    at startServer (D:\\assignment\\product-analytics-dashboard\\backend\\src\\app.js:52:11)\n    at Object.<anonymous> (D:\\assignment\\product-analytics-dashboard\\backend\\src\\app.js:65:1)\n    at Module._compile (node:internal/modules/cjs/loader:1830:14)\n    at Object..js (node:internal/modules/cjs/loader:1961:10)\n    at Module.load (node:internal/modules/cjs/loader:1553:32)\n    at Module._load (node:internal/modules/cjs/loader:1355:12)\n    at wrapModuleLoad (node:internal/modules/cjs/loader:255:19)\n    at Module.executeUserEntryPoint [as runMain] (node:internal/modules/run_main:154:5)\n    at node:internal/main/run_main_module:33:47"}}
{"timestamp":"2026-05-06T15:01:40.756Z","level":"ERROR","module":"App","message":"Failed to start server","data":{"error":"connectDB is not a function","stack":"TypeError: connectDB is not a function\n    at startServer (D:\\assignment\\product-analytics-dashboard\\backend\\src\\app.js:52:11)\n    at Object.<anonymous> (D:\\assignment\\product-analytics-dashboard\\backend\\src\\app.js:65:1)\n    at Module._compile (node:internal/modules/cjs/loader:1830:14)\n    at Object..js (node:internal/modules/cjs/loader:1961:10)\n    at Module.load (node:internal/modules/cjs/loader:1553:32)\n    at Module._load (node:internal/modules/cjs/loader:1355:12)\n    at wrapModuleLoad (node:internal/modules/cjs/loader:255:19)\n    at Module.executeUserEntryPoint [as runMain] (node:internal/modules/run_main:154:5)\n    at node:internal/main/run_main_module:33:47"}}
{"timestamp":"2026-05-06T15:01:50.138Z","level":"ERROR","module":"App","message":"Failed to start server","data":{"error":"connectDB is not a function","stack":"TypeError: connectDB is not a function\n    at startServer (D:\\assignment\\product-analytics-dashboard\\backend\\src\\app.js:52:11)\n    at Object.<anonymous> (D:\\assignment\\product-analytics-dashboard\\backend\\src\\app.js:65:1)\n    at Module._compile (node:internal/modules/cjs/loader:1830:14)\n    at Object..js (node:internal/modules/cjs/loader:1961:10)\n    at Module.load (node:internal/modules/cjs/loader:1553:32)\n    at Module._load (node:internal/modules/cjs/loader:1355:12)\n    at wrapModuleLoad (node:internal/modules/cjs/loader:255:19)\n    at Module.executeUserEntryPoint [as runMain] (node:internal/modules/run_main:154:5)\n    at node:internal/main/run_main_module:33:47"}}
{"timestamp":"2026-05-06T15:06:38.707Z","level":"ERROR","module":"App","message":"Failed to start server","data":{"error":"connectDB is not a function","stack":"TypeError: connectDB is not a function\n    at startServer (D:\\assignment\\product-analytics-dashboard\\backend\\src\\app.js:52:11)\n    at Object.<anonymous> (D:\\assignment\\product-analytics-dashboard\\backend\\src\\app.js:65:1)\n    at Module._compile (node:internal/modules/cjs/loader:1830:14)\n    at Object..js (node:internal/modules/cjs/loader:1961:10)\n    at Module.load (node:internal/modules/cjs/loader:1553:32)\n    at Module._load (node:internal/modules/cjs/loader:1355:12)\n    at wrapModuleLoad (node:internal/modules/cjs/loader:255:19)\n    at Module.executeUserEntryPoint [as runMain] (node:internal/modules/run_main:154:5)\n    at node:internal/main/run_main_module:33:47"}}
{"timestamp":"2026-05-06T16:21:11.006Z","level":"INFO","module":"ProductController","message":"Fetching analytics data"}
{"timestamp":"2026-05-06T16:21:11.009Z","level":"ERROR","module":"ProductController","message":"Get analytics error","data":{"error":"Product.count is not a function","stack":"TypeError: Product.count is not a function\n    at getAnalytics (D:\\assignment\\product-analytics-dashboard\\backend\\src\\controllers\\productController.js:216:43)\n    at Layer.handle [as handle_request] (D:\\assignment\\product-analytics-dashboard\\backend\\node_modules\\express\\lib\\router\\layer.js:95:5)\n    at next (D:\\assignment\\product-analytics-dashboard\\backend\\node_modules\\express\\lib\\router\\route.js:149:13)\n    at Route.dispatch (D:\\assignment\\product-analytics-dashboard\\backend\\node_modules\\express\\lib\\router\\route.js:119:3)\n    at Layer.handle [as handle_request] (D:\\assignment\\product-analytics-dashboard\\backend\\node_modules\\express\\lib\\router\\layer.js:95:5)\n    at D:\\assignment\\product-analytics-dashboard\\backend\\node_modules\\express\\lib\\router\\index.js:284:15\n    at router.process_params (D:\\assignment\\product-analytics-dashboard\\backend\\node_modules\\express\\lib\\router\\index.js:346:12)\n    at next (D:\\assignment\\product-analytics-dashboard\\backend\\node_modules\\express\\lib\\router\\index.js:280:10)\n    at router.handle (D:\\assignment\\product-analytics-dashboard\\backend\\node_modules\\express\\lib\\router\\index.js:175:3)\n    at router (D:\\assignment\\product-analytics-dashboard\\backend\\node_modules\\express\\lib\\router\\index.js:47:12)"}}
{"timestamp":"2026-05-06T16:21:11.011Z","level":"WARN","module":"Middleware","message":"Request completed with error","data":{"method":"GET","url":"/api/analytics","statusCode":500,"duration":"5ms","ip":"::1"}}
{"timestamp":"2026-05-06T16:21:11.021Z","level":"INFO","module":"ProductController","message":"Fetching analytics data"}
{"timestamp":"2026-05-06T16:21:11.022Z","level":"ERROR","module":"ProductController","message":"Get analytics error","data":{"error":"Product.count is not a function","stack":"TypeError: Product.count is not a function\n    at getAnalytics (D:\\assignment\\product-analytics-dashboard\\backend\\src\\controllers\\productController.js:216:43)\n    at Layer.handle [as handle_request] (D:\\assignment\\product-analytics-dashboard\\backend\\node_modules\\express\\lib\\router\\layer.js:95:5)\n    at next (D:\\assignment\\product-analytics-dashboard\\backend\\node_modules\\express\\lib\\router\\route.js:149:13)\n    at Route.dispatch (D:\\assignment\\product-analytics-dashboard\\backend\\node_modules\\express\\lib\\router\\route.js:119:3)\n    at Layer.handle [as handle_request] (D:\\assignment\\product-analytics-dashboard\\backend\\node_modules\\express\\lib\\router\\layer.js:95:5)\n    at D:\\assignment\\product-analytics-dashboard\\backend\\node_modules\\express\\lib\\router\\index.js:284:15\n    at router.process_params (D:\\assignment\\product-analytics-dashboard\\backend\\node_modules\\express\\lib\\router\\index.js:346:12)\n    at next (D:\\assignment\\product-analytics-dashboard\\backend\\node_modules\\express\\lib\\router\\index.js:280:10)\n    at router.handle (D:\\assignment\\product-analytics-dashboard\\backend\\node_modules\\express\\lib\\router\\index.js:175:3)\n    at router (D:\\assignment\\product-analytics-dashboard\\backend\\node_modules\\express\\lib\\router\\index.js:47:12)"}}
{"timestamp":"2026-05-06T16:21:11.024Z","level":"WARN","module":"Middleware","message":"Request completed with error","data":{"method":"GET","url":"/api/analytics","statusCode":500,"duration":"3ms","ip":"::1"}}
{"timestamp":"2026-05-06T16:21:11.028Z","level":"WARN","module":"Middleware","message":"Request completed with error","data":{"method":"GET","url":"/api/categories","statusCode":500,"duration":"1ms","ip":"::1"}}
{"timestamp":"2026-05-06T16:21:11.043Z","level":"WARN","module":"Middleware","message":"Request completed with error","data":{"method":"GET","url":"/api/categories","statusCode":500,"duration":"4ms","ip":"::1"}}
{"timestamp":"2026-05-06T16:21:11.048Z","level":"INFO","module":"ProductController","message":"Fetching analytics data"}
{"timestamp":"2026-05-06T16:21:11.052Z","level":"ERROR","module":"ProductController","message":"Get analytics error","data":{"error":"Product.count is not a function","stack":"TypeError: Product.count is not a function\n    at getAnalytics (D:\\assignment\\product-analytics-dashboard\\backend\\src\\controllers\\productController.js:216:43)\n    at Layer.handle [as handle_request] (D:\\assignment\\product-analytics-dashboard\\backend\\node_modules\\express\\lib\\router\\layer.js:95:5)\n    at next (D:\\assignment\\product-analytics-dashboard\\backend\\node_modules\\express\\lib\\router\\route.js:149:13)\n    at Route.dispatch (D:\\assignment\\product-analytics-dashboard\\backend\\node_modules\\express\\lib\\router\\route.js:119:3)\n    at Layer.handle [as handle_request] (D:\\assignment\\product-analytics-dashboard\\backend\\node_modules\\express\\lib\\router\\layer.js:95:5)\n    at D:\\assignment\\product-analytics-dashboard\\backend\\node_modules\\express\\lib\\router\\index.js:284:15\n    at router.process_params (D:\\assignment\\product-analytics-dashboard\\backend\\node_modules\\express\\lib\\router\\index.js:346:12)\n    at next (D:\\assignment\\product-analytics-dashboard\\backend\\node_modules\\express\\lib\\router\\index.js:280:10)\n    at router.handle (D:\\assignment\\product-analytics-dashboard\\backend\\node_modules\\express\\lib\\router\\index.js:175:3)\n    at router (D:\\assignment\\product-analytics-dashboard\\backend\\node_modules\\express\\lib\\router\\index.js:47:12)"}}
{"timestamp":"2026-05-06T16:21:11.054Z","level":"WARN","module":"Middleware","message":"Request completed with error","data":{"method":"GET","url":"/api/analytics","statusCode":500,"duration":"5ms","ip":"::1"}}
{"timestamp":"2026-05-06T16:21:11.057Z","level":"INFO","module":"ProductController","message":"Fetching analytics data"}
{"timestamp":"2026-05-06T16:21:11.058Z","level":"ERROR","module":"ProductController","message":"Get analytics error","data":{"error":"Product.count is not a function","stack":"TypeError: Product.count is not a function\n    at getAnalytics (D:\\assignment\\product-analytics-dashboard\\backend\\src\\controllers\\productController.js:216:43)\n    at Layer.handle [as handle_request] (D:\\assignment\\product-analytics-dashboard\\backend\\node_modules\\express\\lib\\router\\layer.js:95:5)\n    at next (D:\\assignment\\product-analytics-dashboard\\backend\\node_modules\\express\\lib\\router\\route.js:149:13)\n    at Route.dispatch (D:\\assignment\\product-analytics-dashboard\\backend\\node_modules\\express\\lib\\router\\route.js:119:3)\n    at Layer.handle [as handle_request] (D:\\assignment\\product-analytics-dashboard\\backend\\node_modules\\express\\lib\\router\\layer.js:95:5)\n    at D:\\assignment\\product-analytics-dashboard\\backend\\node_modules\\express\\lib\\router\\index.js:284:15\n    at router.process_params (D:\\assignment\\product-analytics-dashboard\\backend\\node_modules\\express\\lib\\router\\index.js:346:12)\n    at next (D:\\assignment\\product-analytics-dashboard\\backend\\node_modules\\express\\lib\\router\\index.js:280:10)\n    at router.handle (D:\\assignment\\product-analytics-dashboard\\backend\\node_modules\\express\\lib\\router\\index.js:175:3)\n    at router (D:\\assignment\\product-analytics-dashboard\\backend\\node_modules\\express\\lib\\router\\index.js:47:12)"}}
{"timestamp":"2026-05-06T16:21:11.059Z","level":"WARN","module":"Middleware","message":"Request completed with error","data":{"method":"GET","url":"/api/analytics","statusCode":500,"duration":"2ms","ip":"::1"}}
{"timestamp":"2026-05-06T16:22:42.445Z","level":"INFO","module":"ProductController","message":"Starting data import","data":{"fileName":"Assignment_-_2_Dataset__2_.xlsx","fileSize":1351749}}
{"timestamp":"2026-05-06T16:22:42.446Z","level":"INFO","module":"ExcelService","message":"Processing Excel file"}
{"timestamp":"2026-05-06T16:22:42.978Z","level":"DEBUG","module":"ExcelService","message":"Parsed 1465 rows from Excel"}
{"timestamp":"2026-05-06T16:22:42.983Z","level":"INFO","module":"ExcelService","message":"Excel processing completed","data":{"totalRows":1465,"validRows":1465,"errors":0}}
{"timestamp":"2026-05-06T16:22:42.985Z","level":"INFO","module":"ExcelService","message":"Starting batch import","data":{"totalRecords":1465}}
{"timestamp":"2026-05-06T16:22:42.988Z","level":"WARN","module":"ExcelService","message":"Error upserting product","data":{"product_id":"B07JW9H4J1","error":"Product.upsert is not a function"}}
{"timestamp":"2026-05-06T16:22:42.990Z","level":"WARN","module":"ExcelService","message":"Error upserting product","data":{"product_id":"B098NS6PVG","error":"Product.upsert is not a function"}}
{"timestamp":"2026-05-06T16:22:42.990Z","level":"WARN","module":"ExcelService","message":"Error upserting product","data":{"product_id":"B096MSW6CT","error":"Product.upsert is not a function"}}
{"timestamp":"2026-05-06T16:22:42.991Z","level":"WARN","module":"ExcelService","message":"Error upserting product","data":{"product_id":"B08HDJ86NZ","error":"Product.upsert is not a function"}}
{"timestamp":"2026-05-06T16:22:42.992Z","level":"WARN","module":"ExcelService","message":"Error upserting product","data":{"product_id":"B08CF3B7N1","error":"Product.upsert is not a function"}}
{"timestamp":"2026-05-06T16:22:42.992Z","level":"WARN","module":"ExcelService","message":"Error upserting product","data":{"product_id":"B08Y1TFSP6","error":"Product.upsert is not a function"}}
{"timestamp":"2026-05-06T16:22:42.993Z","level":"WARN","module":"ExcelService","message":"Error upserting product","data":{"product_id":"B08WRWPM22","error":"Product.upsert is not a function"}}
{"timestamp":"2026-05-06T16:22:42.995Z","level":"WARN","module":"ExcelService","message":"Error upserting product","data":{"product_id":"B08DDRGWTJ","error":"Product.upsert is not a function"}}
{"timestamp":"2026-05-06T16:22:42.996Z","level":"WARN","module":"ExcelService","message":"Error upserting product","data":{"product_id":"B008IFXQFU","error":"Product.upsert is not a function"}}
{"timestamp":"2026-05-06T16:22:42.997Z","level":"WARN","module":"ExcelService","message":"Error upserting product","data":{"product_id":"B082LZGK39","error":"Product.upsert is not a function"}}
{"timestamp":"2026-05-06T16:22:42.999Z","level":"WARN","module":"ExcelService","message":"Error upserting product","data":{"product_id":"B08CF3D7QR","error":"Product.upsert is not a function"}}
{"timestamp":"2026-05-06T16:22:43.000Z","level":"WARN","module":"ExcelService","message":"Error upserting product","data":{"product_id":"B0789LZTCJ","error":"Product.upsert is not a function"}}
{"timestamp":"2026-05-06T16:22:43.001Z","level":"WARN","module":"ExcelService","message":"Error upserting product","data":{"product_id":"B07KSMBL2H","error":"Product.upsert is not a function"}}
{"timestamp":"2026-05-06T16:22:43.002Z","level":"WARN","module":"ExcelService","message":"Error upserting product","data":{"product_id":"B085DTN6R2","error":"Product.upsert is not a function"}}
{"timestamp":"2026-05-06T16:22:43.003Z","level":"WARN","module":"ExcelService","message":"Error upserting product","data":{"product_id":"B09KLVMZ3B","error":"Product.upsert is not a function"}}
{"timestamp":"2026-05-06T16:22:43.005Z","level":"WARN","module":"ExcelService","message":"Error upserting product","data":{"product_id":"B083342NKJ","error":"Product.upsert is not a function"}}
{"timestamp":"2026-05-06T16:22:43.006Z","level":"WARN","module":"ExcelService","message":"Error upserting product","data":{"product_id":"B0B6F7LX4C","error":"Product.upsert is not a function"}}
{"timestamp":"2026-05-06T16:22:43.007Z","level":"WARN","module":"ExcelService","message":"Error upserting product","data":{"product_id":"B082LSVT4B","error":"Product.upsert is not a function"}}
{"timestamp":"2026-05-06T16:22:43.008Z","level":"WARN","module":"ExcelService","message":"Error upserting product","data":{"product_id":"B08WRBG3XW","error":"Product.upsert is not a function"}}
{"timestamp":"2026-05-06T16:22:43.009Z","level":"WARN","module":"ExcelService","message":"Error upserting product","data":{"product_id":"B08DPLCM6T","error":"Product.upsert is not a function"}}
{"timestamp":"2026-05-06T16:22:43.010Z","level":"WARN","module":"ExcelService","message":"Error upserting product","data":{"product_id":"B09C6HXFC1","error":"Product.upsert is not a function"}}
{"timestamp":"2026-05-06T16:22:43.010Z","level":"WARN","module":"ExcelService","message":"Error upserting product","data":{"product_id":"B085194JFL","error":"Product.upsert is not a function"}}
{"timestamp":"2026-05-06T16:22:43.011Z","level":"WARN","module":"ExcelService","message":"Error upserting product","data":{"product_id":"B09F6S8BT6","error":"Product.upsert is not a function"}}
{"timestamp":"2026-05-06T16:22:43.012Z","level":"WARN","module":"ExcelService","message":"Error upserting product","data":{"product_id":"B09NHVCHS9","error":"Product.upsert is not a function"}}
{"timestamp":"2026-05-06T16:22:43.013Z","level":"WARN","module":"ExcelService","message":"Error upserting product","data":{"product_id":"B0B1YVCJ2Y","error":"Product.upsert is not a function"}}
{"timestamp":"2026-05-06T16:22:43.013Z","level":"WARN","module":"ExcelService","message":"Error upserting product","data":{"product_id":"B01M4GGIVU","error":"Product.upsert is not a function"}}
{"timestamp":"2026-05-06T16:22:43.014Z","level":"WARN","module":"ExcelService","message":"Error upserting product","data":{"product_id":"B08B42LWKN","error":"Product.upsert is not a function"}}
{"timestamp":"2026-05-06T16:22:43.015Z","level":"WARN","module":"ExcelService","message":"Error upserting product","data":{"product_id":"B094JNXNPV","error":"Product.upsert is not a function"}}
{"timestamp":"2026-05-06T16:22:43.016Z","level":"WARN","module":"ExcelService","message":"Error upserting product","data":{"product_id":"B09W5XR9RT","error":"Product.upsert is not a function"}}
{"timestamp":"2026-05-06T16:22:43.016Z","level":"WARN","module":"ExcelService","message":"Error upserting product","data":{"product_id":"B077Z65HSD","error":"Product.upsert is not a function"}}
{"timestamp":"2026-05-06T16:22:43.017Z","level":"WARN","module":"ExcelService","message":"Error upserting product","data":{"product_id":"B00NH11PEY","error":"Product.upsert is not a function"}}
{"timestamp":"2026-05-06T16:22:43.018Z","level":"WARN","module":"ExcelService","message":"Error upserting product","data":{"product_id":"B09CMM3VGK","error":"Product.upsert is not a function"}}
{"timestamp":"2026-05-06T16:22:43.018Z","level":"WARN","module":"ExcelService","message":"Error upserting product","data":{"product_id":"B08QSC1XY8","error":"Product.upsert is not a function"}}
{"timestamp":"2026-05-06T16:22:43.019Z","level":"WARN","module":"ExcelService","message":"Error upserting product","data":{"product_id":"B008FWZGSG","error":"Product.upsert is not a function"}}
{"timestamp":"2026-05-06T16:22:43.022Z","level":"WARN","module":"ExcelService","message":"Error upserting product","data":{"product_id":"B0B4HJNPV4","error":"Product.upsert is not a function"}}
{"timestamp":"2026-05-06T16:22:43.023Z","level":"WARN","module":"ExcelService","message":"Error upserting product","data":{"product_id":"B08Y1SJVV5","error":"Product.upsert is not a function"}}
{"timestamp":"2026-05-06T16:22:43.023Z","level":"WARN","module":"ExcelService","message":"Error upserting product","data":{"product_id":"B07XLCFSSN","error":"Product.upsert is not a function"}}
{"timestamp":"2026-05-06T16:22:43.024Z","level":"WARN","module":"ExcelService","message":"Error upserting product","data":{"product_id":"B09RZS1NQT","error":"Product.upsert is not a function"}}
{"timestamp":"2026-05-06T16:22:43.024Z","level":"WARN","module":"ExcelService","message":"Error upserting product","data":{"product_id":"B0B3MMYHYW","error":"Product.upsert is not a function"}}
{"timestamp":"2026-05-06T16:22:43.025Z","level":"WARN","module":"ExcelService","message":"Error upserting product","data":{"product_id":"B09C6HWG18","error":"Product.upsert is not a function"}}
{"timestamp":"2026-05-06T16:22:43.027Z","level":"WARN","module":"ExcelService","message":"Error upserting product","data":{"product_id":"B00NH11KIK","error":"Product.upsert is not a function"}}
{"timestamp":"2026-05-06T16:22:43.028Z","level":"WARN","module":"ExcelService","message":"Error upserting product","data":{"product_id":"B09JPC82QC","error":"Product.upsert is not a function"}}
{"timestamp":"2026-05-06T16:22:43.029Z","level":"WARN","module":"ExcelService","message":"Error upserting product","data":{"product_id":"B07JW1Y6XV","error":"Product.upsert is not a function"}}
{"timestamp":"2026-05-06T16:22:43.030Z","level":"WARN","module":"ExcelService","message":"Error upserting product","data":{"product_id":"B07KRCW6LZ","error":"Product.upsert is not a function"}}
{"timestamp":"2026-05-06T16:22:43.030Z","level":"WARN","module":"ExcelService","message":"Error upserting product","data":{"product_id":"B09NJN8L25","error":"Product.upsert is not a function"}}
{"timestamp":"2026-05-06T16:22:43.031Z","level":"WARN","module":"ExcelService","message":"Error upserting product","data":{"product_id":"B07XJYYH7L","error":"Product.upsert is not a function"}}
{"timestamp":"2026-05-06T16:22:43.032Z","level":"WARN","module":"ExcelService","message":"Error upserting product","data":{"product_id":"B002PD61Y4","error":"Product.upsert is not a function"}}
{"timestamp":"2026-05-06T16:22:43.032Z","level":"WARN","module":"ExcelService","message":"Error upserting product","data":{"product_id":"B014I8SSD0","error":"Product.upsert is not a function"}}
{"timestamp":"2026-05-06T16:22:43.033Z","level":"WARN","module":"ExcelService","message":"Error upserting product","data":{"product_id":"B09L8DSSFH","error":"Product.upsert is not a function"}}
{"timestamp":"2026-05-06T16:22:43.034Z","level":"WARN","module":"ExcelService","message":"Error upserting product","data":{"product_id":"B07232M876","error":"Product.upsert is not a function"}}
{"timestamp":"2026-05-06T16:22:43.035Z","level":"WARN","module":"ExcelService","message":"Error upserting product","data":{"product_id":"B07P681N66","error":"Product.upsert is not a function"}}
{"timestamp":"2026-05-06T16:22:43.035Z","level":"WARN","module":"ExcelService","message":"Error upserting product","data":{"product_id":"B0711PVX6Z","error":"Product.upsert is not a function"}}
{"timestamp":"2026-05-06T16:22:43.036Z","level":"WARN","module":"ExcelService","message":"Error upserting product","data":{"product_id":"B082T6V3DT","error":"Product.upsert is not a function"}}
{"timestamp":"2026-05-06T16:22:43.037Z","level":"WARN","module":"ExcelService","message":"Error upserting product","data":{"product_id":"B07MKFNHKG","error":"Product.upsert is not a function"}}
{"timestamp":"2026-05-06T16:22:43.038Z","level":"WARN","module":"ExcelService","message":"Error upserting product","data":{"product_id":"B0BFWGBX61","error":"Product.upsert is not a function"}}
{"timestamp":"2026-05-06T16:22:43.039Z","level":"WARN","module":"ExcelService","message":"Error upserting product","data":{"product_id":"B01N90RZ4M","error":"Product.upsert is not a function"}}
{"timestamp":"2026-05-06T16:22:43.040Z","level":"WARN","module":"ExcelService","message":"Error upserting product","data":{"product_id":"B0088TKTY2","error":"Product.upsert is not a function"}}
{"timestamp":"2026-05-06T16:22:43.041Z","level":"WARN","module":"ExcelService","message":"Error upserting product","data":{"product_id":"B09Q5SWVBJ","error":"Product.upsert is not a function"}}
{"timestamp":"2026-05-06T16:22:43.042Z","level":"WARN","module":"ExcelService","message":"Error upserting product","data":{"product_id":"B0B4DT8MKT","error":"Product.upsert is not a function"}}
{"timestamp":"2026-05-06T16:22:43.042Z","level":"WARN","module":"ExcelService","message":"Error upserting product","data":{"product_id":"B08CDKQ8T6","error":"Product.upsert is not a function"}}
{"timestamp":"2026-05-06T16:22:43.043Z","level":"WARN","module":"ExcelService","message":"Error upserting product","data":{"product_id":"B07B275VN9","error":"Product.upsert is not a function"}}
{"timestamp":"2026-05-06T16:22:43.045Z","level":"WARN","module":"ExcelService","message":"Error upserting product","data":{"product_id":"B0B15CPR37","error":"Product.upsert is not a function"}}
{"timestamp":"2026-05-06T16:22:43.046Z","level":"WARN","module":"ExcelService","message":"Error upserting product","data":{"product_id":"B0994GFWBH","error":"Product.upsert is not a function"}}
{"timestamp":"2026-05-06T16:22:43.047Z","level":"WARN","module":"ExcelService","message":"Error upserting product","data":{"product_id":"B01GGKZ0V6","error":"Product.upsert is not a function"}}
{"timestamp":"2026-05-06T16:22:43.048Z","level":"WARN","module":"ExcelService","message":"Error upserting product","data":{"product_id":"B09F9YQQ7B","error":"Product.upsert is not a function"}}
{"timestamp":"2026-05-06T16:22:43.048Z","level":"WARN","module":"ExcelService","message":"Error upserting product","data":{"product_id":"B014I8SX4Y","error":"Product.upsert is not a function"}}
{"timestamp":"2026-05-06T16:22:43.049Z","level":"WARN","module":"ExcelService","message":"Error upserting product","data":{"product_id":"B09Q8HMKZX","error":"Product.upsert is not a function"}}
{"timestamp":"2026-05-06T16:22:43.050Z","level":"WARN","module":"ExcelService","message":"Error upserting product","data":{"product_id":"B0B9XN9S3W","error":"Product.upsert is not a function"}}
{"timestamp":"2026-05-06T16:22:43.051Z","level":"WARN","module":"ExcelService","message":"Error upserting product","data":{"product_id":"B07966M8XH","error":"Product.upsert is not a function"}}
{"timestamp":"2026-05-06T16:22:43.051Z","level":"WARN","module":"ExcelService","message":"Error upserting product","data":{"product_id":"B01GGKYKQM","error":"Product.upsert is not a function"}}
{"timestamp":"2026-05-06T16:22:43.052Z","level":"WARN","module":"ExcelService","message":"Error upserting product","data":{"product_id":"B0B86CDHL1","error":"Product.upsert is not a function"}}
{"timestamp":"2026-05-06T16:22:43.053Z","level":"WARN","module":"ExcelService","message":"Error upserting product","data":{"product_id":"B0B5ZF3NRK","error":"Product.upsert is not a function"}}
{"timestamp":"2026-05-06T16:22:43.054Z","level":"WARN","module":"ExcelService","message":"Error upserting product","data":{"product_id":"B09RFC46VP","error":"Product.upsert is not a function"}}
{"timestamp":"2026-05-06T16:22:43.055Z","level":"WARN","module":"ExcelService","message":"Error upserting product","data":{"product_id":"B08R69VDHT","error":"Product.upsert is not a function"}}
{"timestamp":"2026-05-06T16:22:43.056Z","level":"WARN","module":"ExcelService","message":"Error upserting product","data":{"product_id":"B09RWZRCP1","error":"Product.upsert is not a function"}}
{"timestamp":"2026-05-06T16:22:43.057Z","level":"WARN","module":"ExcelService","message":"Error upserting product","data":{"product_id":"B09CMP1SC8","error":"Product.upsert is not a function"}}
{"timestamp":"2026-05-06T16:22:43.058Z","level":"WARN","module":"ExcelService","message":"Error upserting product","data":{"product_id":"B09YLXYP7Y","error":"Product.upsert is not a function"}}
{"timestamp":"2026-05-06T16:22:43.059Z","level":"WARN","module":"ExcelService","message":"Error upserting product","data":{"product_id":"B09ZPM4C2C","error":"Product.upsert is not a function"}}
{"timestamp":"2026-05-06T16:22:43.059Z","level":"WARN","module":"ExcelService","message":"Error upserting product","data":{"product_id":"B0B2DJDCPX","error":"Product.upsert is not a function"}}
{"timestamp":"2026-05-06T16:22:43.060Z","level":"WARN","module":"ExcelService","message":"Error upserting product","data":{"product_id":"B0BCZCQTJX","error":"Product.upsert is not a function"}}
{"timestamp":"2026-05-06T16:22:43.061Z","level":"WARN","module":"ExcelService","message":"Error upserting product","data":{"product_id":"B07LGT55SJ","error":"Product.upsert is not a function"}}
{"timestamp":"2026-05-06T16:22:43.061Z","level":"WARN","module":"ExcelService","message":"Error upserting product","data":{"product_id":"B09NKZXMWJ","error":"Product.upsert is not a function"}}
{"timestamp":"2026-05-06T16:22:43.062Z","level":"WARN","module":"ExcelService","message":"Error upserting product","data":{"product_id":"B08QX1CC14","error":"Product.upsert is not a function"}}
{"timestamp":"2026-05-06T16:22:43.063Z","level":"WARN","module":"ExcelService","message":"Error upserting product","data":{"product_id":"B0974H97TJ","error":"Product.upsert is not a function"}}
{"timestamp":"2026-05-06T16:22:43.064Z","level":"WARN","module":"ExcelService","message":"Error upserting product","data":{"product_id":"B07GVGTSLN","error":"Product.upsert is not a function"}}
{"timestamp":"2026-05-06T16:22:43.065Z","level":"WARN","module":"ExcelService","message":"Error upserting product","data":{"product_id":"B09VCHLSJF","error":"Product.upsert is not a function"}}
{"timestamp":"2026-05-06T16:22:43.065Z","level":"WARN","module":"ExcelService","message":"Error upserting product","data":{"product_id":"B0B1YZX72F","error":"Product.upsert is not a function"}}
{"timestamp":"2026-05-06T16:22:43.066Z","level":"WARN","module":"ExcelService","message":"Error upserting product","data":{"product_id":"B092BJMT8Q","error":"Product.upsert is not a function"}}
{"timestamp":"2026-05-06T16:22:43.067Z","level":"WARN","module":"ExcelService","message":"Error upserting product","data":{"product_id":"B0BMXMLSMM","error":"Product.upsert is not a function"}}
{"timestamp":"2026-05-06T16:22:43.068Z","level":"WARN","module":"ExcelService","message":"Error upserting product","data":{"product_id":"B07JH1C41D","error":"Product.upsert is not a function"}}
{"timestamp":"2026-05-06T16:22:43.068Z","level":"WARN","module":"ExcelService","message":"Error upserting product","data":{"product_id":"B0141EZMAI","error":"Product.upsert is not a function"}}
{"timestamp":"2026-05-06T16:22:43.069Z","level":"WARN","module":"ExcelService","message":"Error upserting product","data":{"product_id":"B09Q5P2MT3","error":"Product.upsert is not a function"}}
{"timestamp":"2026-05-06T16:22:43.071Z","level":"WARN","module":"ExcelService","message":"Error upserting product","data":{"product_id":"B08HDH26JX","error":"Product.upsert is not a function"}}
{"timestamp":"2026-05-06T16:22:43.072Z","level":"WARN","module":"ExcelService","message":"Error upserting product","data":{"product_id":"B09VT6JKRP","error":"Product.upsert is not a function"}}
{"timestamp":"2026-05-06T16:22:43.073Z","level":"WARN","module":"ExcelService","message":"Error upserting product","data":{"product_id":"B09T3KB6JZ","error":"Product.upsert is not a function"}}
{"timestamp":"2026-05-06T16:22:43.073Z","level":"WARN","module":"ExcelService","message":"Error upserting product","data":{"product_id":"B093QCY6YJ","error":"Product.upsert is not a function"}}
{"timestamp":"2026-05-06T16:22:43.074Z","level":"WARN","module":"ExcelService","message":"Error upserting product","data":{"product_id":"B093ZNQZ2Y","error":"Product.upsert is not a function"}}
{"timestamp":"2026-05-06T16:22:43.075Z","level":"WARN","module":"ExcelService","message":"Error upserting product","data":{"product_id":"B08LKS3LSP","error":"Product.upsert is not a function"}}
{"timestamp":"2026-05-06T16:22:43.075Z","level":"WARN","module":"ExcelService","message":"Error upserting product","data":{"product_id":"B00V4BGDKU","error":"Product.upsert is not a function"}}
{"timestamp":"2026-05-06T16:22:43.076Z","level":"WARN","module":"ExcelService","message":"Error upserting product","data":{"product_id":"B08CHKQ8D4","error":"Product.upsert is not a function"}}
{"timestamp":"2026-05-06T16:22:43.077Z","level":"WARN","module":"ExcelService","message":"Error upserting product","data":{"product_id":"B09BW334ML","error":"Product.upsert is not a function"}}
{"timestamp":"2026-05-06T16:22:43.078Z","level":"WARN","module":"ExcelService","message":"Error upserting product","data":{"product_id":"B082T6GVLJ","error":"Product.upsert is not a function"}}
{"timestamp":"2026-05-06T16:22:43.078Z","level":"WARN","module":"ExcelService","message":"Error upserting product","data":{"product_id":"B07DL1KC3H","error":"Product.upsert is not a function"}}
{"timestamp":"2026-05-06T16:22:43.079Z","level":"WARN","module":"ExcelService","message":"Error upserting product","data":{"product_id":"B0B6F98KJJ","error":"Product.upsert is not a function"}}
{"timestamp":"2026-05-06T16:22:43.080Z","level":"WARN","module":"ExcelService","message":"Error upserting product","data":{"product_id":"B07JNVF678","error":"Product.upsert is not a function"}}
{"timestamp":"2026-05-06T16:22:43.081Z","level":"WARN","module":"ExcelService","message":"Error upserting product","data":{"product_id":"B09QGZFBPM","error":"Product.upsert is not a function"}}
{"timestamp":"2026-05-06T16:22:43.082Z","level":"WARN","module":"ExcelService","message":"Error upserting product","data":{"product_id":"B07JGDB5M1","error":"Product.upsert is not a function"}}
{"timestamp":"2026-05-06T16:22:43.083Z","level":"WARN","module":"ExcelService","message":"Error upserting product","data":{"product_id":"B0981XSZJ7","error":"Product.upsert is not a function"}}
{"timestamp":"2026-05-06T16:22:43.084Z","level":"WARN","module":"ExcelService","message":"Error upserting product","data":{"product_id":"B0B9XLX8VR","error":"Product.upsert is not a function"}}
{"timestamp":"2026-05-06T16:22:43.085Z","level":"WARN","module":"ExcelService","message":"Error upserting product","data":{"product_id":"B08Y5KXR6Z","error":"Product.upsert is not a function"}}
{"timestamp":"2026-05-06T16:22:43.086Z","level":"WARN","module":"ExcelService","message":"Error upserting product","data":{"product_id":"B09F6VHQXB","error":"Product.upsert is not a function"}}
{"timestamp":"2026-05-06T16:22:43.088Z","level":"WARN","module":"ExcelService","message":"Error upserting product","data":{"product_id":"B0974G5Q2Y","error":"Product.upsert is not a function"}}
{"timestamp":"2026-05-06T16:22:43.089Z","level":"WARN","module":"ExcelService","message":"Error upserting product","data":{"product_id":"B09YL9SN9B","error":"Product.upsert is not a function"}}
{"timestamp":"2026-05-06T16:22:43.090Z","level":"WARN","module":"ExcelService","message":"Error upserting product","data":{"product_id":"B09RX1FK54","error":"Product.upsert is not a function"}}
{"timestamp":"2026-05-06T16:22:43.091Z","level":"WARN","module":"ExcelService","message":"Error upserting product","data":{"product_id":"B09TT6BFDX","error":"Product.upsert is not a function"}}
{"timestamp":"2026-05-06T16:22:43.091Z","level":"WARN","module":"ExcelService","message":"Error upserting product","data":{"product_id":"B09KH58JZR","error":"Product.upsert is not a function"}}
{"timestamp":"2026-05-06T16:22:43.092Z","level":"WARN","module":"ExcelService","message":"Error upserting product","data":{"product_id":"B09DDCQFMT","error":"Product.upsert is not a function"}}
{"timestamp":"2026-05-06T16:22:43.093Z","level":"WARN","module":"ExcelService","message":"Error upserting product","data":{"product_id":"B08RP2L2NL","error":"Product.upsert is not a function"}}
{"timestamp":"2026-05-06T16:22:43.094Z","level":"WARN","module":"ExcelService","message":"Error upserting product","data":{"product_id":"B0B4G2MWSB","error":"Product.upsert is not a function"}}
{"timestamp":"2026-05-06T16:22:43.095Z","level":"WARN","module":"ExcelService","message":"Error upserting product","data":{"product_id":"B0B21C4BMX","error":"Product.upsert is not a function"}}
{"timestamp":"2026-05-06T16:22:43.096Z","level":"WARN","module":"ExcelService","message":"Error upserting product","data":{"product_id":"B084MZXJNK","error":"Product.upsert is not a function"}}
{"timestamp":"2026-05-06T16:22:43.097Z","level":"WARN","module":"ExcelService","message":"Error upserting product","data":{"product_id":"B0BHZCNC4P","error":"Product.upsert is not a function"}}
{"timestamp":"2026-05-06T16:22:43.098Z","level":"WARN","module":"ExcelService","message":"Error upserting product","data":{"product_id":"B0B16KD737","error":"Product.upsert is not a function"}}
{"timestamp":"2026-05-06T16:22:43.098Z","level":"WARN","module":"ExcelService","message":"Error upserting product","data":{"product_id":"B099K9ZX65","error":"Product.upsert is not a function"}}
{"timestamp":"2026-05-06T16:22:43.099Z","level":"WARN","module":"ExcelService","message":"Error upserting product","data":{"product_id":"B08Y55LPBF","error":"Product.upsert is not a function"}}
{"timestamp":"2026-05-06T16:22:43.100Z","level":"WARN","module":"ExcelService","message":"Error upserting product","data":{"product_id":"B015OW3M1W","error":"Product.upsert is not a function"}}
{"timestamp":"2026-05-06T16:22:43.100Z","level":"WARN","module":"ExcelService","message":"Error upserting product","data":{"product_id":"B01D5H8ZI8","error":"Product.upsert is not a function"}}
{"timestamp":"2026-05-06T16:22:43.101Z","level":"WARN","module":"ExcelService","message":"Error upserting product","data":{"product_id":"B09X1M3DHX","error":"Product.upsert is not a function"}}
{"timestamp":"2026-05-06T16:22:43.102Z","level":"WARN","module":"ExcelService","message":"Error upserting product","data":{"product_id":"B09MM6P76N","error":"Product.upsert is not a function"}}
{"timestamp":"2026-05-06T16:22:43.103Z","level":"WARN","module":"ExcelService","message":"Error upserting product","data":{"product_id":"B01D5H8LDM","error":"Product.upsert is not a function"}}
{"timestamp":"2026-05-06T16:22:43.105Z","level":"WARN","module":"ExcelService","message":"Error upserting product","data":{"product_id":"B0B1YY6JJL","error":"Product.upsert is not a function"}}
{"timestamp":"2026-05-06T16:22:43.106Z","level":"WARN","module":"ExcelService","message":"Error upserting product","data":{"product_id":"B09QGZM8QB","error":"Product.upsert is not a function"}}
{"timestamp":"2026-05-06T16:22:43.106Z","level":"WARN","module":"ExcelService","message":"Error upserting product","data":{"product_id":"B08L4SBJRY","error":"Product.upsert is not a function"}}
{"timestamp":"2026-05-06T16:22:43.107Z","level":"WARN","module":"ExcelService","message":"Error upserting product","data":{"product_id":"B09X79PP8F","error":"Product.upsert is not a function"}}
{"timestamp":"2026-05-06T16:22:43.108Z","level":"WARN","module":"ExcelService","message":"Error upserting product","data":{"product_id":"B082T6GVG9","error":"Product.upsert is not a function"}}
{"timestamp":"2026-05-06T16:22:43.108Z","level":"WARN","module":"ExcelService","message":"Error upserting product","data":{"product_id":"B0B3XY5YT4","error":"Product.upsert is not a function"}}
{"timestamp":"2026-05-06T16:22:43.109Z","level":"WARN","module":"ExcelService","message":"Error upserting product","data":{"product_id":"B0B4HKH19N","error":"Product.upsert is not a function"}}
{"timestamp":"2026-05-06T16:22:43.109Z","level":"WARN","module":"ExcelService","message":"Error upserting product","data":{"product_id":"B08TGG316Z","error":"Product.upsert is not a function"}}
{"timestamp":"2026-05-06T16:22:43.110Z","level":"WARN","module":"ExcelService","message":"Error upserting product","data":{"product_id":"B071VMP1Z4","error":"Product.upsert is not a function"}}
{"timestamp":"2026-05-06T16:22:43.111Z","level":"WARN","module":"ExcelService","message":"Error upserting product","data":{"product_id":"B071SDRGWL","error":"Product.upsert is not a function"}}
{"timestamp":"2026-05-06T16:22:43.112Z","level":"WARN","module":"ExcelService","message":"Error upserting product","data":{"product_id":"B08PSQRW2T","error":"Product.upsert is not a function"}}
{"timestamp":"2026-05-06T16:22:43.113Z","level":"WARN","module":"ExcelService","message":"Error upserting product","data":{"product_id":"B0859M539M","error":"Product.upsert is not a function"}}
{"timestamp":"2026-05-06T16:22:43.114Z","level":"WARN","module":"ExcelService","message":"Error upserting product","data":{"product_id":"B08RX8G496","error":"Product.upsert is not a function"}}
{"timestamp":"2026-05-06T16:22:43.115Z","level":"WARN","module":"ExcelService","message":"Error upserting product","data":{"product_id":"B002SZEOLG","error":"Product.upsert is not a function"}}
{"timestamp":"2026-05-06T16:22:43.116Z","level":"WARN","module":"ExcelService","message":"Error upserting product","data":{"product_id":"B08CS3BT4L","error":"Product.upsert is not a function"}}
{"timestamp":"2026-05-06T16:22:43.117Z","level":"WARN","module":"ExcelService","message":"Error upserting product","data":{"product_id":"B00RFWNJMC","error":"Product.upsert is not a function"}}
{"timestamp":"2026-05-06T16:22:43.118Z","level":"WARN","module":"ExcelService","message":"Error upserting product","data":{"product_id":"B082T6GXS5","error":"Product.upsert is not a function"}}
{"timestamp":"2026-05-06T16:22:43.119Z","level":"WARN","module":"ExcelService","message":"Error upserting product","data":{"product_id":"B09CMQRQM6","error":"Product.upsert is not a function"}}
{"timestamp":"2026-05-06T16:22:43.120Z","level":"WARN","module":"ExcelService","message":"Error upserting product","data":{"product_id":"B005LJQMCK","error":"Product.upsert is not a function"}}
{"timestamp":"2026-05-06T16:22:43.121Z","level":"WARN","module":"ExcelService","message":"Error upserting product","data":{"product_id":"B09C6H53KH","error":"Product.upsert is not a function"}}
{"timestamp":"2026-05-06T16:22:43.122Z","level":"WARN","module":"ExcelService","message":"Error upserting product","data":{"product_id":"B0BB3CBFBM","error":"Product.upsert is not a function"}}
{"timestamp":"2026-05-06T16:22:43.123Z","level":"WARN","module":"ExcelService","message":"Error upserting product","data":{"product_id":"B08QSDKFGQ","error":"Product.upsert is not a function"}}
{"timestamp":"2026-05-06T16:22:43.123Z","level":"WARN","module":"ExcelService","message":"Error upserting product","data":{"product_id":"B08PV1X771","error":"Product.upsert is not a function"}}
{"timestamp":"2026-05-06T16:22:43.124Z","level":"WARN","module":"ExcelService","message":"Error upserting product","data":{"product_id":"B07YTNKVJQ","error":"Product.upsert is not a function"}}
{"timestamp":"2026-05-06T16:22:43.125Z","level":"WARN","module":"ExcelService","message":"Error upserting product","data":{"product_id":"B0117H7GZ6","error":"Product.upsert is not a function"}}
{"timestamp":"2026-05-06T16:22:43.126Z","level":"WARN","module":"ExcelService","message":"Error upserting product","data":{"product_id":"B09XJ1LM7R","error":"Product.upsert is not a function"}}
{"timestamp":"2026-05-06T16:22:43.126Z","level":"WARN","module":"ExcelService","message":"Error upserting product","data":{"product_id":"B084N133Y7","error":"Product.upsert is not a function"}}
{"timestamp":"2026-05-06T16:22:43.127Z","level":"WARN","module":"ExcelService","message":"Error upserting product","data":{"product_id":"B088Z1YWBC","error":"Product.upsert is not a function"}}
{"timestamp":"2026-05-06T16:22:43.128Z","level":"WARN","module":"ExcelService","message":"Error upserting product","data":{"product_id":"B07VSG5SXZ","error":"Product.upsert is not a function"}}
{"timestamp":"2026-05-06T16:22:43.128Z","level":"WARN","module":"ExcelService","message":"Error upserting product","data":{"product_id":"B08RWCZ6SY","error":"Product.upsert is not a function"}}
{"timestamp":"2026-05-06T16:22:43.129Z","level":"WARN","module":"ExcelService","message":"Error upserting product","data":{"product_id":"B07KSB1MLX","error":"Product.upsert is not a function"}}
{"timestamp":"2026-05-06T16:22:43.130Z","level":"WARN","module":"ExcelService","message":"Error upserting product","data":{"product_id":"B081FG1QYX","error":"Product.upsert is not a function"}}
{"timestamp":"2026-05-06T16:22:43.131Z","level":"WARN","module":"ExcelService","message":"Error upserting product","data":{"product_id":"B08R69WBN7","error":"Product.upsert is not a function"}}
{"timestamp":"2026-05-06T16:22:43.132Z","level":"WARN","module":"ExcelService","message":"Error upserting product","data":{"product_id":"B0B3RHX6B6","error":"Product.upsert is not a function"}}
{"timestamp":"2026-05-06T16:22:43.133Z","level":"WARN","module":"ExcelService","message":"Error upserting product","data":{"product_id":"B084N18QZY","error":"Product.upsert is not a function"}}
{"timestamp":"2026-05-06T16:22:43.134Z","level":"WARN","module":"ExcelService","message":"Error upserting product","data":{"product_id":"B081NHWT6Z","error":"Product.upsert is not a function"}}
{"timestamp":"2026-05-06T16:22:43.135Z","level":"WARN","module":"ExcelService","message":"Error upserting product","data":{"product_id":"B07JPJJZ2H","error":"Product.upsert is not a function"}}
{"timestamp":"2026-05-06T16:22:43.135Z","level":"WARN","module":"ExcelService","message":"Error upserting product","data":{"product_id":"B09JKNF147","error":"Product.upsert is not a function"}}
{"timestamp":"2026-05-06T16:22:43.136Z","level":"WARN","module":"ExcelService","message":"Error upserting product","data":{"product_id":"B0B9959XF3","error":"Product.upsert is not a function"}}
{"timestamp":"2026-05-06T16:22:43.138Z","level":"WARN","module":"ExcelService","message":"Error upserting product","data":{"product_id":"B09PNR6F8Q","error":"Product.upsert is not a function"}}
{"timestamp":"2026-05-06T16:22:43.139Z","level":"WARN","module":"ExcelService","message":"Error upserting product","data":{"product_id":"B07M69276N","error":"Product.upsert is not a function"}}
{"timestamp":"2026-05-06T16:22:43.139Z","level":"WARN","module":"ExcelService","message":"Error upserting product","data":{"product_id":"B0B1YZ9CB8","error":"Product.upsert is not a function"}}
{"timestamp":"2026-05-06T16:22:43.140Z","level":"WARN","module":"ExcelService","message":"Error upserting product","data":{"product_id":"B09YLYB9PB","error":"Product.upsert is not a function"}}
{"timestamp":"2026-05-06T16:22:43.140Z","level":"WARN","module":"ExcelService","message":"Error upserting product","data":{"product_id":"B08CTNJ985","error":"Product.upsert is not a function"}}
{"timestamp":"2026-05-06T16:22:43.141Z","level":"WARN","module":"ExcelService","message":"Error upserting product","data":{"product_id":"B0BP7XLX48","error":"Product.upsert is not a function"}}
{"timestamp":"2026-05-06T16:22:43.141Z","level":"WARN","module":"ExcelService","message":"Error upserting product","data":{"product_id":"B09LHXNZLR","error":"Product.upsert is not a function"}}
{"timestamp":"2026-05-06T16:22:43.142Z","level":"WARN","module":"ExcelService","message":"Error upserting product","data":{"product_id":"B0B3N8VG24","error":"Product.upsert is not a function"}}
{"timestamp":"2026-05-06T16:22:43.142Z","level":"WARN","module":"ExcelService","message":"Error upserting product","data":{"product_id":"B08PSVBB2X","error":"Product.upsert is not a function"}}
{"timestamp":"2026-05-06T16:22:43.143Z","level":"WARN","module":"ExcelService","message":"Error upserting product","data":{"product_id":"B0B3MQXNFB","error":"Product.upsert is not a function"}}
{"timestamp":"2026-05-06T16:22:43.144Z","level":"WARN","module":"ExcelService","message":"Error upserting product","data":{"product_id":"B08XMSKKMM","error":"Product.upsert is not a function"}}
{"timestamp":"2026-05-06T16:22:43.145Z","level":"WARN","module":"ExcelService","message":"Error upserting product","data":{"product_id":"B09L8DT7D6","error":"Product.upsert is not a function"}}
{"timestamp":"2026-05-06T16:22:43.146Z","level":"WARN","module":"ExcelService","message":"Error upserting product","data":{"product_id":"B00GE55L22","error":"Product.upsert is not a function"}}
{"timestamp":"2026-05-06T16:22:43.147Z","level":"WARN","module":"ExcelService","message":"Error upserting product","data":{"product_id":"B0162K34H2","error":"Product.upsert is not a function"}}
{"timestamp":"2026-05-06T16:22:43.148Z","level":"WARN","module":"ExcelService","message":"Error upserting product","data":{"product_id":"B0B8SRZ5SV","error":"Product.upsert is not a function"}}
{"timestamp":"2026-05-06T16:22:43.149Z","level":"WARN","module":"ExcelService","message":"Error upserting product","data":{"product_id":"B07CWNJLPC","error":"Product.upsert is not a function"}}
{"timestamp":"2026-05-06T16:22:43.149Z","level":"WARN","module":"ExcelService","message":"Error upserting product","data":{"product_id":"B00NH12R1O","error":"Product.upsert is not a function"}}
{"timestamp":"2026-05-06T16:22:43.150Z","level":"WARN","module":"ExcelService","message":"Error upserting product","data":{"product_id":"B0B8SSC5D9","error":"Product.upsert is not a function"}}
{"timestamp":"2026-05-06T16:22:43.151Z","level":"WARN","module":"ExcelService","message":"Error upserting product","data":{"product_id":"B08WKG2MWT","error":"Product.upsert is not a function"}}
{"timestamp":"2026-05-06T16:22:43.153Z","level":"WARN","module":"ExcelService","message":"Error upserting product","data":{"product_id":"B0B466C3G4","error":"Product.upsert is not a function"}}
{"timestamp":"2026-05-06T16:22:43.155Z","level":"WARN","module":"ExcelService","message":"Error upserting product","data":{"product_id":"B005LJQMZC","error":"Product.upsert is not a function"}}
{"timestamp":"2026-05-06T16:22:43.156Z","level":"WARN","module":"ExcelService","message":"Error upserting product","data":{"product_id":"B07MDRGHWQ","error":"Product.upsert is not a function"}}
{"timestamp":"2026-05-06T16:22:43.156Z","level":"WARN","module":"ExcelService","message":"Error upserting product","data":{"product_id":"B07DC4RZPY","error":"Product.upsert is not a function"}}
{"timestamp":"2026-05-06T16:22:43.157Z","level":"WARN","module":"ExcelService","message":"Error upserting product","data":{"product_id":"B0B15GSPQW","error":"Product.upsert is not a function"}}
{"timestamp":"2026-05-06T16:22:43.158Z","level":"WARN","module":"ExcelService","message":"Error upserting product","data":{"product_id":"B08GJNM9N7","error":"Product.upsert is not a function"}}
{"timestamp":"2026-05-06T16:22:43.159Z","level":"WARN","module":"ExcelService","message":"Error upserting product","data":{"product_id":"B09C6FML9B","error":"Product.upsert is not a function"}}
{"timestamp":"2026-05-06T16:22:43.159Z","level":"WARN","module":"ExcelService","message":"Error upserting product","data":{"product_id":"B0B65MJ45G","error":"Product.upsert is not a function"}}
{"timestamp":"2026-05-06T16:22:43.160Z","level":"WARN","module":"ExcelService","message":"Error upserting product","data":{"product_id":"B08P9RYPLR","error":"Product.upsert is not a function"}}
{"timestamp":"2026-05-06T16:22:43.160Z","level":"WARN","module":"ExcelService","message":"Error upserting product","data":{"product_id":"B0B6F8HHR6","error":"Product.upsert is not a function"}}
{"timestamp":"2026-05-06T16:22:43.161Z","level":"WARN","module":"ExcelService","message":"Error upserting product","data":{"product_id":"B084MZXJN6","error":"Product.upsert is not a function"}}
{"timestamp":"2026-05-06T16:22:43.162Z","level":"WARN","module":"ExcelService","message":"Error upserting product","data":{"product_id":"B08XMG618K","error":"Product.upsert is not a function"}}
{"timestamp":"2026-05-06T16:22:43.163Z","level":"WARN","module":"ExcelService","message":"Error upserting product","data":{"product_id":"B0BCKWZ884","error":"Product.upsert is not a function"}}
{"timestamp":"2026-05-06T16:22:43.164Z","level":"WARN","module":"ExcelService","message":"Error upserting product","data":{"product_id":"B00GGGOYEK","error":"Product.upsert is not a function"}}
{"timestamp":"2026-05-06T16:22:43.165Z","level":"WARN","module":"ExcelService","message":"Error upserting product","data":{"product_id":"B07ZR4S1G4","error":"Product.upsert is not a function"}}
{"timestamp":"2026-05-06T16:22:43.165Z","level":"WARN","module":"ExcelService","message":"Error upserting product","data":{"product_id":"B09C635BMM","error":"Product.upsert is not a function"}}
{"timestamp":"2026-05-06T16:22:43.166Z","level":"WARN","module":"ExcelService","message":"Error upserting product","data":{"product_id":"B00GG59HU2","error":"Product.upsert is not a function"}}
{"timestamp":"2026-05-06T16:22:43.167Z","level":"WARN","module":"ExcelService","message":"Error upserting product","data":{"product_id":"B00RGLI0ZS","error":"Product.upsert is not a function"}}
{"timestamp":"2026-05-06T16:22:43.167Z","level":"WARN","module":"ExcelService","message":"Error upserting product","data":{"product_id":"B09ZPJT8B2","error":"Product.upsert is not a function"}}
{"timestamp":"2026-05-06T16:22:43.168Z","level":"WARN","module":"ExcelService","message":"Error upserting product","data":{"product_id":"B07HZ2QCGR","error":"Product.upsert is not a function"}}
{"timestamp":"2026-05-06T16:22:43.169Z","level":"WARN","module":"ExcelService","message":"Error upserting product","data":{"product_id":"B095244Q22","error":"Product.upsert is not a function"}}
{"timestamp":"2026-05-06T16:22:43.170Z","level":"WARN","module":"ExcelService","message":"Error upserting product","data":{"product_id":"B08CKW1KH9","error":"Product.upsert is not a function"}}
{"timestamp":"2026-05-06T16:22:43.171Z","level":"WARN","module":"ExcelService","message":"Error upserting product","data":{"product_id":"B0BLV1GNLN","error":"Product.upsert is not a function"}}
{"timestamp":"2026-05-06T16:22:43.172Z","level":"WARN","module":"ExcelService","message":"Error upserting product","data":{"product_id":"B08RHPDNVV","error":"Product.upsert is not a function"}}
{"timestamp":"2026-05-06T16:22:43.173Z","level":"WARN","module":"ExcelService","message":"Error upserting product","data":{"product_id":"B00NH13Q8W","error":"Product.upsert is not a function"}}
{"timestamp":"2026-05-06T16:22:43.174Z","level":"WARN","module":"ExcelService","message":"Error upserting product","data":{"product_id":"B0B8SSZ76F","error":"Product.upsert is not a function"}}
{"timestamp":"2026-05-06T16:22:43.175Z","level":"WARN","module":"ExcelService","message":"Error upserting product","data":{"product_id":"B0841KQR1Z","error":"Product.upsert is not a function"}}
{"timestamp":"2026-05-06T16:22:43.175Z","level":"WARN","module":"ExcelService","message":"Error upserting product","data":{"product_id":"B0B467CCB9","error":"Product.upsert is not a function"}}
{"timestamp":"2026-05-06T16:22:43.176Z","level":"WARN","module":"ExcelService","message":"Error upserting product","data":{"product_id":"B095JQVC7N","error":"Product.upsert is not a function"}}
{"timestamp":"2026-05-06T16:22:43.177Z","level":"WARN","module":"ExcelService","message":"Error upserting product","data":{"product_id":"B08PPHFXG3","error":"Product.upsert is not a function"}}
{"timestamp":"2026-05-06T16:22:43.178Z","level":"WARN","module":"ExcelService","message":"Error upserting product","data":{"product_id":"B06XR9PR5X","error":"Product.upsert is not a function"}}
{"timestamp":"2026-05-06T16:22:43.179Z","level":"WARN","module":"ExcelService","message":"Error upserting product","data":{"product_id":"B09JSW16QD","error":"Product.upsert is not a function"}}
{"timestamp":"2026-05-06T16:22:43.180Z","level":"WARN","module":"ExcelService","message":"Error upserting product","data":{"product_id":"B07JH1CBGW","error":"Product.upsert is not a function"}}
{"timestamp":"2026-05-06T16:22:43.181Z","level":"WARN","module":"ExcelService","message":"Error upserting product","data":{"product_id":"B09127FZCK","error":"Product.upsert is not a function"}}
{"timestamp":"2026-05-06T16:22:43.183Z","level":"WARN","module":"ExcelService","message":"Error upserting product","data":{"product_id":"B083GQGT3Z","error":"Product.upsert is not a function"}}
{"timestamp":"2026-05-06T16:22:43.183Z","level":"WARN","module":"ExcelService","message":"Error upserting product","data":{"product_id":"B09Q8WQ5QJ","error":"Product.upsert is not a function"}}
{"timestamp":"2026-05-06T16:22:43.184Z","level":"WARN","module":"ExcelService","message":"Error upserting product","data":{"product_id":"B07YZG8PPY","error":"Product.upsert is not a function"}}
{"timestamp":"2026-05-06T16:22:43.184Z","level":"WARN","module":"ExcelService","message":"Error upserting product","data":{"product_id":"B09H39KTTB","error":"Product.upsert is not a function"}}
{"timestamp":"2026-05-06T16:22:43.185Z","level":"WARN","module":"ExcelService","message":"Error upserting product","data":{"product_id":"B08DCVRW98","error":"Product.upsert is not a function"}}
{"timestamp":"2026-05-06T16:22:43.186Z","level":"WARN","module":"ExcelService","message":"Error upserting product","data":{"product_id":"B0718ZN31Q","error":"Product.upsert is not a function"}}
{"timestamp":"2026-05-06T16:22:43.188Z","level":"WARN","module":"ExcelService","message":"Error upserting product","data":{"product_id":"B0162LYSFS","error":"Product.upsert is not a function"}}
{"timestamp":"2026-05-06T16:22:43.188Z","level":"WARN","module":"ExcelService","message":"Error upserting product","data":{"product_id":"B07PFJ5VQD","error":"Product.upsert is not a function"}}
{"timestamp":"2026-05-06T16:22:43.189Z","level":"WARN","module":"ExcelService","message":"Error upserting product","data":{"product_id":"B01J8S6X2I","error":"Product.upsert is not a function"}}
{"timestamp":"2026-05-06T16:22:43.189Z","level":"WARN","module":"ExcelService","message":"Error upserting product","data":{"product_id":"B09MJ77786","error":"Product.upsert is not a function"}}
{"timestamp":"2026-05-06T16:22:43.190Z","level":"WARN","module":"ExcelService","message":"Error upserting product","data":{"product_id":"B09NNGHG22","error":"Product.upsert is not a function"}}
{"timestamp":"2026-05-06T16:22:43.191Z","level":"WARN","module":"ExcelService","message":"Error upserting product","data":{"product_id":"B07V5YF4ND","error":"Product.upsert is not a function"}}
{"timestamp":"2026-05-06T16:22:43.192Z","level":"WARN","module":"ExcelService","message":"Error upserting product","data":{"product_id":"B0B65P827P","error":"Product.upsert is not a function"}}
{"timestamp":"2026-05-06T16:22:43.193Z","level":"WARN","module":"ExcelService","message":"Error upserting product","data":{"product_id":"B084MZYBTV","error":"Product.upsert is not a function"}}
{"timestamp":"2026-05-06T16:22:43.193Z","level":"WARN","module":"ExcelService","message":"Error upserting product","data":{"product_id":"B097ZQTDVZ","error":"Product.upsert is not a function"}}
{"timestamp":"2026-05-06T16:22:43.194Z","level":"WARN","module":"ExcelService","message":"Error upserting product","data":{"product_id":"B0B5F3YZY4","error":"Product.upsert is not a function"}}
{"timestamp":"2026-05-06T16:22:43.195Z","level":"WARN","module":"ExcelService","message":"Error upserting product","data":{"product_id":"B09G5TSGXV","error":"Product.upsert is not a function"}}
{"timestamp":"2026-05-06T16:22:43.196Z","level":"WARN","module":"ExcelService","message":"Error upserting product","data":{"product_id":"B006LW0WDQ","error":"Product.upsert is not a function"}}
{"timestamp":"2026-05-06T16:22:43.196Z","level":"WARN","module":"ExcelService","message":"Error upserting product","data":{"product_id":"B09YLX91QR","error":"Product.upsert is not a function"}}
{"timestamp":"2026-05-06T16:22:43.197Z","level":"WARN","module":"ExcelService","message":"Error upserting product","data":{"product_id":"B081FJWN52","error":"Product.upsert is not a function"}}
{"timestamp":"2026-05-06T16:22:43.198Z","level":"WARN","module":"ExcelService","message":"Error upserting product","data":{"product_id":"B0758F7KK7","error":"Product.upsert is not a function"}}
{"timestamp":"2026-05-06T16:22:43.199Z","level":"WARN","module":"ExcelService","message":"Error upserting product","data":{"product_id":"B09L835C3V","error":"Product.upsert is not a function"}}
{"timestamp":"2026-05-06T16:22:43.200Z","level":"WARN","module":"ExcelService","message":"Error upserting product","data":{"product_id":"B098TV3L96","error":"Product.upsert is not a function"}}
{"timestamp":"2026-05-06T16:22:43.201Z","level":"WARN","module":"ExcelService","message":"Error upserting product","data":{"product_id":"B08NCKT9FG","error":"Product.upsert is not a function"}}
{"timestamp":"2026-05-06T16:22:43.201Z","level":"WARN","module":"ExcelService","message":"Error upserting product","data":{"product_id":"B0B4T6MR8N","error":"Product.upsert is not a function"}}
{"timestamp":"2026-05-06T16:22:43.202Z","level":"WARN","module":"ExcelService","message":"Error upserting product","data":{"product_id":"B01GGKZ4NU","error":"Product.upsert is not a function"}}
{"timestamp":"2026-05-06T16:22:43.203Z","level":"WARN","module":"ExcelService","message":"Error upserting product","data":{"product_id":"B09BW2GP18","error":"Product.upsert is not a function"}}
{"timestamp":"2026-05-06T16:22:43.204Z","level":"WARN","module":"ExcelService","message":"Error upserting product","data":{"product_id":"B09WN3SRC7","error":"Product.upsert is not a function"}}
{"timestamp":"2026-05-06T16:22:43.205Z","level":"WARN","module":"ExcelService","message":"Error upserting product","data":{"product_id":"B09B125CFJ","error":"Product.upsert is not a function"}}
{"timestamp":"2026-05-06T16:22:43.206Z","level":"WARN","module":"ExcelService","message":"Error upserting product","data":{"product_id":"B09RQRZW2X","error":"Product.upsert is not a function"}}
{"timestamp":"2026-05-06T16:22:43.207Z","level":"WARN","module":"ExcelService","message":"Error upserting product","data":{"product_id":"B07924P3C5","error":"Product.upsert is not a function"}}
{"timestamp":"2026-05-06T16:22:43.207Z","level":"WARN","module":"ExcelService","message":"Error upserting product","data":{"product_id":"B08N1WL9XW","error":"Product.upsert is not a function"}}
{"timestamp":"2026-05-06T16:22:43.208Z","level":"WARN","module":"ExcelService","message":"Error upserting product","data":{"product_id":"B07VVXJ2P5","error":"Product.upsert is not a function"}}
{"timestamp":"2026-05-06T16:22:43.208Z","level":"WARN","module":"ExcelService","message":"Error upserting product","data":{"product_id":"B0BC8BQ432","error":"Product.upsert is not a function"}}
{"timestamp":"2026-05-06T16:22:43.209Z","level":"WARN","module":"ExcelService","message":"Error upserting product","data":{"product_id":"B06XFTHCNY","error":"Product.upsert is not a function"}}
{"timestamp":"2026-05-06T16:22:43.210Z","level":"WARN","module":"ExcelService","message":"Error upserting product","data":{"product_id":"B08CT62BM1","error":"Product.upsert is not a function"}}
{"timestamp":"2026-05-06T16:22:43.211Z","level":"WARN","module":"ExcelService","message":"Error upserting product","data":{"product_id":"B07CRL2GY6","error":"Product.upsert is not a function"}}
{"timestamp":"2026-05-06T16:22:43.211Z","level":"WARN","module":"ExcelService","message":"Error upserting product","data":{"product_id":"B07DWFX9YS","error":"Product.upsert is not a function"}}
{"timestamp":"2026-05-06T16:22:43.212Z","level":"WARN","module":"ExcelService","message":"Error upserting product","data":{"product_id":"B01D5H90L4","error":"Product.upsert is not a function"}}
{"timestamp":"2026-05-06T16:22:43.213Z","level":"WARN","module":"ExcelService","message":"Error upserting product","data":{"product_id":"B07F1P8KNV","error":"Product.upsert is not a function"}}
{"timestamp":"2026-05-06T16:22:43.214Z","level":"WARN","module":"ExcelService","message":"Error upserting product","data":{"product_id":"B084N1BM9L","error":"Product.upsert is not a function"}}
{"timestamp":"2026-05-06T16:22:43.215Z","level":"WARN","module":"ExcelService","message":"Error upserting product","data":{"product_id":"B09F6D21BY","error":"Product.upsert is not a function"}}
{"timestamp":"2026-05-06T16:22:43.215Z","level":"WARN","module":"ExcelService","message":"Error upserting product","data":{"product_id":"B09LQQYNZQ","error":"Product.upsert is not a function"}}
{"timestamp":"2026-05-06T16:22:43.216Z","level":"WARN","module":"ExcelService","message":"Error upserting product","data":{"product_id":"B0BC9BW512","error":"Product.upsert is not a function"}}
{"timestamp":"2026-05-06T16:22:43.216Z","level":"WARN","module":"ExcelService","message":"Error upserting product","data":{"product_id":"B0B61HYR92","error":"Product.upsert is not a function"}}
{"timestamp":"2026-05-06T16:22:43.217Z","level":"WARN","module":"ExcelService","message":"Error upserting product","data":{"product_id":"B075ZTJ9XR","error":"Product.upsert is not a function"}}
{"timestamp":"2026-05-06T16:22:43.218Z","level":"WARN","module":"ExcelService","message":"Error upserting product","data":{"product_id":"B0978V2CP6","error":"Product.upsert is not a function"}}
{"timestamp":"2026-05-06T16:22:43.219Z","level":"WARN","module":"ExcelService","message":"Error upserting product","data":{"product_id":"B09LRZYBH1","error":"Product.upsert is not a function"}}
{"timestamp":"2026-05-06T16:22:43.220Z","level":"WARN","module":"ExcelService","message":"Error upserting product","data":{"product_id":"B0B997FBZT","error":"Product.upsert is not a function"}}
{"timestamp":"2026-05-06T16:22:43.221Z","level":"WARN","module":"ExcelService","message":"Error upserting product","data":{"product_id":"B098LCVYPW","error":"Product.upsert is not a function"}}
{"timestamp":"2026-05-06T16:22:43.222Z","level":"WARN","module":"ExcelService","message":"Error upserting product","data":{"product_id":"B09HV71RL1","error":"Product.upsert is not a function"}}
{"timestamp":"2026-05-06T16:22:43.223Z","level":"WARN","module":"ExcelService","message":"Error upserting product","data":{"product_id":"B08PZ6HZLT","error":"Product.upsert is not a function"}}
{"timestamp":"2026-05-06T16:22:43.224Z","level":"WARN","module":"ExcelService","message":"Error upserting product","data":{"product_id":"B075TJHWVC","error":"Product.upsert is not a function"}}
{"timestamp":"2026-05-06T16:22:43.224Z","level":"WARN","module":"ExcelService","message":"Error upserting product","data":{"product_id":"B09LV13JFB","error":"Product.upsert is not a function"}}
{"timestamp":"2026-05-06T16:22:43.225Z","level":"WARN","module":"ExcelService","message":"Error upserting product","data":{"product_id":"B092BL5DCX","error":"Product.upsert is not a function"}}
{"timestamp":"2026-05-06T16:22:43.226Z","level":"WARN","module":"ExcelService","message":"Error upserting product","data":{"product_id":"B09VH568H7","error":"Product.upsert is not a function"}}
{"timestamp":"2026-05-06T16:22:43.227Z","level":"WARN","module":"ExcelService","message":"Error upserting product","data":{"product_id":"B09HQSV46W","error":"Product.upsert is not a function"}}
{"timestamp":"2026-05-06T16:22:43.228Z","level":"WARN","module":"ExcelService","message":"Error upserting product","data":{"product_id":"B08TZD7FQN","error":"Product.upsert is not a function"}}
{"timestamp":"2026-05-06T16:22:43.228Z","level":"WARN","module":"ExcelService","message":"Error upserting product","data":{"product_id":"B0B21XL94T","error":"Product.upsert is not a function"}}
{"timestamp":"2026-05-06T16:22:43.229Z","level":"WARN","module":"ExcelService","message":"Error upserting product","data":{"product_id":"B09PTT8DZF","error":"Product.upsert is not a function"}}
{"timestamp":"2026-05-06T16:22:43.230Z","level":"WARN","module":"ExcelService","message":"Error upserting product","data":{"product_id":"B0B94JPY2N","error":"Product.upsert is not a function"}}
{"timestamp":"2026-05-06T16:22:43.231Z","level":"WARN","module":"ExcelService","message":"Error upserting product","data":{"product_id":"B0B3XXSB1K","error":"Product.upsert is not a function"}}
{"timestamp":"2026-05-06T16:22:43.231Z","level":"WARN","module":"ExcelService","message":"Error upserting product","data":{"product_id":"B08RZ12GKR","error":"Product.upsert is not a function"}}
{"timestamp":"2026-05-06T16:22:43.232Z","level":"WARN","module":"ExcelService","message":"Error upserting product","data":{"product_id":"B0B4T8RSJ1","error":"Product.upsert is not a function"}}
{"timestamp":"2026-05-06T16:22:43.233Z","level":"WARN","module":"ExcelService","message":"Error upserting product","data":{"product_id":"B0B7B9V9QP","error":"Product.upsert is not a function"}}
{"timestamp":"2026-05-06T16:22:43.234Z","level":"WARN","module":"ExcelService","message":"Error upserting product","data":{"product_id":"B08XXVXP3J","error":"Product.upsert is not a function"}}
{"timestamp":"2026-05-06T16:22:43.235Z","level":"WARN","module":"ExcelService","message":"Error upserting product","data":{"product_id":"B06XGWRKYT","error":"Product.upsert is not a function"}}
{"timestamp":"2026-05-06T16:22:43.236Z","level":"WARN","module":"ExcelService","message":"Error upserting product","data":{"product_id":"B07CWDX49D","error":"Product.upsert is not a function"}}
{"timestamp":"2026-05-06T16:22:43.237Z","level":"WARN","module":"ExcelService","message":"Error upserting product","data":{"product_id":"B09TY4MSH3","error":"Product.upsert is not a function"}}
{"timestamp":"2026-05-06T16:22:43.238Z","level":"WARN","module":"ExcelService","message":"Error upserting product","data":{"product_id":"B07RY2X9MP","error":"Product.upsert is not a function"}}
{"timestamp":"2026-05-06T16:22:43.239Z","level":"WARN","module":"ExcelService","message":"Error upserting product","data":{"product_id":"B0B2C5MJN6","error":"Product.upsert is not a function"}}
{"timestamp":"2026-05-06T16:22:43.241Z","level":"WARN","module":"ExcelService","message":"Error upserting product","data":{"product_id":"B0BBMGLQDW","error":"Product.upsert is not a function"}}
{"timestamp":"2026-05-06T16:22:43.242Z","level":"WARN","module":"ExcelService","message":"Error upserting product","data":{"product_id":"B01LONQBDG","error":"Product.upsert is not a function"}}
{"timestamp":"2026-05-06T16:22:43.243Z","level":"WARN","module":"ExcelService","message":"Error upserting product","data":{"product_id":"B08XXF5V6G","error":"Product.upsert is not a function"}}
{"timestamp":"2026-05-06T16:22:43.243Z","level":"WARN","module":"ExcelService","message":"Error upserting product","data":{"product_id":"B09HK9JH4F","error":"Product.upsert is not a function"}}
{"timestamp":"2026-05-06T16:22:43.244Z","level":"WARN","module":"ExcelService","message":"Error upserting product","data":{"product_id":"B09MMD1FDN","error":"Product.upsert is not a function"}}
{"timestamp":"2026-05-06T16:22:43.245Z","level":"WARN","module":"ExcelService","message":"Error upserting product","data":{"product_id":"B09HN7LD5L","error":"Product.upsert is not a function"}}
{"timestamp":"2026-05-06T16:22:43.246Z","level":"WARN","module":"ExcelService","message":"Error upserting product","data":{"product_id":"B0BNDD9TN6","error":"Product.upsert is not a function"}}
{"timestamp":"2026-05-06T16:22:43.247Z","level":"WARN","module":"ExcelService","message":"Error upserting product","data":{"product_id":"B0941392C8","error":"Product.upsert is not a function"}}
{"timestamp":"2026-05-06T16:22:43.248Z","level":"WARN","module":"ExcelService","message":"Error upserting product","data":{"product_id":"B01M5967SY","error":"Product.upsert is not a function"}}
{"timestamp":"2026-05-06T16:22:43.249Z","level":"WARN","module":"ExcelService","message":"Error upserting product","data":{"product_id":"B016MDK4F4","error":"Product.upsert is not a function"}}
{"timestamp":"2026-05-06T16:22:43.250Z","level":"WARN","module":"ExcelService","message":"Error upserting product","data":{"product_id":"B08G43CCLC","error":"Product.upsert is not a function"}}
{"timestamp":"2026-05-06T16:22:43.251Z","level":"WARN","module":"ExcelService","message":"Error upserting product","data":{"product_id":"B0B61GCHC1","error":"Product.upsert is not a function"}}
{"timestamp":"2026-05-06T16:22:43.252Z","level":"WARN","module":"ExcelService","message":"Error upserting product","data":{"product_id":"B07RX14W1Q","error":"Product.upsert is not a function"}}
{"timestamp":"2026-05-06T16:22:43.252Z","level":"WARN","module":"ExcelService","message":"Error upserting product","data":{"product_id":"B09PLD9TCD","error":"Product.upsert is not a function"}}
{"timestamp":"2026-05-06T16:22:43.254Z","level":"WARN","module":"ExcelService","message":"Error upserting product","data":{"product_id":"B0B8ZKWGKD","error":"Product.upsert is not a function"}}
{"timestamp":"2026-05-06T16:22:43.254Z","level":"WARN","module":"ExcelService","message":"Error upserting product","data":{"product_id":"B09NNJ9WYM","error":"Product.upsert is not a function"}}
{"timestamp":"2026-05-06T16:22:43.256Z","level":"WARN","module":"ExcelService","message":"Error upserting product","data":{"product_id":"B08H5L8V1L","error":"Product.upsert is not a function"}}
{"timestamp":"2026-05-06T16:22:43.258Z","level":"WARN","module":"ExcelService","message":"Error upserting product","data":{"product_id":"B0B8CXTTG3","error":"Product.upsert is not a function"}}
{"timestamp":"2026-05-06T16:22:43.258Z","level":"WARN","module":"ExcelService","message":"Error upserting product","data":{"product_id":"B09HCH3JZG","error":"Product.upsert is not a function"}}
{"timestamp":"2026-05-06T16:22:43.259Z","level":"WARN","module":"ExcelService","message":"Error upserting product","data":{"product_id":"B097JVLW3L","error":"Product.upsert is not a function"}}
{"timestamp":"2026-05-06T16:22:43.259Z","level":"WARN","module":"ExcelService","message":"Error upserting product","data":{"product_id":"B09SB6SJB4","error":"Product.upsert is not a function"}}
{"timestamp":"2026-05-06T16:22:43.260Z","level":"WARN","module":"ExcelService","message":"Error upserting product","data":{"product_id":"B08NW8GHCJ","error":"Product.upsert is not a function"}}
{"timestamp":"2026-05-06T16:22:43.261Z","level":"WARN","module":"ExcelService","message":"Error upserting product","data":{"product_id":"B09YHLPQYT","error":"Product.upsert is not a function"}}
{"timestamp":"2026-05-06T16:22:43.262Z","level":"WARN","module":"ExcelService","message":"Error upserting product","data":{"product_id":"B08G1RW2Q3","error":"Product.upsert is not a function"}}
{"timestamp":"2026-05-06T16:22:43.263Z","level":"WARN","module":"ExcelService","message":"Error upserting product","data":{"product_id":"B08YXJJW8H","error":"Product.upsert is not a function"}}
{"timestamp":"2026-05-06T16:22:43.264Z","level":"WARN","module":"ExcelService","message":"Error upserting product","data":{"product_id":"B09P8M18QM","error":"Product.upsert is not a function"}}
{"timestamp":"2026-05-06T16:22:43.265Z","level":"WARN","module":"ExcelService","message":"Error upserting product","data":{"product_id":"B08BG4M4N7","error":"Product.upsert is not a function"}}
{"timestamp":"2026-05-06T16:22:43.266Z","level":"WARN","module":"ExcelService","message":"Error upserting product","data":{"product_id":"B07VJ9ZTXS","error":"Product.upsert is not a function"}}
{"timestamp":"2026-05-06T16:22:43.266Z","level":"WARN","module":"ExcelService","message":"Error upserting product","data":{"product_id":"B084872DQY","error":"Product.upsert is not a function"}}
{"timestamp":"2026-05-06T16:22:43.267Z","level":"WARN","module":"ExcelService","message":"Error upserting product","data":{"product_id":"B00GGGOYEU","error":"Product.upsert is not a function"}}
{"timestamp":"2026-05-06T16:22:43.268Z","level":"WARN","module":"ExcelService","message":"Error upserting product","data":{"product_id":"B08FD2VSD9","error":"Product.upsert is not a function"}}
{"timestamp":"2026-05-06T16:22:43.271Z","level":"WARN","module":"ExcelService","message":"Error upserting product","data":{"product_id":"B0BQRJ3C47","error":"Product.upsert is not a function"}}
{"timestamp":"2026-05-06T16:22:43.271Z","level":"WARN","module":"ExcelService","message":"Error upserting product","data":{"product_id":"B095JPKPH3","error":"Product.upsert is not a function"}}
{"timestamp":"2026-05-06T16:22:43.272Z","level":"WARN","module":"ExcelService","message":"Error upserting product","data":{"product_id":"B087JWLZ2K","error":"Product.upsert is not a function"}}
{"timestamp":"2026-05-06T16:22:43.273Z","level":"WARN","module":"ExcelService","message":"Error upserting product","data":{"product_id":"B09DSXK8JX","error":"Product.upsert is not a function"}}
{"timestamp":"2026-05-06T16:22:43.273Z","level":"WARN","module":"ExcelService","message":"Error upserting product","data":{"product_id":"B08V9C4B1J","error":"Product.upsert is not a function"}}
{"timestamp":"2026-05-06T16:22:43.274Z","level":"WARN","module":"ExcelService","message":"Error upserting product","data":{"product_id":"B08PKBMJKS","error":"Product.upsert is not a function"}}
{"timestamp":"2026-05-06T16:22:43.275Z","level":"WARN","module":"ExcelService","message":"Error upserting product","data":{"product_id":"B0B8VQ7KDS","error":"Product.upsert is not a function"}}
{"timestamp":"2026-05-06T16:22:43.276Z","level":"WARN","module":"ExcelService","message":"Error upserting product","data":{"product_id":"B086JTMRYL","error":"Product.upsert is not a function"}}
{"timestamp":"2026-05-06T16:22:43.277Z","level":"WARN","module":"ExcelService","message":"Error upserting product","data":{"product_id":"B09RWQ7YR6","error":"Product.upsert is not a function"}}
{"timestamp":"2026-05-06T16:22:43.278Z","level":"WARN","module":"ExcelService","message":"Error upserting product","data":{"product_id":"B00OFM6PEO","error":"Product.upsert is not a function"}}
{"timestamp":"2026-05-06T16:22:43.278Z","level":"WARN","module":"ExcelService","message":"Error upserting product","data":{"product_id":"B0BF57RN3K","error":"Product.upsert is not a function"}}
{"timestamp":"2026-05-06T16:22:43.279Z","level":"WARN","module":"ExcelService","message":"Error upserting product","data":{"product_id":"B0B3RRWSF6","error":"Product.upsert is not a function"}}
{"timestamp":"2026-05-06T16:22:43.280Z","level":"WARN","module":"ExcelService","message":"Error upserting product","data":{"product_id":"B0B5B6PQCT","error":"Product.upsert is not a function"}}
{"timestamp":"2026-05-06T16:22:43.280Z","level":"WARN","module":"ExcelService","message":"Error upserting product","data":{"product_id":"B08HV83HL3","error":"Product.upsert is not a function"}}
{"timestamp":"2026-05-06T16:22:43.281Z","level":"WARN","module":"ExcelService","message":"Error upserting product","data":{"product_id":"B0BBN4DZBD","error":"Product.upsert is not a function"}}
{"timestamp":"2026-05-06T16:22:43.281Z","level":"WARN","module":"ExcelService","message":"Error upserting product","data":{"product_id":"B0B3CPQ5PF","error":"Product.upsert is not a function"}}
{"timestamp":"2026-05-06T16:22:43.282Z","level":"WARN","module":"ExcelService","message":"Error upserting product","data":{"product_id":"B0B3CQBRB4","error":"Product.upsert is not a function"}}
{"timestamp":"2026-05-06T16:22:43.283Z","level":"WARN","module":"ExcelService","message":"Error upserting product","data":{"product_id":"B0BBN56J5H","error":"Product.upsert is not a function"}}
{"timestamp":"2026-05-06T16:22:43.283Z","level":"WARN","module":"ExcelService","message":"Error upserting product","data":{"product_id":"B0BBN3WF7V","error":"Product.upsert is not a function"}}
{"timestamp":"2026-05-06T16:22:43.284Z","level":"WARN","module":"ExcelService","message":"Error upserting product","data":{"product_id":"B0BDRVFDKP","error":"Product.upsert is not a function"}}
{"timestamp":"2026-05-06T16:22:43.285Z","level":"WARN","module":"ExcelService","message":"Error upserting product","data":{"product_id":"B0B5LVS732","error":"Product.upsert is not a function"}}
{"timestamp":"2026-05-06T16:22:43.286Z","level":"WARN","module":"ExcelService","message":"Error upserting product","data":{"product_id":"B09V2Q4QVQ","error":"Product.upsert is not a function"}}
{"timestamp":"2026-05-06T16:22:43.286Z","level":"WARN","module":"ExcelService","message":"Error upserting product","data":{"product_id":"B09V12K8NT","error":"Product.upsert is not a function"}}
{"timestamp":"2026-05-06T16:22:43.289Z","level":"WARN","module":"ExcelService","message":"Error upserting product","data":{"product_id":"B01DEWVZ2C","error":"Product.upsert is not a function"}}
{"timestamp":"2026-05-06T16:22:43.290Z","level":"WARN","module":"ExcelService","message":"Error upserting product","data":{"product_id":"B0BMGB3CH9","error":"Product.upsert is not a function"}}
{"timestamp":"2026-05-06T16:22:43.292Z","level":"WARN","module":"ExcelService","message":"Error upserting product","data":{"product_id":"B08D77XZX5","error":"Product.upsert is not a function"}}
{"timestamp":"2026-05-06T16:22:43.293Z","level":"WARN","module":"ExcelService","message":"Error upserting product","data":{"product_id":"B09XB8GFBQ","error":"Product.upsert is not a function"}}
{"timestamp":"2026-05-06T16:22:43.293Z","level":"WARN","module":"ExcelService","message":"Error upserting product","data":{"product_id":"B07WG8PDCW","error":"Product.upsert is not a function"}}
{"timestamp":"2026-05-06T16:22:43.294Z","level":"WARN","module":"ExcelService","message":"Error upserting product","data":{"product_id":"B07GPXXNNG","error":"Product.upsert is not a function"}}
{"timestamp":"2026-05-06T16:22:43.295Z","level":"WARN","module":"ExcelService","message":"Error upserting product","data":{"product_id":"B0BDYVC5TD","error":"Product.upsert is not a function"}}
{"timestamp":"2026-05-06T16:22:43.295Z","level":"WARN","module":"ExcelService","message":"Error upserting product","data":{"product_id":"B0BMGB2TPR","error":"Product.upsert is not a function"}}
{"timestamp":"2026-05-06T16:22:43.296Z","level":"WARN","module":"ExcelService","message":"Error upserting product","data":{"product_id":"B08MC57J31","error":"Product.upsert is not a function"}}
{"timestamp":"2026-05-06T16:22:43.297Z","level":"WARN","module":"ExcelService","message":"Error upserting product","data":{"product_id":"B08HVL8QN3","error":"Product.upsert is not a function"}}
{"timestamp":"2026-05-06T16:22:43.298Z","level":"WARN","module":"ExcelService","message":"Error upserting product","data":{"product_id":"B0746JGVDS","error":"Product.upsert is not a function"}}
{"timestamp":"2026-05-06T16:22:43.298Z","level":"WARN","module":"ExcelService","message":"Error upserting product","data":{"product_id":"B08VFF6JQ8","error":"Product.upsert is not a function"}}
{"timestamp":"2026-05-06T16:22:43.299Z","level":"WARN","module":"ExcelService","message":"Error upserting product","data":{"product_id":"B09NVPSCQT","error":"Product.upsert is not a function"}}
{"timestamp":"2026-05-06T16:22:43.300Z","level":"WARN","module":"ExcelService","message":"Error upserting product","data":{"product_id":"B09YV4RG4D","error":"Product.upsert is not a function"}}
{"timestamp":"2026-05-06T16:22:43.301Z","level":"WARN","module":"ExcelService","message":"Error upserting product","data":{"product_id":"B09TWHTBKQ","error":"Product.upsert is not a function"}}
{"timestamp":"2026-05-06T16:22:43.302Z","level":"WARN","module":"ExcelService","message":"Error upserting product","data":{"product_id":"B08L5HMJVW","error":"Product.upsert is not a function"}}
{"timestamp":"2026-05-06T16:22:43.303Z","level":"WARN","module":"ExcelService","message":"Error upserting product","data":{"product_id":"B0B4F2XCK3","error":"Product.upsert is not a function"}}
{"timestamp":"2026-05-06T16:22:43.305Z","level":"WARN","module":"ExcelService","message":"Error upserting product","data":{"product_id":"B0BF54972T","error":"Product.upsert is not a function"}}
{"timestamp":"2026-05-06T16:22:43.306Z","level":"WARN","module":"ExcelService","message":"Error upserting product","data":{"product_id":"B09YV4MW2T","error":"Product.upsert is not a function"}}
{"timestamp":"2026-05-06T16:22:43.307Z","level":"WARN","module":"ExcelService","message":"Error upserting product","data":{"product_id":"B09TWH8YHM","error":"Product.upsert is not a function"}}
{"timestamp":"2026-05-06T16:22:43.307Z","level":"WARN","module":"ExcelService","message":"Error upserting product","data":{"product_id":"B07WGMMQGP","error":"Product.upsert is not a function"}}
{"timestamp":"2026-05-06T16:22:43.308Z","level":"WARN","module":"ExcelService","message":"Error upserting product","data":{"product_id":"B0BF563HB4","error":"Product.upsert is not a function"}}
{"timestamp":"2026-05-06T16:22:43.309Z","level":"WARN","module":"ExcelService","message":"Error upserting product","data":{"product_id":"B07JW9H4J1","error":"Product.upsert is not a function"}}
{"timestamp":"2026-05-06T16:22:43.309Z","level":"WARN","module":"ExcelService","message":"Error upserting product","data":{"product_id":"B09GFPVD9Y","error":"Product.upsert is not a function"}}
{"timestamp":"2026-05-06T16:22:43.310Z","level":"WARN","module":"ExcelService","message":"Error upserting product","data":{"product_id":"B09GFLXVH9","error":"Product.upsert is not a function"}}
{"timestamp":"2026-05-06T16:22:43.311Z","level":"WARN","module":"ExcelService","message":"Error upserting product","data":{"product_id":"B0BF4YBLPX","error":"Product.upsert is not a function"}}
{"timestamp":"2026-05-06T16:22:43.312Z","level":"WARN","module":"ExcelService","message":"Error upserting product","data":{"product_id":"B09XB7DPW1","error":"Product.upsert is not a function"}}
{"timestamp":"2026-05-06T16:22:43.312Z","level":"WARN","module":"ExcelService","message":"Error upserting product","data":{"product_id":"B07PFJ5W31","error":"Product.upsert is not a function"}}
{"timestamp":"2026-05-06T16:22:43.313Z","level":"WARN","module":"ExcelService","message":"Error upserting product","data":{"product_id":"B0B3N7LR6K","error":"Product.upsert is not a function"}}
{"timestamp":"2026-05-06T16:22:43.314Z","level":"WARN","module":"ExcelService","message":"Error upserting product","data":{"product_id":"B09ZQK9X8G","error":"Product.upsert is not a function"}}
{"timestamp":"2026-05-06T16:22:43.315Z","level":"WARN","module":"ExcelService","message":"Error upserting product","data":{"product_id":"B098NS6PVG","error":"Product.upsert is not a function"}}
{"timestamp":"2026-05-06T16:22:43.315Z","level":"WARN","module":"ExcelService","message":"Error upserting product","data":{"product_id":"B07WJV6P1R","error":"Product.upsert is not a function"}}
{"timestamp":"2026-05-06T16:22:43.316Z","level":"WARN","module":"ExcelService","message":"Error upserting product","data":{"product_id":"B096MSW6CT","error":"Product.upsert is not a function"}}
{"timestamp":"2026-05-06T16:22:43.317Z","level":"WARN","module":"ExcelService","message":"Error upserting product","data":{"product_id":"B0BF54LXW6","error":"Product.upsert is not a function"}}
{"timestamp":"2026-05-06T16:22:43.318Z","level":"WARN","module":"ExcelService","message":"Error upserting product","data":{"product_id":"B09XB7SRQ5","error":"Product.upsert is not a function"}}
{"timestamp":"2026-05-06T16:22:43.319Z","level":"WARN","module":"ExcelService","message":"Error upserting product","data":{"product_id":"B09FFK1PQG","error":"Product.upsert is not a function"}}
{"timestamp":"2026-05-06T16:22:43.320Z","level":"WARN","module":"ExcelService","message":"Error upserting product","data":{"product_id":"B09RMQYHLH","error":"Product.upsert is not a function"}}
{"timestamp":"2026-05-06T16:22:43.321Z","level":"WARN","module":"ExcelService","message":"Error upserting product","data":{"product_id":"B08ZN4B121","error":"Product.upsert is not a function"}}
{"timestamp":"2026-05-06T16:22:43.322Z","level":"WARN","module":"ExcelService","message":"Error upserting product","data":{"product_id":"B0B3RSDSZ3","error":"Product.upsert is not a function"}}
{"timestamp":"2026-05-06T16:22:43.323Z","level":"WARN","module":"ExcelService","message":"Error upserting product","data":{"product_id":"B08VB34KJ1","error":"Product.upsert is not a function"}}
{"timestamp":"2026-05-06T16:22:43.324Z","level":"WARN","module":"ExcelService","message":"Error upserting product","data":{"product_id":"B09T39K9YL","error":"Product.upsert is not a function"}}
{"timestamp":"2026-05-06T16:22:43.325Z","level":"WARN","module":"ExcelService","message":"Error upserting product","data":{"product_id":"B08VF8V79P","error":"Product.upsert is not a function"}}
{"timestamp":"2026-05-06T16:22:43.326Z","level":"WARN","module":"ExcelService","message":"Error upserting product","data":{"product_id":"B08G28Z33M","error":"Product.upsert is not a function"}}
{"timestamp":"2026-05-06T16:22:43.327Z","level":"WARN","module":"ExcelService","message":"Error upserting product","data":{"product_id":"B09PNKXSKF","error":"Product.upsert is not a function"}}
{"timestamp":"2026-05-06T16:22:43.328Z","level":"WARN","module":"ExcelService","message":"Error upserting product","data":{"product_id":"B0B5DDJNH4","error":"Product.upsert is not a function"}}
{"timestamp":"2026-05-06T16:22:43.328Z","level":"WARN","module":"ExcelService","message":"Error upserting product","data":{"product_id":"B08HDJ86NZ","error":"Product.upsert is not a function"}}
{"timestamp":"2026-05-06T16:22:43.329Z","level":"WARN","module":"ExcelService","message":"Error upserting product","data":{"product_id":"B08CF3B7N1","error":"Product.upsert is not a function"}}
{"timestamp":"2026-05-06T16:22:43.330Z","level":"WARN","module":"ExcelService","message":"Error upserting product","data":{"product_id":"B07WDKLDRX","error":"Product.upsert is not a function"}}
{"timestamp":"2026-05-06T16:22:43.330Z","level":"WARN","module":"ExcelService","message":"Error upserting product","data":{"product_id":"B09MQSCJQ1","error":"Product.upsert is not a function"}}
{"timestamp":"2026-05-06T16:22:43.331Z","level":"WARN","module":"ExcelService","message":"Error upserting product","data":{"product_id":"B094YFFSMY","error":"Product.upsert is not a function"}}
{"timestamp":"2026-05-06T16:22:43.331Z","level":"WARN","module":"ExcelService","message":"Error upserting product","data":{"product_id":"B09MT84WV5","error":"Product.upsert is not a function"}}
{"timestamp":"2026-05-06T16:22:43.332Z","level":"WARN","module":"ExcelService","message":"Error upserting product","data":{"product_id":"B08VS3YLRK","error":"Product.upsert is not a function"}}
{"timestamp":"2026-05-06T16:22:43.333Z","level":"WARN","module":"ExcelService","message":"Error upserting product","data":{"product_id":"B0B4F3QNDM","error":"Product.upsert is not a function"}}
{"timestamp":"2026-05-06T16:22:43.334Z","level":"WARN","module":"ExcelService","message":"Error upserting product","data":{"product_id":"B07GQD4K6L","error":"Product.upsert is not a function"}}
{"timestamp":"2026-05-06T16:22:43.335Z","level":"WARN","module":"ExcelService","message":"Error upserting product","data":{"product_id":"B07WDKLRM4","error":"Product.upsert is not a function"}}
{"timestamp":"2026-05-06T16:22:43.336Z","level":"WARN","module":"ExcelService","message":"Error upserting product","data":{"product_id":"B0BP18W8TM","error":"Product.upsert is not a function"}}
{"timestamp":"2026-05-06T16:22:43.337Z","level":"WARN","module":"ExcelService","message":"Error upserting product","data":{"product_id":"B08Y1TFSP6","error":"Product.upsert is not a function"}}
{"timestamp":"2026-05-06T16:22:43.338Z","level":"WARN","module":"ExcelService","message":"Error upserting product","data":{"product_id":"B07GXHC691","error":"Product.upsert is not a function"}}
{"timestamp":"2026-05-06T16:22:43.339Z","level":"WARN","module":"ExcelService","message":"Error upserting product","data":{"product_id":"B08FN6WGDQ","error":"Product.upsert is not a function"}}
{"timestamp":"2026-05-06T16:22:43.339Z","level":"WARN","module":"ExcelService","message":"Error upserting product","data":{"product_id":"B0B3D39RKV","error":"Product.upsert is not a function"}}
{"timestamp":"2026-05-06T16:22:43.340Z","level":"WARN","module":"ExcelService","message":"Error upserting product","data":{"product_id":"B085HY1DGR","error":"Product.upsert is not a function"}}
{"timestamp":"2026-05-06T16:22:43.341Z","level":"WARN","module":"ExcelService","message":"Error upserting product","data":{"product_id":"B08D75R3Z1","error":"Product.upsert is not a function"}}
{"timestamp":"2026-05-06T16:22:43.342Z","level":"WARN","module":"ExcelService","message":"Error upserting product","data":{"product_id":"B0B4F2TTTS","error":"Product.upsert is not a function"}}
{"timestamp":"2026-05-06T16:22:43.343Z","level":"WARN","module":"ExcelService","message":"Error upserting product","data":{"product_id":"B09WRMNJ9G","error":"Product.upsert is not a function"}}
{"timestamp":"2026-05-06T16:22:43.344Z","level":"WARN","module":"ExcelService","message":"Error upserting product","data":{"product_id":"B0B14MR9L1","error":"Product.upsert is not a function"}}
{"timestamp":"2026-05-06T16:22:43.345Z","level":"WARN","module":"ExcelService","message":"Error upserting product","data":{"product_id":"B09ZPL5VYM","error":"Product.upsert is not a function"}}
{"timestamp":"2026-05-06T16:22:43.345Z","level":"WARN","module":"ExcelService","message":"Error upserting product","data":{"product_id":"B0993BB11X","error":"Product.upsert is not a function"}}
{"timestamp":"2026-05-06T16:22:43.346Z","level":"WARN","module":"ExcelService","message":"Error upserting product","data":{"product_id":"B09V2PZDX8","error":"Product.upsert is not a function"}}
{"timestamp":"2026-05-06T16:22:43.347Z","level":"WARN","module":"ExcelService","message":"Error upserting product","data":{"product_id":"B085W8CFLH","error":"Product.upsert is not a function"}}
{"timestamp":"2026-05-06T16:22:43.347Z","level":"WARN","module":"ExcelService","message":"Error upserting product","data":{"product_id":"B09MT6XSFW","error":"Product.upsert is not a function"}}
{"timestamp":"2026-05-06T16:22:43.348Z","level":"WARN","module":"ExcelService","message":"Error upserting product","data":{"product_id":"B07RD611Z8","error":"Product.upsert is not a function"}}
{"timestamp":"2026-05-06T16:22:43.349Z","level":"WARN","module":"ExcelService","message":"Error upserting product","data":{"product_id":"B08WRWPM22","error":"Product.upsert is not a function"}}
{"timestamp":"2026-05-06T16:22:43.350Z","level":"WARN","module":"ExcelService","message":"Error upserting product","data":{"product_id":"B0B4F52B5X","error":"Product.upsert is not a function"}}
{"timestamp":"2026-05-06T16:22:43.351Z","level":"WARN","module":"ExcelService","message":"Error upserting product","data":{"product_id":"B096VF5YYF","error":"Product.upsert is not a function"}}
{"timestamp":"2026-05-06T16:22:43.352Z","level":"WARN","module":"ExcelService","message":"Error upserting product","data":{"product_id":"B0B5D39BCD","error":"Product.upsert is not a function"}}
{"timestamp":"2026-05-06T16:22:43.352Z","level":"WARN","module":"ExcelService","message":"Error upserting product","data":{"product_id":"B08DDRGWTJ","error":"Product.upsert is not a function"}}
{"timestamp":"2026-05-06T16:22:43.354Z","level":"WARN","module":"ExcelService","message":"Error upserting product","data":{"product_id":"B082LZGK39","error":"Product.upsert is not a function"}}
{"timestamp":"2026-05-06T16:22:43.355Z","level":"WARN","module":"ExcelService","message":"Error upserting product","data":{"product_id":"B09XBJ1CTN","error":"Product.upsert is not a function"}}
{"timestamp":"2026-05-06T16:22:43.356Z","level":"WARN","module":"ExcelService","message":"Error upserting product","data":{"product_id":"B0B4F5L738","error":"Product.upsert is not a function"}}
{"timestamp":"2026-05-06T16:22:43.357Z","level":"WARN","module":"ExcelService","message":"Error upserting product","data":{"product_id":"B08MTCKDYN","error":"Product.upsert is not a function"}}
{"timestamp":"2026-05-06T16:22:43.358Z","level":"WARN","module":"ExcelService","message":"Error upserting product","data":{"product_id":"B09QS8V5N8","error":"Product.upsert is not a function"}}
{"timestamp":"2026-05-06T16:22:43.359Z","level":"WARN","module":"ExcelService","message":"Error upserting product","data":{"product_id":"B08CF3D7QR","error":"Product.upsert is not a function"}}
{"timestamp":"2026-05-06T16:22:43.360Z","level":"WARN","module":"ExcelService","message":"Error upserting product","data":{"product_id":"B09T2WRLJJ","error":"Product.upsert is not a function"}}
{"timestamp":"2026-05-06T16:22:43.361Z","level":"WARN","module":"ExcelService","message":"Error upserting product","data":{"product_id":"B089WB69Y1","error":"Product.upsert is not a function"}}
{"timestamp":"2026-05-06T16:22:43.362Z","level":"WARN","module":"ExcelService","message":"Error upserting product","data":{"product_id":"B0116MIKKC","error":"Product.upsert is not a function"}}
{"timestamp":"2026-05-06T16:22:43.363Z","level":"WARN","module":"ExcelService","message":"Error upserting product","data":{"product_id":"B09P858DK8","error":"Product.upsert is not a function"}}
{"timestamp":"2026-05-06T16:22:43.364Z","level":"WARN","module":"ExcelService","message":"Error upserting product","data":{"product_id":"B07DJLFMPS","error":"Product.upsert is not a function"}}
{"timestamp":"2026-05-06T16:22:43.364Z","level":"WARN","module":"ExcelService","message":"Error upserting product","data":{"product_id":"B07WHQWXL7","error":"Product.upsert is not a function"}}
{"timestamp":"2026-05-06T16:22:43.365Z","level":"WARN","module":"ExcelService","message":"Error upserting product","data":{"product_id":"B07WDK3ZS6","error":"Product.upsert is not a function"}}
{"timestamp":"2026-05-06T16:22:43.366Z","level":"WARN","module":"ExcelService","message":"Error upserting product","data":{"product_id":"B09T2S8X9C","error":"Product.upsert is not a function"}}
{"timestamp":"2026-05-06T16:22:43.367Z","level":"WARN","module":"ExcelService","message":"Error upserting product","data":{"product_id":"B07S9S86BF","error":"Product.upsert is not a function"}}
{"timestamp":"2026-05-06T16:22:43.368Z","level":"WARN","module":"ExcelService","message":"Error upserting product","data":{"product_id":"B07N8RQ6W7","error":"Product.upsert is not a function"}}
{"timestamp":"2026-05-06T16:22:43.369Z","level":"WARN","module":"ExcelService","message":"Error upserting product","data":{"product_id":"B09FKDH6FS","error":"Product.upsert is not a function"}}
{"timestamp":"2026-05-06T16:22:43.370Z","level":"WARN","module":"ExcelService","message":"Error upserting product","data":{"product_id":"B08HVJCW95","error":"Product.upsert is not a function"}}
{"timestamp":"2026-05-06T16:22:43.371Z","level":"WARN","module":"ExcelService","message":"Error upserting product","data":{"product_id":"B09YDFDVNS","error":"Product.upsert is not a function"}}
{"timestamp":"2026-05-06T16:22:43.372Z","level":"WARN","module":"ExcelService","message":"Error upserting product","data":{"product_id":"B07WGPKTS4","error":"Product.upsert is not a function"}}
{"timestamp":"2026-05-06T16:22:43.373Z","level":"WARN","module":"ExcelService","message":"Error upserting product","data":{"product_id":"B0789LZTCJ","error":"Product.upsert is not a function"}}
{"timestamp":"2026-05-06T16:22:43.374Z","level":"WARN","module":"ExcelService","message":"Error upserting product","data":{"product_id":"B09MZCQYHZ","error":"Product.upsert is not a function"}}
{"timestamp":"2026-05-06T16:22:43.375Z","level":"WARN","module":"ExcelService","message":"Error upserting product","data":{"product_id":"B0B4F2ZWL3","error":"Product.upsert is not a function"}}
{"timestamp":"2026-05-06T16:22:43.376Z","level":"WARN","module":"ExcelService","message":"Error upserting product","data":{"product_id":"B08VB2CMR3","error":"Product.upsert is not a function"}}
{"timestamp":"2026-05-06T16:22:43.377Z","level":"WARN","module":"ExcelService","message":"Error upserting product","data":{"product_id":"B095RTJH1M","error":"Product.upsert is not a function"}}
{"timestamp":"2026-05-06T16:22:43.377Z","level":"WARN","module":"ExcelService","message":"Error upserting product","data":{"product_id":"B097R25DP7","error":"Product.upsert is not a function"}}
{"timestamp":"2026-05-06T16:22:43.378Z","level":"WARN","module":"ExcelService","message":"Error upserting product","data":{"product_id":"B09YDFKJF8","error":"Product.upsert is not a function"}}
{"timestamp":"2026-05-06T16:22:43.378Z","level":"WARN","module":"ExcelService","message":"Error upserting product","data":{"product_id":"B07WDK3ZS2","error":"Product.upsert is not a function"}}
{"timestamp":"2026-05-06T16:22:43.379Z","level":"WARN","module":"ExcelService","message":"Error upserting product","data":{"product_id":"B08RZ5K9YH","error":"Product.upsert is not a function"}}
{"timestamp":"2026-05-06T16:22:43.380Z","level":"WARN","module":"ExcelService","message":"Error upserting product","data":{"product_id":"B08444S68L","error":"Product.upsert is not a function"}}
{"timestamp":"2026-05-06T16:22:43.382Z","level":"WARN","module":"ExcelService","message":"Error upserting product","data":{"product_id":"B07WHQBZLS","error":"Product.upsert is not a function"}}
{"timestamp":"2026-05-06T16:22:43.383Z","level":"WARN","module":"ExcelService","message":"Error upserting product","data":{"product_id":"B085DTN6R2","error":"Product.upsert is not a function"}}
{"timestamp":"2026-05-06T16:22:43.384Z","level":"WARN","module":"ExcelService","message":"Error upserting product","data":{"product_id":"B09JS562TP","error":"Product.upsert is not a function"}}
{"timestamp":"2026-05-06T16:22:43.385Z","level":"WARN","module":"ExcelService","message":"Error upserting product","data":{"product_id":"B09KLVMZ3B","error":"Product.upsert is not a function"}}
{"timestamp":"2026-05-06T16:22:43.386Z","level":"WARN","module":"ExcelService","message":"Error upserting product","data":{"product_id":"B09V17S2BG","error":"Product.upsert is not a function"}}
{"timestamp":"2026-05-06T16:22:43.388Z","level":"WARN","module":"ExcelService","message":"Error upserting product","data":{"product_id":"B0B5CGTBKV","error":"Product.upsert is not a function"}}
{"timestamp":"2026-05-06T16:22:43.389Z","level":"WARN","module":"ExcelService","message":"Error upserting product","data":{"product_id":"B0B23LW7NV","error":"Product.upsert is not a function"}}
{"timestamp":"2026-05-06T16:22:43.390Z","level":"WARN","module":"ExcelService","message":"Error upserting product","data":{"product_id":"B09KGV7WSV","error":"Product.upsert is not a function"}}
{"timestamp":"2026-05-06T16:22:43.390Z","level":"WARN","module":"ExcelService","message":"Error upserting product","data":{"product_id":"B0971DWFDT","error":"Product.upsert is not a function"}}
{"timestamp":"2026-05-06T16:22:43.391Z","level":"WARN","module":"ExcelService","message":"Error upserting product","data":{"product_id":"B0BNV7JM5Y","error":"Product.upsert is not a function"}}
{"timestamp":"2026-05-06T16:22:43.391Z","level":"WARN","module":"ExcelService","message":"Error upserting product","data":{"product_id":"B0B53QFZPY","error":"Product.upsert is not a function"}}
{"timestamp":"2026-05-06T16:22:43.392Z","level":"WARN","module":"ExcelService","message":"Error upserting product","data":{"product_id":"B083342NKJ","error":"Product.upsert is not a function"}}
{"timestamp":"2026-05-06T16:22:43.392Z","level":"WARN","module":"ExcelService","message":"Error upserting product","data":{"product_id":"B07WJWRNVK","error":"Product.upsert is not a function"}}
{"timestamp":"2026-05-06T16:22:43.393Z","level":"WARN","module":"ExcelService","message":"Error upserting product","data":{"product_id":"B01F25X6RQ","error":"Product.upsert is not a function"}}
{"timestamp":"2026-05-06T16:22:43.393Z","level":"WARN","module":"ExcelService","message":"Error upserting product","data":{"product_id":"B09C6HXFC1","error":"Product.upsert is not a function"}}
{"timestamp":"2026-05-06T16:22:43.394Z","level":"WARN","module":"ExcelService","message":"Error upserting product","data":{"product_id":"B0B244R4KB","error":"Product.upsert is not a function"}}
{"timestamp":"2026-05-06T16:22:43.395Z","level":"WARN","module":"ExcelService","message":"Error upserting product","data":{"product_id":"B0BMGG6NKT","error":"Product.upsert is not a function"}}
{"timestamp":"2026-05-06T16:22:43.396Z","level":"WARN","module":"ExcelService","message":"Error upserting product","data":{"product_id":"B082LSVT4B","error":"Product.upsert is not a function"}}
{"timestamp":"2026-05-06T16:22:43.396Z","level":"WARN","module":"ExcelService","message":"Error upserting product","data":{"product_id":"B092JHPL72","error":"Product.upsert is not a function"}}
{"timestamp":"2026-05-06T16:22:43.397Z","level":"WARN","module":"ExcelService","message":"Error upserting product","data":{"product_id":"B08WRBG3XW","error":"Product.upsert is not a function"}}
{"timestamp":"2026-05-06T16:22:43.398Z","level":"WARN","module":"ExcelService","message":"Error upserting product","data":{"product_id":"B09GFM8CGS","error":"Product.upsert is not a function"}}
{"timestamp":"2026-05-06T16:22:43.399Z","level":"WARN","module":"ExcelService","message":"Error upserting product","data":{"product_id":"B0B3MWYCHQ","error":"Product.upsert is not a function"}}
{"timestamp":"2026-05-06T16:22:43.400Z","level":"WARN","module":"ExcelService","message":"Error upserting product","data":{"product_id":"B09J2MM5C6","error":"Product.upsert is not a function"}}
{"timestamp":"2026-05-06T16:22:43.400Z","level":"WARN","module":"ExcelService","message":"Error upserting product","data":{"product_id":"B07Q4QV1DL","error":"Product.upsert is not a function"}}
{"timestamp":"2026-05-06T16:22:43.401Z","level":"WARN","module":"ExcelService","message":"Error upserting product","data":{"product_id":"B0B56YRBNT","error":"Product.upsert is not a function"}}
{"timestamp":"2026-05-06T16:22:43.402Z","level":"WARN","module":"ExcelService","message":"Error upserting product","data":{"product_id":"B09NHVCHS9","error":"Product.upsert is not a function"}}
{"timestamp":"2026-05-06T16:22:43.402Z","level":"WARN","module":"ExcelService","message":"Error upserting product","data":{"product_id":"B01DF26V7A","error":"Product.upsert is not a function"}}
{"timestamp":"2026-05-06T16:22:43.403Z","level":"WARN","module":"ExcelService","message":"Error upserting product","data":{"product_id":"B08K4PSZ3V","error":"Product.upsert is not a function"}}
{"timestamp":"2026-05-06T16:22:43.405Z","level":"WARN","module":"ExcelService","message":"Error upserting product","data":{"product_id":"B0B4F1YC3J","error":"Product.upsert is not a function"}}
{"timestamp":"2026-05-06T16:22:43.406Z","level":"WARN","module":"ExcelService","message":"Error upserting product","data":{"product_id":"B08K4RDQ71","error":"Product.upsert is not a function"}}
{"timestamp":"2026-05-06T16:22:43.407Z","level":"WARN","module":"ExcelService","message":"Error upserting product","data":{"product_id":"B085CZ3SR1","error":"Product.upsert is not a function"}}
{"timestamp":"2026-05-06T16:22:43.407Z","level":"WARN","module":"ExcelService","message":"Error upserting product","data":{"product_id":"B09YV3K34W","error":"Product.upsert is not a function"}}
{"timestamp":"2026-05-06T16:22:43.408Z","level":"WARN","module":"ExcelService","message":"Error upserting product","data":{"product_id":"B09Z6WH2N1","error":"Product.upsert is not a function"}}
{"timestamp":"2026-05-06T16:22:43.408Z","level":"WARN","module":"ExcelService","message":"Error upserting product","data":{"product_id":"B09NL4DJ2Z","error":"Product.upsert is not a function"}}
{"timestamp":"2026-05-06T16:22:43.409Z","level":"WARN","module":"ExcelService","message":"Error upserting product","data":{"product_id":"B0BGSV43WY","error":"Product.upsert is not a function"}}
{"timestamp":"2026-05-06T16:22:43.410Z","level":"WARN","module":"ExcelService","message":"Error upserting product","data":{"product_id":"B0926V9CTV","error":"Product.upsert is not a function"}}
{"timestamp":"2026-05-06T16:22:43.411Z","level":"WARN","module":"ExcelService","message":"Error upserting product","data":{"product_id":"B07WGPKMP5","error":"Product.upsert is not a function"}}
{"timestamp":"2026-05-06T16:22:43.412Z","level":"WARN","module":"ExcelService","message":"Error upserting product","data":{"product_id":"B0BBFJ9M3X","error":"Product.upsert is not a function"}}
{"timestamp":"2026-05-06T16:22:43.412Z","level":"WARN","module":"ExcelService","message":"Error upserting product","data":{"product_id":"B09PLFJ7ZW","error":"Product.upsert is not a function"}}
{"timestamp":"2026-05-06T16:22:43.413Z","level":"WARN","module":"ExcelService","message":"Error upserting product","data":{"product_id":"B0B53NXFFR","error":"Product.upsert is not a function"}}
{"timestamp":"2026-05-06T16:22:43.414Z","level":"WARN","module":"ExcelService","message":"Error upserting product","data":{"product_id":"B07GNC2592","error":"Product.upsert is not a function"}}
{"timestamp":"2026-05-06T16:22:43.414Z","level":"WARN","module":"ExcelService","message":"Error upserting product","data":{"product_id":"B09TP5KBN7","error":"Product.upsert is not a function"}}
{"timestamp":"2026-05-06T16:22:43.415Z","level":"WARN","module":"ExcelService","message":"Error upserting product","data":{"product_id":"B0949SBKMP","error":"Product.upsert is not a function"}}
{"timestamp":"2026-05-06T16:22:43.416Z","level":"WARN","module":"ExcelService","message":"Error upserting product","data":{"product_id":"B09V175NP7","error":"Product.upsert is not a function"}}
{"timestamp":"2026-05-06T16:22:43.417Z","level":"WARN","module":"ExcelService","message":"Error upserting product","data":{"product_id":"B07WHSJXLF","error":"Product.upsert is not a function"}}
{"timestamp":"2026-05-06T16:22:43.418Z","level":"WARN","module":"ExcelService","message":"Error upserting product","data":{"product_id":"B0BD3T6Z1D","error":"Product.upsert is not a function"}}
{"timestamp":"2026-05-06T16:22:43.419Z","level":"WARN","module":"ExcelService","message":"Error upserting product","data":{"product_id":"B09LHYZ3GJ","error":"Product.upsert is not a function"}}
{"timestamp":"2026-05-06T16:22:43.420Z","level":"WARN","module":"ExcelService","message":"Error upserting product","data":{"product_id":"B07WFPMGQQ","error":"Product.upsert is not a function"}}
{"timestamp":"2026-05-06T16:22:43.421Z","level":"WARN","module":"ExcelService","message":"Error upserting product","data":{"product_id":"B09QS9X9L8","error":"Product.upsert is not a function"}}
{"timestamp":"2026-05-06T16:22:43.423Z","level":"WARN","module":"ExcelService","message":"Error upserting product","data":{"product_id":"B0B6BLTGTT","error":"Product.upsert is not a function"}}
{"timestamp":"2026-05-06T16:22:43.423Z","level":"WARN","module":"ExcelService","message":"Error upserting product","data":{"product_id":"B077Z65HSD","error":"Product.upsert is not a function"}}
{"timestamp":"2026-05-06T16:22:43.424Z","level":"WARN","module":"ExcelService","message":"Error upserting product","data":{"product_id":"B09W5XR9RT","error":"Product.upsert is not a function"}}
{"timestamp":"2026-05-06T16:22:43.425Z","level":"WARN","module":"ExcelService","message":"Error upserting product","data":{"product_id":"B084DTMYWK","error":"Product.upsert is not a function"}}
{"timestamp":"2026-05-06T16:22:43.425Z","level":"WARN","module":"ExcelService","message":"Error upserting product","data":{"product_id":"B0B53QLB9H","error":"Product.upsert is not a function"}}
{"timestamp":"2026-05-06T16:22:43.426Z","level":"WARN","module":"ExcelService","message":"Error upserting product","data":{"product_id":"B0BDYW3RN3","error":"Product.upsert is not a function"}}
{"timestamp":"2026-05-06T16:22:43.427Z","level":"WARN","module":"ExcelService","message":"Error upserting product","data":{"product_id":"B0B3RS9DNF","error":"Product.upsert is not a function"}}
{"timestamp":"2026-05-06T16:22:43.428Z","level":"WARN","module":"ExcelService","message":"Error upserting product","data":{"product_id":"B09QS9X16F","error":"Product.upsert is not a function"}}
{"timestamp":"2026-05-06T16:22:43.429Z","level":"WARN","module":"ExcelService","message":"Error upserting product","data":{"product_id":"B08HV25BBQ","error":"Product.upsert is not a function"}}
{"timestamp":"2026-05-06T16:22:43.429Z","level":"WARN","module":"ExcelService","message":"Error upserting product","data":{"product_id":"B09LJ116B5","error":"Product.upsert is not a function"}}
{"timestamp":"2026-05-06T16:22:43.430Z","level":"WARN","module":"ExcelService","message":"Error upserting product","data":{"product_id":"B0BMVWKZ8G","error":"Product.upsert is not a function"}}
{"timestamp":"2026-05-06T16:22:43.431Z","level":"WARN","module":"ExcelService","message":"Error upserting product","data":{"product_id":"B0BD92GDQH","error":"Product.upsert is not a function"}}
{"timestamp":"2026-05-06T16:22:43.431Z","level":"WARN","module":"ExcelService","message":"Error upserting product","data":{"product_id":"B08Y1SJVV5","error":"Product.upsert is not a function"}}
{"timestamp":"2026-05-06T16:22:43.432Z","level":"WARN","module":"ExcelService","message":"Error upserting product","data":{"product_id":"B0B5GF6DQD","error":"Product.upsert is not a function"}}
{"timestamp":"2026-05-06T16:22:43.433Z","level":"WARN","module":"ExcelService","message":"Error upserting product","data":{"product_id":"B09JS94MBV","error":"Product.upsert is not a function"}}
{"timestamp":"2026-05-06T16:22:43.433Z","level":"WARN","module":"ExcelService","message":"Error upserting product","data":{"product_id":"B09YV463SW","error":"Product.upsert is not a function"}}
{"timestamp":"2026-05-06T16:22:43.434Z","level":"WARN","module":"ExcelService","message":"Error upserting product","data":{"product_id":"B07XLCFSSN","error":"Product.upsert is not a function"}}
{"timestamp":"2026-05-06T16:22:43.435Z","level":"WARN","module":"ExcelService","message":"Error upserting product","data":{"product_id":"B09NL4DCXK","error":"Product.upsert is not a function"}}
{"timestamp":"2026-05-06T16:22:43.436Z","level":"WARN","module":"ExcelService","message":"Error upserting product","data":{"product_id":"B0B8CHJLWJ","error":"Product.upsert is not a function"}}
{"timestamp":"2026-05-06T16:22:43.437Z","level":"WARN","module":"ExcelService","message":"Error upserting product","data":{"product_id":"B0B8ZWNR5T","error":"Product.upsert is not a function"}}
{"timestamp":"2026-05-06T16:22:43.438Z","level":"WARN","module":"ExcelService","message":"Error upserting product","data":{"product_id":"B0BBFJLP21","error":"Product.upsert is not a function"}}
{"timestamp":"2026-05-06T16:22:43.439Z","level":"WARN","module":"ExcelService","message":"Error upserting product","data":{"product_id":"B01F262EUU","error":"Product.upsert is not a function"}}
{"timestamp":"2026-05-06T16:22:43.440Z","level":"WARN","module":"ExcelService","message":"Error upserting product","data":{"product_id":"B09VZBGL1N","error":"Product.upsert is not a function"}}
{"timestamp":"2026-05-06T16:22:43.441Z","level":"WARN","module":"ExcelService","message":"Error upserting product","data":{"product_id":"B0BNVBJW2S","error":"Product.upsert is not a function"}}
{"timestamp":"2026-05-06T16:22:43.442Z","level":"WARN","module":"ExcelService","message":"Error upserting product","data":{"product_id":"B0B2DJ5RVQ","error":"Product.upsert is not a function"}}
{"timestamp":"2026-05-06T16:22:43.443Z","level":"WARN","module":"ExcelService","message":"Error upserting product","data":{"product_id":"B096TWZRJC","error":"Product.upsert is not a function"}}
{"timestamp":"2026-05-06T16:22:43.443Z","level":"WARN","module":"ExcelService","message":"Error upserting product","data":{"product_id":"B09GP6FBZT","error":"Product.upsert is not a function"}}
{"timestamp":"2026-05-06T16:22:43.444Z","level":"WARN","module":"ExcelService","message":"Error upserting product","data":{"product_id":"B0B3DV7S9B","error":"Product.upsert is not a function"}}
{"timestamp":"2026-05-06T16:22:43.444Z","level":"WARN","module":"ExcelService","message":"Error upserting product","data":{"product_id":"B09MKP344P","error":"Product.upsert is not a function"}}
{"timestamp":"2026-05-06T16:22:43.445Z","level":"WARN","module":"ExcelService","message":"Error upserting product","data":{"product_id":"B08JW1GVS7","error":"Product.upsert is not a function"}}
{"timestamp":"2026-05-06T16:22:43.446Z","level":"WARN","module":"ExcelService","message":"Error upserting product","data":{"product_id":"B09LHZSMRR","error":"Product.upsert is not a function"}}
{"timestamp":"2026-05-06T16:22:43.447Z","level":"WARN","module":"ExcelService","message":"Error upserting product","data":{"product_id":"B0B5V47VK4","error":"Product.upsert is not a function"}}
{"timestamp":"2026-05-06T16:22:43.447Z","level":"WARN","module":"ExcelService","message":"Error upserting product","data":{"product_id":"B08H21B6V7","error":"Product.upsert is not a function"}}
{"timestamp":"2026-05-06T16:22:43.448Z","level":"WARN","module":"ExcelService","message":"Error upserting product","data":{"product_id":"B09BNXQ6BR","error":"Product.upsert is not a function"}}
{"timestamp":"2026-05-06T16:22:43.449Z","level":"WARN","module":"ExcelService","message":"Error upserting product","data":{"product_id":"B01FSYQ2A4","error":"Product.upsert is not a function"}}
{"timestamp":"2026-05-06T16:22:43.450Z","level":"WARN","module":"ExcelService","message":"Error upserting product","data":{"product_id":"B08L5FM4JC","error":"Product.upsert is not a function"}}
{"timestamp":"2026-05-06T16:22:43.451Z","level":"WARN","module":"ExcelService","message":"Error upserting product","data":{"product_id":"B0B54Y2SNX","error":"Product.upsert is not a function"}}
{"timestamp":"2026-05-06T16:22:43.452Z","level":"WARN","module":"ExcelService","message":"Error upserting product","data":{"product_id":"B08BQ947H3","error":"Product.upsert is not a function"}}
{"timestamp":"2026-05-06T16:22:43.452Z","level":"WARN","module":"ExcelService","message":"Error upserting product","data":{"product_id":"B082T6V3DT","error":"Product.upsert is not a function"}}
{"timestamp":"2026-05-06T16:22:43.454Z","level":"WARN","module":"ExcelService","message":"Error upserting product","data":{"product_id":"B0B7DHSKS7","error":"Product.upsert is not a function"}}
{"timestamp":"2026-05-06T16:22:43.456Z","level":"WARN","module":"ExcelService","message":"Error upserting product","data":{"product_id":"B09SJ1FTYV","error":"Product.upsert is not a function"}}
{"timestamp":"2026-05-06T16:22:43.458Z","level":"WARN","module":"ExcelService","message":"Error upserting product","data":{"product_id":"B09XJ5LD6L","error":"Product.upsert is not a function"}}
{"timestamp":"2026-05-06T16:22:43.458Z","level":"WARN","module":"ExcelService","message":"Error upserting product","data":{"product_id":"B07WHS7MZ1","error":"Product.upsert is not a function"}}
{"timestamp":"2026-05-06T16:22:43.459Z","level":"WARN","module":"ExcelService","message":"Error upserting product","data":{"product_id":"B0BBVKRP7B","error":"Product.upsert is not a function"}}
{"timestamp":"2026-05-06T16:22:43.460Z","level":"WARN","module":"ExcelService","message":"Error upserting product","data":{"product_id":"B09NY7W8YD","error":"Product.upsert is not a function"}}
{"timestamp":"2026-05-06T16:22:43.460Z","level":"WARN","module":"ExcelService","message":"Error upserting product","data":{"product_id":"B0BMM7R92G","error":"Product.upsert is not a function"}}
{"timestamp":"2026-05-06T16:22:43.461Z","level":"WARN","module":"ExcelService","message":"Error upserting product","data":{"product_id":"B08M66K48D","error":"Product.upsert is not a function"}}
{"timestamp":"2026-05-06T16:22:43.462Z","level":"WARN","module":"ExcelService","message":"Error upserting product","data":{"product_id":"B09RFB2SJQ","error":"Product.upsert is not a function"}}
{"timestamp":"2026-05-06T16:22:43.463Z","level":"WARN","module":"ExcelService","message":"Error upserting product","data":{"product_id":"B0B82YGCF6","error":"Product.upsert is not a function"}}
{"timestamp":"2026-05-06T16:22:43.464Z","level":"WARN","module":"ExcelService","message":"Error upserting product","data":{"product_id":"B08HF4W2CT","error":"Product.upsert is not a function"}}
{"timestamp":"2026-05-06T16:22:43.464Z","level":"WARN","module":"ExcelService","message":"Error upserting product","data":{"product_id":"B08BCKN299","error":"Product.upsert is not a function"}}
{"timestamp":"2026-05-06T16:22:43.465Z","level":"WARN","module":"ExcelService","message":"Error upserting product","data":{"product_id":"B0B2X35B1K","error":"Product.upsert is not a function"}}
{"timestamp":"2026-05-06T16:22:43.465Z","level":"WARN","module":"ExcelService","message":"Error upserting product","data":{"product_id":"B09QS9CWLV","error":"Product.upsert is not a function"}}
{"timestamp":"2026-05-06T16:22:43.466Z","level":"WARN","module":"ExcelService","message":"Error upserting product","data":{"product_id":"B0B1NX6JTN","error":"Product.upsert is not a function"}}
{"timestamp":"2026-05-06T16:22:43.467Z","level":"WARN","module":"ExcelService","message":"Error upserting product","data":{"product_id":"B078G6ZF5Z","error":"Product.upsert is not a function"}}
{"timestamp":"2026-05-06T16:22:43.468Z","level":"WARN","module":"ExcelService","message":"Error upserting product","data":{"product_id":"B0BBW521YC","error":"Product.upsert is not a function"}}
{"timestamp":"2026-05-06T16:22:43.472Z","level":"WARN","module":"ExcelService","message":"Error upserting product","data":{"product_id":"B09HSKYMB3","error":"Product.upsert is not a function"}}
{"timestamp":"2026-05-06T16:22:43.473Z","level":"WARN","module":"ExcelService","message":"Error upserting product","data":{"product_id":"B09YV42QHZ","error":"Product.upsert is not a function"}}
{"timestamp":"2026-05-06T16:22:43.473Z","level":"WARN","module":"ExcelService","message":"Error upserting product","data":{"product_id":"B09BF8JBWX","error":"Product.upsert is not a function"}}
{"timestamp":"2026-05-06T16:22:43.474Z","level":"WARN","module":"ExcelService","message":"Error upserting product","data":{"product_id":"B0B5YBGCKD","error":"Product.upsert is not a function"}}
{"timestamp":"2026-05-06T16:22:43.474Z","level":"WARN","module":"ExcelService","message":"Error upserting product","data":{"product_id":"B01GGKYKQM","error":"Product.upsert is not a function"}}
{"timestamp":"2026-05-06T16:22:43.475Z","level":"WARN","module":"ExcelService","message":"Error upserting product","data":{"product_id":"B09MY4W73Q","error":"Product.upsert is not a function"}}
{"timestamp":"2026-05-06T16:22:43.476Z","level":"WARN","module":"ExcelService","message":"Error upserting product","data":{"product_id":"B08R69VDHT","error":"Product.upsert is not a function"}}
{"timestamp":"2026-05-06T16:22:43.476Z","level":"WARN","module":"ExcelService","message":"Error upserting product","data":{"product_id":"B09T37CKQ5","error":"Product.upsert is not a function"}}
{"timestamp":"2026-05-06T16:22:43.477Z","level":"WARN","module":"ExcelService","message":"Error upserting product","data":{"product_id":"B09GFPN6TP","error":"Product.upsert is not a function"}}
{"timestamp":"2026-05-06T16:22:43.478Z","level":"WARN","module":"ExcelService","message":"Error upserting product","data":{"product_id":"B0B298D54H","error":"Product.upsert is not a function"}}
{"timestamp":"2026-05-06T16:22:43.478Z","level":"WARN","module":"ExcelService","message":"Error upserting product","data":{"product_id":"B08VB57558","error":"Product.upsert is not a function"}}
{"timestamp":"2026-05-06T16:22:43.479Z","level":"WARN","module":"ExcelService","message":"Error upserting product","data":{"product_id":"B09CMP1SC8","error":"Product.upsert is not a function"}}
{"timestamp":"2026-05-06T16:22:43.479Z","level":"WARN","module":"ExcelService","message":"Error upserting product","data":{"product_id":"B09YLXYP7Y","error":"Product.upsert is not a function"}}
{"timestamp":"2026-05-06T16:22:43.480Z","level":"WARN","module":"ExcelService","message":"Error upserting product","data":{"product_id":"B0B9BXKBC7","error":"Product.upsert is not a function"}}
{"timestamp":"2026-05-06T16:22:43.481Z","level":"WARN","module":"ExcelService","message":"Error upserting product","data":{"product_id":"B09NY6TRXG","error":"Product.upsert is not a function"}}
{"timestamp":"2026-05-06T16:22:43.481Z","level":"WARN","module":"ExcelService","message":"Error upserting product","data":{"product_id":"B09NVPJ3P4","error":"Product.upsert is not a function"}}
{"timestamp":"2026-05-06T16:22:43.482Z","level":"WARN","module":"ExcelService","message":"Error upserting product","data":{"product_id":"B0B3NDPCS9","error":"Product.upsert is not a function"}}
{"timestamp":"2026-05-06T16:22:43.483Z","level":"WARN","module":"ExcelService","message":"Error upserting product","data":{"product_id":"B09VGKFM7Y","error":"Product.upsert is not a function"}}
{"timestamp":"2026-05-06T16:22:43.484Z","level":"WARN","module":"ExcelService","message":"Error upserting product","data":{"product_id":"B07QCWY5XV","error":"Product.upsert is not a function"}}
{"timestamp":"2026-05-06T16:22:43.484Z","level":"WARN","module":"ExcelService","message":"Error upserting product","data":{"product_id":"B098QXR9X2","error":"Product.upsert is not a function"}}
{"timestamp":"2026-05-06T16:22:43.485Z","level":"WARN","module":"ExcelService","message":"Error upserting product","data":{"product_id":"B07H1S7XW8","error":"Product.upsert is not a function"}}
{"timestamp":"2026-05-06T16:22:43.486Z","level":"WARN","module":"ExcelService","message":"Error upserting product","data":{"product_id":"B0BNXFDTZ2","error":"Product.upsert is not a function"}}
{"timestamp":"2026-05-06T16:22:43.486Z","level":"WARN","module":"ExcelService","message":"Error upserting product","data":{"product_id":"B088ZFJY82","error":"Product.upsert is not a function"}}
{"timestamp":"2026-05-06T16:22:43.489Z","level":"WARN","module":"ExcelService","message":"Error upserting product","data":{"product_id":"B0B4F4QZ1H","error":"Product.upsert is not a function"}}
{"timestamp":"2026-05-06T16:22:43.490Z","level":"WARN","module":"ExcelService","message":"Error upserting product","data":{"product_id":"B09BCNQ9R2","error":"Product.upsert is not a function"}}
{"timestamp":"2026-05-06T16:22:43.492Z","level":"WARN","module":"ExcelService","message":"Error upserting product","data":{"product_id":"B0B9BD2YL4","error":"Product.upsert is not a function"}}
{"timestamp":"2026-05-06T16:22:43.492Z","level":"WARN","module":"ExcelService","message":"Error upserting product","data":{"product_id":"B071Z8M4KX","error":"Product.upsert is not a function"}}
{"timestamp":"2026-05-06T16:22:43.493Z","level":"WARN","module":"ExcelService","message":"Error upserting product","data":{"product_id":"B09N3ZNHTY","error":"Product.upsert is not a function"}}
{"timestamp":"2026-05-06T16:22:43.494Z","level":"WARN","module":"ExcelService","message":"Error upserting product","data":{"product_id":"B0B3RRWSF6","error":"Product.upsert is not a function"}}
{"timestamp":"2026-05-06T16:22:43.494Z","level":"WARN","module":"ExcelService","message":"Error upserting product","data":{"product_id":"B0B5B6PQCT","error":"Product.upsert is not a function"}}
{"timestamp":"2026-05-06T16:22:43.495Z","level":"WARN","module":"ExcelService","message":"Error upserting product","data":{"product_id":"B005FYNT3G","error":"Product.upsert is not a function"}}
{"timestamp":"2026-05-06T16:22:43.496Z","level":"WARN","module":"ExcelService","message":"Error upserting product","data":{"product_id":"B01J0XWYKQ","error":"Product.upsert is not a function"}}
{"timestamp":"2026-05-06T16:22:43.497Z","level":"WARN","module":"ExcelService","message":"Error upserting product","data":{"product_id":"B09CTRPSJR","error":"Product.upsert is not a function"}}
{"timestamp":"2026-05-06T16:22:43.498Z","level":"WARN","module":"ExcelService","message":"Error upserting product","data":{"product_id":"B08JQN8DGZ","error":"Product.upsert is not a function"}}
{"timestamp":"2026-05-06T16:22:43.498Z","level":"WARN","module":"ExcelService","message":"Error upserting product","data":{"product_id":"B0B72BSW7K","error":"Product.upsert is not a function"}}
{"timestamp":"2026-05-06T16:22:43.499Z","level":"WARN","module":"ExcelService","message":"Error upserting product","data":{"product_id":"B0BDRVFDKP","error":"Product.upsert is not a function"}}
{"timestamp":"2026-05-06T16:22:43.499Z","level":"WARN","module":"ExcelService","message":"Error upserting product","data":{"product_id":"B0B5LVS732","error":"Product.upsert is not a function"}}
{"timestamp":"2026-05-06T16:22:43.500Z","level":"WARN","module":"ExcelService","message":"Error upserting product","data":{"product_id":"B08TV2P1N8","error":"Product.upsert is not a function"}}
{"timestamp":"2026-05-06T16:22:43.500Z","level":"WARN","module":"ExcelService","message":"Error upserting product","data":{"product_id":"B07XCM6T4N","error":"Product.upsert is not a function"}}
{"timestamp":"2026-05-06T16:22:43.501Z","level":"WARN","module":"ExcelService","message":"Error upserting product","data":{"product_id":"B07T5DKR5D","error":"Product.upsert is not a function"}}
{"timestamp":"2026-05-06T16:22:43.502Z","level":"WARN","module":"ExcelService","message":"Error upserting product","data":{"product_id":"B01DEWVZ2C","error":"Product.upsert is not a function"}}
{"timestamp":"2026-05-06T16:22:43.503Z","level":"WARN","module":"ExcelService","message":"Error upserting product","data":{"product_id":"B07PR1CL3S","error":"Product.upsert is not a function"}}
{"timestamp":"2026-05-06T16:22:43.505Z","level":"WARN","module":"ExcelService","message":"Error upserting product","data":{"product_id":"B09V12K8NT","error":"Product.upsert is not a function"}}
{"timestamp":"2026-05-06T16:22:43.506Z","level":"WARN","module":"ExcelService","message":"Error upserting product","data":{"product_id":"B07JQKQ91F","error":"Product.upsert is not a function"}}
{"timestamp":"2026-05-06T16:22:43.507Z","level":"WARN","module":"ExcelService","message":"Error upserting product","data":{"product_id":"B08W56G1K9","error":"Product.upsert is not a function"}}
{"timestamp":"2026-05-06T16:22:43.507Z","level":"WARN","module":"ExcelService","message":"Error upserting product","data":{"product_id":"B07WG8PDCW","error":"Product.upsert is not a function"}}
{"timestamp":"2026-05-06T16:22:43.508Z","level":"WARN","module":"ExcelService","message":"Error upserting product","data":{"product_id":"B01L8ZNWN2","error":"Product.upsert is not a function"}}
{"timestamp":"2026-05-06T16:22:43.508Z","level":"WARN","module":"ExcelService","message":"Error upserting product","data":{"product_id":"B009VCGPSY","error":"Product.upsert is not a function"}}
{"timestamp":"2026-05-06T16:22:43.509Z","level":"WARN","module":"ExcelService","message":"Error upserting product","data":{"product_id":"B0B296NTFV","error":"Product.upsert is not a function"}}
{"timestamp":"2026-05-06T16:22:43.510Z","level":"WARN","module":"ExcelService","message":"Error upserting product","data":{"product_id":"B09NVPSCQT","error":"Product.upsert is not a function"}}
{"timestamp":"2026-05-06T16:22:43.511Z","level":"WARN","module":"ExcelService","message":"Error upserting product","data":{"product_id":"B09YV4RG4D","error":"Product.upsert is not a function"}}
{"timestamp":"2026-05-06T16:22:43.511Z","level":"WARN","module":"ExcelService","message":"Error upserting product","data":{"product_id":"B07TCN5VR9","error":"Product.upsert is not a function"}}
{"timestamp":"2026-05-06T16:22:43.512Z","level":"WARN","module":"ExcelService","message":"Error upserting product","data":{"product_id":"B00ZYLMQH0","error":"Product.upsert is not a function"}}
{"timestamp":"2026-05-06T16:22:43.513Z","level":"WARN","module":"ExcelService","message":"Error upserting product","data":{"product_id":"B09YV4MW2T","error":"Product.upsert is not a function"}}
{"timestamp":"2026-05-06T16:22:43.514Z","level":"WARN","module":"ExcelService","message":"Error upserting product","data":{"product_id":"B01HJI0FS2","error":"Product.upsert is not a function"}}
{"timestamp":"2026-05-06T16:22:43.514Z","level":"WARN","module":"ExcelService","message":"Error upserting product","data":{"product_id":"B076B8G5D8","error":"Product.upsert is not a function"}}
{"timestamp":"2026-05-06T16:22:43.515Z","level":"WARN","module":"ExcelService","message":"Error upserting product","data":{"product_id":"B07JW9H4J1","error":"Product.upsert is not a function"}}
{"timestamp":"2026-05-06T16:22:43.516Z","level":"WARN","module":"ExcelService","message":"Error upserting product","data":{"product_id":"B014SZO90Y","error":"Product.upsert is not a function"}}
{"timestamp":"2026-05-06T16:22:43.516Z","level":"WARN","module":"ExcelService","message":"Error upserting product","data":{"product_id":"B07KCMR8D6","error":"Product.upsert is not a function"}}
{"timestamp":"2026-05-06T16:22:43.517Z","level":"WARN","module":"ExcelService","message":"Error upserting product","data":{"product_id":"B00N1U9AJS","error":"Product.upsert is not a function"}}
{"timestamp":"2026-05-06T16:22:43.517Z","level":"WARN","module":"ExcelService","message":"Error upserting product","data":{"product_id":"B07KY3FNQP","error":"Product.upsert is not a function"}}
{"timestamp":"2026-05-06T16:22:43.518Z","level":"WARN","module":"ExcelService","message":"Error upserting product","data":{"product_id":"B0B3N7LR6K","error":"Product.upsert is not a function"}}
{"timestamp":"2026-05-06T16:22:43.518Z","level":"WARN","module":"ExcelService","message":"Error upserting product","data":{"product_id":"B07QZ3CZ48","error":"Product.upsert is not a function"}}
{"timestamp":"2026-05-06T16:22:43.519Z","level":"WARN","module":"ExcelService","message":"Error upserting product","data":{"product_id":"B09T3H12GV","error":"Product.upsert is not a function"}}
{"timestamp":"2026-05-06T16:22:43.520Z","level":"WARN","module":"ExcelService","message":"Error upserting product","data":{"product_id":"B098NS6PVG","error":"Product.upsert is not a function"}}
{"timestamp":"2026-05-06T16:22:43.521Z","level":"WARN","module":"ExcelService","message":"Error upserting product","data":{"product_id":"B096MSW6CT","error":"Product.upsert is not a function"}}
{"timestamp":"2026-05-06T16:22:43.523Z","level":"WARN","module":"ExcelService","message":"Error upserting product","data":{"product_id":"B09ZQK9X8G","error":"Product.upsert is not a function"}}
{"timestamp":"2026-05-06T16:22:43.524Z","level":"WARN","module":"ExcelService","message":"Error upserting product","data":{"product_id":"B08ZJDWTJ1","error":"Product.upsert is not a function"}}
{"timestamp":"2026-05-06T16:22:43.524Z","level":"WARN","module":"ExcelService","message":"Error upserting product","data":{"product_id":"B08FTFXNNB","error":"Product.upsert is not a function"}}
{"timestamp":"2026-05-06T16:22:43.525Z","level":"WARN","module":"ExcelService","message":"Error upserting product","data":{"product_id":"B08YDFX7Y1","error":"Product.upsert is not a function"}}
{"timestamp":"2026-05-06T16:22:43.526Z","level":"WARN","module":"ExcelService","message":"Error upserting product","data":{"product_id":"B08HDJ86NZ","error":"Product.upsert is not a function"}}
{"timestamp":"2026-05-06T16:22:43.527Z","level":"WARN","module":"ExcelService","message":"Error upserting product","data":{"product_id":"B087FXHB6J","error":"Product.upsert is not a function"}}
{"timestamp":"2026-05-06T16:22:43.528Z","level":"WARN","module":"ExcelService","message":"Error upserting product","data":{"product_id":"B07N42JB4S","error":"Product.upsert is not a function"}}
{"timestamp":"2026-05-06T16:22:43.529Z","level":"WARN","module":"ExcelService","message":"Error upserting product","data":{"product_id":"B0B31BYXQQ","error":"Product.upsert is not a function"}}
{"timestamp":"2026-05-06T16:22:43.530Z","level":"WARN","module":"ExcelService","message":"Error upserting product","data":{"product_id":"B08CF3B7N1","error":"Product.upsert is not a function"}}
{"timestamp":"2026-05-06T16:22:43.530Z","level":"WARN","module":"ExcelService","message":"Error upserting product","data":{"product_id":"B07SLMR1K6","error":"Product.upsert is not a function"}}
{"timestamp":"2026-05-06T16:22:43.531Z","level":"WARN","module":"ExcelService","message":"Error upserting product","data":{"product_id":"B09MQSCJQ1","error":"Product.upsert is not a function"}}
{"timestamp":"2026-05-06T16:22:43.532Z","level":"WARN","module":"ExcelService","message":"Error upserting product","data":{"product_id":"B094YFFSMY","error":"Product.upsert is not a function"}}
{"timestamp":"2026-05-06T16:22:43.532Z","level":"WARN","module":"ExcelService","message":"Error upserting product","data":{"product_id":"B092X94QNQ","error":"Product.upsert is not a function"}}
{"timestamp":"2026-05-06T16:22:43.533Z","level":"WARN","module":"ExcelService","message":"Error upserting product","data":{"product_id":"B0846D5CBP","error":"Product.upsert is not a function"}}
{"timestamp":"2026-05-06T16:22:43.534Z","level":"WARN","module":"ExcelService","message":"Error upserting product","data":{"product_id":"B00KXULGJQ","error":"Product.upsert is not a function"}}
{"timestamp":"2026-05-06T16:22:43.534Z","level":"WARN","module":"ExcelService","message":"Error upserting product","data":{"product_id":"B08H9Z3XQW","error":"Product.upsert is not a function"}}
{"timestamp":"2026-05-06T16:22:43.535Z","level":"WARN","module":"ExcelService","message":"Error upserting product","data":{"product_id":"B08LPJZSSW","error":"Product.upsert is not a function"}}
{"timestamp":"2026-05-06T16:22:43.536Z","level":"WARN","module":"ExcelService","message":"Error upserting product","data":{"product_id":"B09MT84WV5","error":"Product.upsert is not a function"}}
{"timestamp":"2026-05-06T16:22:43.537Z","level":"WARN","module":"ExcelService","message":"Error upserting product","data":{"product_id":"B08Y1TFSP6","error":"Product.upsert is not a function"}}
{"timestamp":"2026-05-06T16:22:43.538Z","level":"WARN","module":"ExcelService","message":"Error upserting product","data":{"product_id":"B08CYPB15D","error":"Product.upsert is not a function"}}
{"timestamp":"2026-05-06T16:22:43.539Z","level":"WARN","module":"ExcelService","message":"Error upserting product","data":{"product_id":"B085HY1DGR","error":"Product.upsert is not a function"}}
{"timestamp":"2026-05-06T16:22:43.540Z","level":"WARN","module":"ExcelService","message":"Error upserting product","data":{"product_id":"B00MFPCY5C","error":"Product.upsert is not a function"}}
{"timestamp":"2026-05-06T16:22:43.540Z","level":"WARN","module":"ExcelService","message":"Error upserting product","data":{"product_id":"B07JJFSG2B","error":"Product.upsert is not a function"}}
{"timestamp":"2026-05-06T16:22:43.541Z","level":"WARN","module":"ExcelService","message":"Error upserting product","data":{"product_id":"B09NR6G588","error":"Product.upsert is not a function"}}
{"timestamp":"2026-05-06T16:22:43.542Z","level":"WARN","module":"ExcelService","message":"Error upserting product","data":{"product_id":"B07JPX9CR7","error":"Product.upsert is not a function"}}
{"timestamp":"2026-05-06T16:22:43.542Z","level":"WARN","module":"ExcelService","message":"Error upserting product","data":{"product_id":"B08D11DZ2W","error":"Product.upsert is not a function"}}
{"timestamp":"2026-05-06T16:22:43.542Z","level":"WARN","module":"ExcelService","message":"Error upserting product","data":{"product_id":"B07Q7561HD","error":"Product.upsert is not a function"}}
{"timestamp":"2026-05-06T16:22:43.543Z","level":"WARN","module":"ExcelService","message":"Error upserting product","data":{"product_id":"B0819HZPXL","error":"Product.upsert is not a function"}}
{"timestamp":"2026-05-06T16:22:43.544Z","level":"WARN","module":"ExcelService","message":"Error upserting product","data":{"product_id":"B00LXTFMRS","error":"Product.upsert is not a function"}}
{"timestamp":"2026-05-06T16:22:43.545Z","level":"WARN","module":"ExcelService","message":"Error upserting product","data":{"product_id":"B0B9LDCX89","error":"Product.upsert is not a function"}}
{"timestamp":"2026-05-06T16:22:43.545Z","level":"WARN","module":"ExcelService","message":"Error upserting product","data":{"product_id":"B0765B3TH7","error":"Product.upsert is not a function"}}
{"timestamp":"2026-05-06T16:22:43.546Z","level":"WARN","module":"ExcelService","message":"Error upserting product","data":{"product_id":"B0B1F6GQPS","error":"Product.upsert is not a function"}}
{"timestamp":"2026-05-06T16:22:43.547Z","level":"WARN","module":"ExcelService","message":"Error upserting product","data":{"product_id":"B07LG59NPV","error":"Product.upsert is not a function"}}
{"timestamp":"2026-05-06T16:22:43.547Z","level":"WARN","module":"ExcelService","message":"Error upserting product","data":{"product_id":"B07RD611Z8","error":"Product.upsert is not a function"}}
{"timestamp":"2026-05-06T16:22:43.548Z","level":"WARN","module":"ExcelService","message":"Error upserting product","data":{"product_id":"B08WRWPM22","error":"Product.upsert is not a function"}}
{"timestamp":"2026-05-06T16:22:43.548Z","level":"WARN","module":"ExcelService","message":"Error upserting product","data":{"product_id":"B00AXHBBXU","error":"Product.upsert is not a function"}}
{"timestamp":"2026-05-06T16:22:43.549Z","level":"WARN","module":"ExcelService","message":"Error upserting product","data":{"product_id":"B08MCD9JFY","error":"Product.upsert is not a function"}}
{"timestamp":"2026-05-06T16:22:43.549Z","level":"WARN","module":"ExcelService","message":"Error upserting product","data":{"product_id":"B083RCTXLL","error":"Product.upsert is not a function"}}
{"timestamp":"2026-05-06T16:22:43.550Z","level":"WARN","module":"ExcelService","message":"Error upserting product","data":{"product_id":"B08HLZ28QC","error":"Product.upsert is not a function"}}
{"timestamp":"2026-05-06T16:22:43.551Z","level":"WARN","module":"ExcelService","message":"Error upserting product","data":{"product_id":"B07GVR9TG7","error":"Product.upsert is not a function"}}
{"timestamp":"2026-05-06T16:22:43.552Z","level":"WARN","module":"ExcelService","message":"Error upserting product","data":{"product_id":"B0856HY85J","error":"Product.upsert is not a function"}}
{"timestamp":"2026-05-06T16:22:43.552Z","level":"WARN","module":"ExcelService","message":"Error upserting product","data":{"product_id":"B07CD2BN46","error":"Product.upsert is not a function"}}
{"timestamp":"2026-05-06T16:22:43.553Z","level":"WARN","module":"ExcelService","message":"Error upserting product","data":{"product_id":"B07PLHTTB4","error":"Product.upsert is not a function"}}
{"timestamp":"2026-05-06T16:22:43.554Z","level":"WARN","module":"ExcelService","message":"Error upserting product","data":{"product_id":"B077T3BG5L","error":"Product.upsert is not a function"}}
{"timestamp":"2026-05-06T16:22:43.555Z","level":"WARN","module":"ExcelService","message":"Error upserting product","data":{"product_id":"B08DDRGWTJ","error":"Product.upsert is not a function"}}
{"timestamp":"2026-05-06T16:22:43.556Z","level":"WARN","module":"ExcelService","message":"Error upserting product","data":{"product_id":"B079Y6JZC8","error":"Product.upsert is not a function"}}
{"timestamp":"2026-05-06T16:22:43.556Z","level":"WARN","module":"ExcelService","message":"Error upserting product","data":{"product_id":"B0856HNMR7","error":"Product.upsert is not a function"}}
{"timestamp":"2026-05-06T16:22:43.557Z","level":"WARN","module":"ExcelService","message":"Error upserting product","data":{"product_id":"B0B12K5BPM","error":"Product.upsert is not a function"}}
{"timestamp":"2026-05-06T16:22:43.557Z","level":"WARN","module":"ExcelService","message":"Error upserting product","data":{"product_id":"B08MTCKDYN","error":"Product.upsert is not a function"}}
{"timestamp":"2026-05-06T16:22:43.558Z","level":"WARN","module":"ExcelService","message":"Error upserting product","data":{"product_id":"B08CF3D7QR","error":"Product.upsert is not a function"}}
{"timestamp":"2026-05-06T16:22:43.559Z","level":"WARN","module":"ExcelService","message":"Error upserting product","data":{"product_id":"B00LVMTA2A","error":"Product.upsert is not a function"}}
{"timestamp":"2026-05-06T16:22:43.560Z","level":"WARN","module":"ExcelService","message":"Error upserting product","data":{"product_id":"B07TR5HSR9","error":"Product.upsert is not a function"}}
{"timestamp":"2026-05-06T16:22:43.560Z","level":"WARN","module":"ExcelService","message":"Error upserting product","data":{"product_id":"B0819ZZK5K","error":"Product.upsert is not a function"}}
{"timestamp":"2026-05-06T16:22:43.561Z","level":"WARN","module":"ExcelService","message":"Error upserting product","data":{"product_id":"B096VF5YYF","error":"Product.upsert is not a function"}}
{"timestamp":"2026-05-06T16:22:43.561Z","level":"WARN","module":"ExcelService","message":"Error upserting product","data":{"product_id":"B08QJJCY2Q","error":"Product.upsert is not a function"}}
{"timestamp":"2026-05-06T16:22:43.562Z","level":"WARN","module":"ExcelService","message":"Error upserting product","data":{"product_id":"B07L5L4GTB","error":"Product.upsert is not a function"}}
{"timestamp":"2026-05-06T16:22:43.563Z","level":"WARN","module":"ExcelService","message":"Error upserting product","data":{"product_id":"B07L8KNP5F","error":"Product.upsert is not a function"}}
{"timestamp":"2026-05-06T16:22:43.564Z","level":"WARN","module":"ExcelService","message":"Error upserting product","data":{"product_id":"B08CF4SCNP","error":"Product.upsert is not a function"}}
{"timestamp":"2026-05-06T16:22:43.564Z","level":"WARN","module":"ExcelService","message":"Error upserting product","data":{"product_id":"B09XX51X2G","error":"Product.upsert is not a function"}}
{"timestamp":"2026-05-06T16:22:43.565Z","level":"WARN","module":"ExcelService","message":"Error upserting product","data":{"product_id":"B01M72LILF","error":"Product.upsert is not a function"}}
{"timestamp":"2026-05-06T16:22:43.566Z","level":"WARN","module":"ExcelService","message":"Error upserting product","data":{"product_id":"B07KSMBL2H","error":"Product.upsert is not a function"}}
{"timestamp":"2026-05-06T16:22:43.566Z","level":"WARN","module":"ExcelService","message":"Error upserting product","data":{"product_id":"B00LZLQ624","error":"Product.upsert is not a function"}}
{"timestamp":"2026-05-06T16:22:43.567Z","level":"WARN","module":"ExcelService","message":"Error upserting product","data":{"product_id":"B07DJLFMPS","error":"Product.upsert is not a function"}}
{"timestamp":"2026-05-06T16:22:43.567Z","level":"WARN","module":"ExcelService","message":"Error upserting product","data":{"product_id":"B09GB5B4BK","error":"Product.upsert is not a function"}}
{"timestamp":"2026-05-06T16:22:43.568Z","level":"WARN","module":"ExcelService","message":"Error upserting product","data":{"product_id":"B015ZXUDD0","error":"Product.upsert is not a function"}}
{"timestamp":"2026-05-06T16:22:43.568Z","level":"WARN","module":"ExcelService","message":"Error upserting product","data":{"product_id":"B085DTN6R2","error":"Product.upsert is not a function"}}
{"timestamp":"2026-05-06T16:22:43.569Z","level":"WARN","module":"ExcelService","message":"Error upserting product","data":{"product_id":"B09PL79D2X","error":"Product.upsert is not a function"}}
{"timestamp":"2026-05-06T16:22:43.570Z","level":"WARN","module":"ExcelService","message":"Error upserting product","data":{"product_id":"B098K3H92Z","error":"Product.upsert is not a function"}}
{"timestamp":"2026-05-06T16:22:43.570Z","level":"WARN","module":"ExcelService","message":"Error upserting product","data":{"product_id":"B09KLVMZ3B","error":"Product.upsert is not a function"}}
{"timestamp":"2026-05-06T16:22:43.571Z","level":"WARN","module":"ExcelService","message":"Error upserting product","data":{"product_id":"B084PJSSQ1","error":"Product.upsert is not a function"}}
{"timestamp":"2026-05-06T16:22:43.572Z","level":"WARN","module":"ExcelService","message":"Error upserting product","data":{"product_id":"B097R25DP7","error":"Product.upsert is not a function"}}
{"timestamp":"2026-05-06T16:22:43.573Z","level":"WARN","module":"ExcelService","message":"Error upserting product","data":{"product_id":"B097C564GC","error":"Product.upsert is not a function"}}
{"timestamp":"2026-05-06T16:22:43.574Z","level":"WARN","module":"ExcelService","message":"Error upserting product","data":{"product_id":"B08CYNJ5KY","error":"Product.upsert is not a function"}}
{"timestamp":"2026-05-06T16:22:43.575Z","level":"WARN","module":"ExcelService","message":"Error upserting product","data":{"product_id":"B00Y4ORQ46","error":"Product.upsert is not a function"}}
{"timestamp":"2026-05-06T16:22:43.576Z","level":"WARN","module":"ExcelService","message":"Error upserting product","data":{"product_id":"B074CWD7MS","error":"Product.upsert is not a function"}}
{"timestamp":"2026-05-06T16:22:43.577Z","level":"WARN","module":"ExcelService","message":"Error upserting product","data":{"product_id":"B083342NKJ","error":"Product.upsert is not a function"}}
{"timestamp":"2026-05-06T16:22:43.578Z","level":"WARN","module":"ExcelService","message":"Error upserting product","data":{"product_id":"B09C6HXFC1","error":"Product.upsert is not a function"}}
{"timestamp":"2026-05-06T16:22:43.579Z","level":"WARN","module":"ExcelService","message":"Error upserting product","data":{"product_id":"B00A0VCJPI","error":"Product.upsert is not a function"}}
{"timestamp":"2026-05-06T16:22:43.579Z","level":"WARN","module":"ExcelService","message":"Error upserting product","data":{"product_id":"B00UGZWM2I","error":"Product.upsert is not a function"}}
{"timestamp":"2026-05-06T16:22:43.580Z","level":"WARN","module":"ExcelService","message":"Error upserting product","data":{"product_id":"B00R1P3B4O","error":"Product.upsert is not a function"}}
{"timestamp":"2026-05-06T16:22:43.581Z","level":"WARN","module":"ExcelService","message":"Error upserting product","data":{"product_id":"B0B3MWYCHQ","error":"Product.upsert is not a function"}}
{"timestamp":"2026-05-06T16:22:43.582Z","level":"WARN","module":"ExcelService","message":"Error upserting product","data":{"product_id":"B09DG9VNWB","error":"Product.upsert is not a function"}}
{"timestamp":"2026-05-06T16:22:43.583Z","level":"WARN","module":"ExcelService","message":"Error upserting product","data":{"product_id":"B09Y5MP7C4","error":"Product.upsert is not a function"}}
{"timestamp":"2026-05-06T16:22:43.583Z","level":"WARN","module":"ExcelService","message":"Error upserting product","data":{"product_id":"B01DJJVFPC","error":"Product.upsert is not a function"}}
{"timestamp":"2026-05-06T16:22:43.584Z","level":"WARN","module":"ExcelService","message":"Error upserting product","data":{"product_id":"B07DFYJRQV","error":"Product.upsert is not a function"}}
{"timestamp":"2026-05-06T16:22:43.585Z","level":"WARN","module":"ExcelService","message":"Error upserting product","data":{"product_id":"B08L879JSN","error":"Product.upsert is not a function"}}
{"timestamp":"2026-05-06T16:22:43.586Z","level":"WARN","module":"ExcelService","message":"Error upserting product","data":{"product_id":"B08TDJNM3G","error":"Product.upsert is not a function"}}
{"timestamp":"2026-05-06T16:22:43.587Z","level":"WARN","module":"ExcelService","message":"Error upserting product","data":{"product_id":"B06XSK3XL6","error":"Product.upsert is not a function"}}
{"timestamp":"2026-05-06T16:22:43.588Z","level":"WARN","module":"ExcelService","message":"Error upserting product","data":{"product_id":"B07YNTJ8ZM","error":"Product.upsert is not a function"}}
{"timestamp":"2026-05-06T16:22:43.589Z","level":"WARN","module":"ExcelService","message":"Error upserting product","data":{"product_id":"B09KGV7WSV","error":"Product.upsert is not a function"}}
{"timestamp":"2026-05-06T16:22:43.589Z","level":"WARN","module":"ExcelService","message":"Error upserting product","data":{"product_id":"B08DPLCM6T","error":"Product.upsert is not a function"}}
{"timestamp":"2026-05-06T16:22:43.590Z","level":"WARN","module":"ExcelService","message":"Error upserting product","data":{"product_id":"B07KR5P3YD","error":"Product.upsert is not a function"}}
{"timestamp":"2026-05-06T16:22:43.591Z","level":"WARN","module":"ExcelService","message":"Error upserting product","data":{"product_id":"B08FB2LNSZ","error":"Product.upsert is not a function"}}
{"timestamp":"2026-05-06T16:22:43.592Z","level":"WARN","module":"ExcelService","message":"Error upserting product","data":{"product_id":"B01IBRHE3E","error":"Product.upsert is not a function"}}
{"timestamp":"2026-05-06T16:22:43.593Z","level":"WARN","module":"ExcelService","message":"Error upserting product","data":{"product_id":"B01N6LU1VF","error":"Product.upsert is not a function"}}
{"timestamp":"2026-05-06T16:22:43.593Z","level":"WARN","module":"ExcelService","message":"Error upserting product","data":{"product_id":"B07XLML2YS","error":"Product.upsert is not a function"}}
{"timestamp":"2026-05-06T16:22:43.594Z","level":"WARN","module":"ExcelService","message":"Error upserting product","data":{"product_id":"B086WMSCN3","error":"Product.upsert is not a function"}}
{"timestamp":"2026-05-06T16:22:43.594Z","level":"WARN","module":"ExcelService","message":"Error upserting product","data":{"product_id":"B003B00484","error":"Product.upsert is not a function"}}
{"timestamp":"2026-05-06T16:22:43.595Z","level":"WARN","module":"ExcelService","message":"Error upserting product","data":{"product_id":"B085194JFL","error":"Product.upsert is not a function"}}
{"timestamp":"2026-05-06T16:22:43.596Z","level":"WARN","module":"ExcelService","message":"Error upserting product","data":{"product_id":"B09F6S8BT6","error":"Product.upsert is not a function"}}
{"timestamp":"2026-05-06T16:22:43.597Z","level":"WARN","module":"ExcelService","message":"Error upserting product","data":{"product_id":"B003L62T7W","error":"Product.upsert is not a function"}}
{"timestamp":"2026-05-06T16:22:43.598Z","level":"WARN","module":"ExcelService","message":"Error upserting product","data":{"product_id":"B09P18XVW6","error":"Product.upsert is not a function"}}
{"timestamp":"2026-05-06T16:22:43.599Z","level":"WARN","module":"ExcelService","message":"Error upserting product","data":{"product_id":"B00LZLPYHW","error":"Product.upsert is not a function"}}
{"timestamp":"2026-05-06T16:22:43.599Z","level":"WARN","module":"ExcelService","message":"Error upserting product","data":{"product_id":"B09NHVCHS9","error":"Product.upsert is not a function"}}
{"timestamp":"2026-05-06T16:22:43.600Z","level":"WARN","module":"ExcelService","message":"Error upserting product","data":{"product_id":"B00NNQMYNE","error":"Product.upsert is not a function"}}
{"timestamp":"2026-05-06T16:22:43.601Z","level":"WARN","module":"ExcelService","message":"Error upserting product","data":{"product_id":"B0B217Z5VK","error":"Product.upsert is not a function"}}
{"timestamp":"2026-05-06T16:22:43.601Z","level":"WARN","module":"ExcelService","message":"Error upserting product","data":{"product_id":"B07B88KQZ8","error":"Product.upsert is not a function"}}
{"timestamp":"2026-05-06T16:22:43.602Z","level":"WARN","module":"ExcelService","message":"Error upserting product","data":{"product_id":"B01M4GGIVU","error":"Product.upsert is not a function"}}
{"timestamp":"2026-05-06T16:22:43.604Z","level":"WARN","module":"ExcelService","message":"Error upserting product","data":{"product_id":"B07Z3K96FR","error":"Product.upsert is not a function"}}
{"timestamp":"2026-05-06T16:22:43.604Z","level":"WARN","module":"ExcelService","message":"Error upserting product","data":{"product_id":"B0756CLQWL","error":"Product.upsert is not a function"}}
{"timestamp":"2026-05-06T16:22:43.605Z","level":"WARN","module":"ExcelService","message":"Error upserting product","data":{"product_id":"B004IO5BMQ","error":"Product.upsert is not a function"}}
{"timestamp":"2026-05-06T16:22:43.606Z","level":"WARN","module":"ExcelService","message":"Error upserting product","data":{"product_id":"B09Z6WH2N1","error":"Product.upsert is not a function"}}
{"timestamp":"2026-05-06T16:22:43.607Z","level":"WARN","module":"ExcelService","message":"Error upserting product","data":{"product_id":"B01HGCLUH6","error":"Product.upsert is not a function"}}
{"timestamp":"2026-05-06T16:22:43.608Z","level":"WARN","module":"ExcelService","message":"Error upserting product","data":{"product_id":"B01N4EV2TL","error":"Product.upsert is not a function"}}
{"timestamp":"2026-05-06T16:22:43.609Z","level":"WARN","module":"ExcelService","message":"Error upserting product","data":{"product_id":"B08MZQBFLN","error":"Product.upsert is not a function"}}
{"timestamp":"2026-05-06T16:22:43.610Z","level":"WARN","module":"ExcelService","message":"Error upserting product","data":{"product_id":"B0752LL57V","error":"Product.upsert is not a function"}}
{"timestamp":"2026-05-06T16:22:43.610Z","level":"WARN","module":"ExcelService","message":"Error upserting product","data":{"product_id":"B08K4PSZ3V","error":"Product.upsert is not a function"}}
{"timestamp":"2026-05-06T16:22:43.611Z","level":"WARN","module":"ExcelService","message":"Error upserting product","data":{"product_id":"B09Z28BQZT","error":"Product.upsert is not a function"}}
{"timestamp":"2026-05-06T16:22:43.612Z","level":"WARN","module":"ExcelService","message":"Error upserting product","data":{"product_id":"B094DQWV9B","error":"Product.upsert is not a function"}}
{"timestamp":"2026-05-06T16:22:43.613Z","level":"WARN","module":"ExcelService","message":"Error upserting product","data":{"product_id":"B0BBMPH39N","error":"Product.upsert is not a function"}}
{"timestamp":"2026-05-06T16:22:43.613Z","level":"WARN","module":"ExcelService","message":"Error upserting product","data":{"product_id":"B097JQ1J5G","error":"Product.upsert is not a function"}}
{"timestamp":"2026-05-06T16:22:43.614Z","level":"WARN","module":"ExcelService","message":"Error upserting product","data":{"product_id":"B07YY1BY5B","error":"Product.upsert is not a function"}}
{"timestamp":"2026-05-06T16:22:43.615Z","level":"WARN","module":"ExcelService","message":"Error upserting product","data":{"product_id":"B08VRMK55F","error":"Product.upsert is not a function"}}
{"timestamp":"2026-05-06T16:22:43.616Z","level":"WARN","module":"ExcelService","message":"Error upserting product","data":{"product_id":"B08CHZ3ZQ7","error":"Product.upsert is not a function"}}
{"timestamp":"2026-05-06T16:22:43.616Z","level":"WARN","module":"ExcelService","message":"Error upserting product","data":{"product_id":"B08SCCG9D4","error":"Product.upsert is not a function"}}
{"timestamp":"2026-05-06T16:22:43.617Z","level":"WARN","module":"ExcelService","message":"Error upserting product","data":{"product_id":"B0972BQ2RS","error":"Product.upsert is not a function"}}
{"timestamp":"2026-05-06T16:22:43.618Z","level":"WARN","module":"ExcelService","message":"Error upserting product","data":{"product_id":"B00ZRBWPA0","error":"Product.upsert is not a function"}}
{"timestamp":"2026-05-06T16:22:43.618Z","level":"WARN","module":"ExcelService","message":"Error upserting product","data":{"product_id":"B0B2DD66GS","error":"Product.upsert is not a function"}}
{"timestamp":"2026-05-06T16:22:43.619Z","level":"WARN","module":"ExcelService","message":"Error upserting product","data":{"product_id":"B09M869Z5V","error":"Product.upsert is not a function"}}
{"timestamp":"2026-05-06T16:22:43.620Z","level":"WARN","module":"ExcelService","message":"Error upserting product","data":{"product_id":"B07W6VWZ8C","error":"Product.upsert is not a function"}}
{"timestamp":"2026-05-06T16:22:43.622Z","level":"WARN","module":"ExcelService","message":"Error upserting product","data":{"product_id":"B07Z1X6VFC","error":"Product.upsert is not a function"}}
{"timestamp":"2026-05-06T16:22:43.623Z","level":"WARN","module":"ExcelService","message":"Error upserting product","data":{"product_id":"B07YL54NVJ","error":"Product.upsert is not a function"}}
{"timestamp":"2026-05-06T16:22:43.624Z","level":"WARN","module":"ExcelService","message":"Error upserting product","data":{"product_id":"B0759QMF85","error":"Product.upsert is not a function"}}
{"timestamp":"2026-05-06T16:22:43.626Z","level":"WARN","module":"ExcelService","message":"Error upserting product","data":{"product_id":"B00LM4X0KU","error":"Product.upsert is not a function"}}
{"timestamp":"2026-05-06T16:22:43.626Z","level":"WARN","module":"ExcelService","message":"Error upserting product","data":{"product_id":"B08PFSZ7FH","error":"Product.upsert is not a function"}}
{"timestamp":"2026-05-06T16:22:43.627Z","level":"WARN","module":"ExcelService","message":"Error upserting product","data":{"product_id":"B012MQS060","error":"Product.upsert is not a function"}}
{"timestamp":"2026-05-06T16:22:43.627Z","level":"WARN","module":"ExcelService","message":"Error upserting product","data":{"product_id":"B01MF8MB65","error":"Product.upsert is not a function"}}
{"timestamp":"2026-05-06T16:22:43.628Z","level":"WARN","module":"ExcelService","message":"Error upserting product","data":{"product_id":"B00LHZWD0C","error":"Product.upsert is not a function"}}
{"timestamp":"2026-05-06T16:22:43.629Z","level":"WARN","module":"ExcelService","message":"Error upserting product","data":{"product_id":"B08QDPB1SL","error":"Product.upsert is not a function"}}
{"timestamp":"2026-05-06T16:22:43.630Z","level":"WARN","module":"ExcelService","message":"Error upserting product","data":{"product_id":"B07BRKK9JQ","error":"Product.upsert is not a function"}}
{"timestamp":"2026-05-06T16:22:43.630Z","level":"WARN","module":"ExcelService","message":"Error upserting product","data":{"product_id":"B01EZ0X3L8","error":"Product.upsert is not a function"}}
{"timestamp":"2026-05-06T16:22:43.631Z","level":"WARN","module":"ExcelService","message":"Error upserting product","data":{"product_id":"B00LM4W1N2","error":"Product.upsert is not a function"}}
{"timestamp":"2026-05-06T16:22:43.632Z","level":"WARN","module":"ExcelService","message":"Error upserting product","data":{"product_id":"B0949SBKMP","error":"Product.upsert is not a function"}}
{"timestamp":"2026-05-06T16:22:43.633Z","level":"WARN","module":"ExcelService","message":"Error upserting product","data":{"product_id":"B08YD264ZS","error":"Product.upsert is not a function"}}
{"timestamp":"2026-05-06T16:22:43.633Z","level":"WARN","module":"ExcelService","message":"Error upserting product","data":{"product_id":"B094JNXNPV","error":"Product.upsert is not a function"}}
{"timestamp":"2026-05-06T16:22:43.634Z","level":"WARN","module":"ExcelService","message":"Error upserting product","data":{"product_id":"B00GZLB57U","error":"Product.upsert is not a function"}}
{"timestamp":"2026-05-06T16:22:43.634Z","level":"WARN","module":"ExcelService","message":"Error upserting product","data":{"product_id":"B07V82W5CN","error":"Product.upsert is not a function"}}
{"timestamp":"2026-05-06T16:22:43.635Z","level":"WARN","module":"ExcelService","message":"Error upserting product","data":{"product_id":"B077Z65HSD","error":"Product.upsert is not a function"}}
{"timestamp":"2026-05-06T16:22:43.637Z","level":"WARN","module":"ExcelService","message":"Error upserting product","data":{"product_id":"B08HD7JQHX","error":"Product.upsert is not a function"}}
{"timestamp":"2026-05-06T16:22:43.638Z","level":"WARN","module":"ExcelService","message":"Error upserting product","data":{"product_id":"B0B31FR4Y2","error":"Product.upsert is not a function"}}
{"timestamp":"2026-05-06T16:22:43.639Z","level":"WARN","module":"ExcelService","message":"Error upserting product","data":{"product_id":"B09Y14JLP3","error":"Product.upsert is not a function"}}
{"timestamp":"2026-05-06T16:22:43.640Z","level":"WARN","module":"ExcelService","message":"Error upserting product","data":{"product_id":"B09ZHCJDP1","error":"Product.upsert is not a function"}}
{"timestamp":"2026-05-06T16:22:43.641Z","level":"WARN","module":"ExcelService","message":"Error upserting product","data":{"product_id":"B08C4Z69LN","error":"Product.upsert is not a function"}}
{"timestamp":"2026-05-06T16:22:43.641Z","level":"WARN","module":"ExcelService","message":"Error upserting product","data":{"product_id":"B016XVRKZM","error":"Product.upsert is not a function"}}
{"timestamp":"2026-05-06T16:22:43.642Z","level":"WARN","module":"ExcelService","message":"Error upserting product","data":{"product_id":"B00LHZW3XY","error":"Product.upsert is not a function"}}
{"timestamp":"2026-05-06T16:22:43.643Z","level":"WARN","module":"ExcelService","message":"Error upserting product","data":{"product_id":"B098JYT4SY","error":"Product.upsert is not a function"}}
{"timestamp":"2026-05-06T16:22:43.644Z","level":"WARN","module":"ExcelService","message":"Error upserting product","data":{"product_id":"B08CFCK6CW","error":"Product.upsert is not a function"}}
{"timestamp":"2026-05-06T16:22:43.645Z","level":"WARN","module":"ExcelService","message":"Error upserting product","data":{"product_id":"B09P564ZTJ","error":"Product.upsert is not a function"}}
{"timestamp":"2026-05-06T16:22:43.645Z","level":"WARN","module":"ExcelService","message":"Error upserting product","data":{"product_id":"B07MSLTW8Z","error":"Product.upsert is not a function"}}
{"timestamp":"2026-05-06T16:22:43.646Z","level":"WARN","module":"ExcelService","message":"Error upserting product","data":{"product_id":"B09N6TTHT6","error":"Product.upsert is not a function"}}
{"timestamp":"2026-05-06T16:22:43.647Z","level":"WARN","module":"ExcelService","message":"Error upserting product","data":{"product_id":"B09W5XR9RT","error":"Product.upsert is not a function"}}
{"timestamp":"2026-05-06T16:22:43.647Z","level":"WARN","module":"ExcelService","message":"Error upserting product","data":{"product_id":"B098R25TGC","error":"Product.upsert is not a function"}}
{"timestamp":"2026-05-06T16:22:43.648Z","level":"WARN","module":"ExcelService","message":"Error upserting product","data":{"product_id":"B0B2PQL5N3","error":"Product.upsert is not a function"}}
{"timestamp":"2026-05-06T16:22:43.649Z","level":"WARN","module":"ExcelService","message":"Error upserting product","data":{"product_id":"B07DKZCZ89","error":"Product.upsert is not a function"}}
{"timestamp":"2026-05-06T16:22:43.650Z","level":"WARN","module":"ExcelService","message":"Error upserting product","data":{"product_id":"B08GYG6T12","error":"Product.upsert is not a function"}}
{"timestamp":"2026-05-06T16:22:43.651Z","level":"WARN","module":"ExcelService","message":"Error upserting product","data":{"product_id":"B09BN2NPBD","error":"Product.upsert is not a function"}}
{"timestamp":"2026-05-06T16:22:43.651Z","level":"WARN","module":"ExcelService","message":"Error upserting product","data":{"product_id":"B00J4YG0PC","error":"Product.upsert is not a function"}}
{"timestamp":"2026-05-06T16:22:43.652Z","level":"WARN","module":"ExcelService","message":"Error upserting product","data":{"product_id":"B073BRXPZX","error":"Product.upsert is not a function"}}
{"timestamp":"2026-05-06T16:22:43.652Z","level":"WARN","module":"ExcelService","message":"Error upserting product","data":{"product_id":"B08LHTJTBB","error":"Product.upsert is not a function"}}
{"timestamp":"2026-05-06T16:22:43.653Z","level":"WARN","module":"ExcelService","message":"Error upserting product","data":{"product_id":"B07VTFN6HM","error":"Product.upsert is not a function"}}
{"timestamp":"2026-05-06T16:22:43.654Z","level":"WARN","module":"ExcelService","message":"Error upserting product","data":{"product_id":"B008QS9J6Y","error":"Product.upsert is not a function"}}
{"timestamp":"2026-05-06T16:22:43.655Z","level":"WARN","module":"ExcelService","message":"Error upserting product","data":{"product_id":"B09M8888DM","error":"Product.upsert is not a function"}}
{"timestamp":"2026-05-06T16:22:43.655Z","level":"WARN","module":"ExcelService","message":"Error upserting product","data":{"product_id":"B07Z1YVP72","error":"Product.upsert is not a function"}}
{"timestamp":"2026-05-06T16:22:43.656Z","level":"WARN","module":"ExcelService","message":"Error upserting product","data":{"product_id":"B082FTPRSK","error":"Product.upsert is not a function"}}
{"timestamp":"2026-05-06T16:22:43.657Z","level":"WARN","module":"ExcelService","message":"Error upserting product","data":{"product_id":"B09RF2QXGX","error":"Product.upsert is not a function"}}
{"timestamp":"2026-05-06T16:22:43.658Z","level":"WARN","module":"ExcelService","message":"Error upserting product","data":{"product_id":"B01KK0HU3Y","error":"Product.upsert is not a function"}}
{"timestamp":"2026-05-06T16:22:43.658Z","level":"WARN","module":"ExcelService","message":"Error upserting product","data":{"product_id":"B07JF9B592","error":"Product.upsert is not a function"}}
{"timestamp":"2026-05-06T16:22:43.659Z","level":"WARN","module":"ExcelService","message":"Error upserting product","data":{"product_id":"B086394NY5","error":"Product.upsert is not a function"}}
{"timestamp":"2026-05-06T16:22:43.660Z","level":"WARN","module":"ExcelService","message":"Error upserting product","data":{"product_id":"B00NH11PEY","error":"Product.upsert is not a function"}}
{"timestamp":"2026-05-06T16:22:43.661Z","level":"WARN","module":"ExcelService","message":"Error upserting product","data":{"product_id":"B017PDR9N0","error":"Product.upsert is not a function"}}
{"timestamp":"2026-05-06T16:22:43.662Z","level":"WARN","module":"ExcelService","message":"Error upserting product","data":{"product_id":"B07NC12T2R","error":"Product.upsert is not a function"}}
{"timestamp":"2026-05-06T16:22:43.662Z","level":"WARN","module":"ExcelService","message":"Error upserting product","data":{"product_id":"B07WKBD37W","error":"Product.upsert is not a function"}}
{"timestamp":"2026-05-06T16:22:43.663Z","level":"WARN","module":"ExcelService","message":"Error upserting product","data":{"product_id":"B08JMC1988","error":"Product.upsert is not a function"}}
{"timestamp":"2026-05-06T16:22:43.664Z","level":"WARN","module":"ExcelService","message":"Error upserting product","data":{"product_id":"B09GFN8WZL","error":"Product.upsert is not a function"}}
{"timestamp":"2026-05-06T16:22:43.664Z","level":"WARN","module":"ExcelService","message":"Error upserting product","data":{"product_id":"B095X38CJS","error":"Product.upsert is not a function"}}
{"timestamp":"2026-05-06T16:22:43.665Z","level":"WARN","module":"ExcelService","message":"Error upserting product","data":{"product_id":"B07ZKD8T1Q","error":"Product.upsert is not a function"}}
{"timestamp":"2026-05-06T16:22:43.665Z","level":"WARN","module":"ExcelService","message":"Error upserting product","data":{"product_id":"B07G3YNLJB","error":"Product.upsert is not a function"}}
{"timestamp":"2026-05-06T16:22:43.666Z","level":"WARN","module":"ExcelService","message":"Error upserting product","data":{"product_id":"B00P93X2H6","error":"Product.upsert is not a function"}}
{"timestamp":"2026-05-06T16:22:43.667Z","level":"WARN","module":"ExcelService","message":"Error upserting product","data":{"product_id":"B0798PJPCL","error":"Product.upsert is not a function"}}
{"timestamp":"2026-05-06T16:22:43.667Z","level":"WARN","module":"ExcelService","message":"Error upserting product","data":{"product_id":"B09GFWJDY1","error":"Product.upsert is not a function"}}
{"timestamp":"2026-05-06T16:22:43.668Z","level":"WARN","module":"ExcelService","message":"Error upserting product","data":{"product_id":"B09MZ6WZ6V","error":"Product.upsert is not a function"}}
{"timestamp":"2026-05-06T16:22:43.668Z","level":"WARN","module":"ExcelService","message":"Error upserting product","data":{"product_id":"B094QZLJQ6","error":"Product.upsert is not a function"}}
{"timestamp":"2026-05-06T16:22:43.669Z","level":"WARN","module":"ExcelService","message":"Error upserting product","data":{"product_id":"B07L3NDN24","error":"Product.upsert is not a function"}}
{"timestamp":"2026-05-06T16:22:43.670Z","level":"WARN","module":"ExcelService","message":"Error upserting product","data":{"product_id":"B08WD18LJZ","error":"Product.upsert is not a function"}}
{"timestamp":"2026-05-06T16:22:43.671Z","level":"WARN","module":"ExcelService","message":"Error upserting product","data":{"product_id":"B09CMM3VGK","error":"Product.upsert is not a function"}}
{"timestamp":"2026-05-06T16:22:43.671Z","level":"WARN","module":"ExcelService","message":"Error upserting product","data":{"product_id":"B06XDKWLJH","error":"Product.upsert is not a function"}}
{"timestamp":"2026-05-06T16:22:43.672Z","level":"WARN","module":"ExcelService","message":"Error upserting product","data":{"product_id":"B01J1CFO5I","error":"Product.upsert is not a function"}}
{"timestamp":"2026-05-06T16:22:43.673Z","level":"WARN","module":"ExcelService","message":"Error upserting product","data":{"product_id":"B07J2NGB69","error":"Product.upsert is not a function"}}
{"timestamp":"2026-05-06T16:22:43.674Z","level":"WARN","module":"ExcelService","message":"Error upserting product","data":{"product_id":"B00MUTWLW4","error":"Product.upsert is not a function"}}
{"timestamp":"2026-05-06T16:22:43.674Z","level":"WARN","module":"ExcelService","message":"Error upserting product","data":{"product_id":"B08QSC1XY8","error":"Product.upsert is not a function"}}
{"timestamp":"2026-05-06T16:22:43.675Z","level":"WARN","module":"ExcelService","message":"Error upserting product","data":{"product_id":"B017NC2IPM","error":"Product.upsert is not a function"}}
{"timestamp":"2026-05-06T16:22:43.675Z","level":"WARN","module":"ExcelService","message":"Error upserting product","data":{"product_id":"B00N1U7JXM","error":"Product.upsert is not a function"}}
{"timestamp":"2026-05-06T16:22:43.676Z","level":"WARN","module":"ExcelService","message":"Error upserting product","data":{"product_id":"B08HQL67D6","error":"Product.upsert is not a function"}}
{"timestamp":"2026-05-06T16:22:43.676Z","level":"WARN","module":"ExcelService","message":"Error upserting product","data":{"product_id":"B09RKFBCV7","error":"Product.upsert is not a function"}}
{"timestamp":"2026-05-06T16:22:43.677Z","level":"WARN","module":"ExcelService","message":"Error upserting product","data":{"product_id":"B08KHM9VBJ","error":"Product.upsert is not a function"}}
{"timestamp":"2026-05-06T16:22:43.678Z","level":"WARN","module":"ExcelService","message":"Error upserting product","data":{"product_id":"B01IOZUHRS","error":"Product.upsert is not a function"}}
{"timestamp":"2026-05-06T16:22:43.679Z","level":"WARN","module":"ExcelService","message":"Error upserting product","data":{"product_id":"B00CEQEGPI","error":"Product.upsert is not a function"}}
{"timestamp":"2026-05-06T16:22:43.680Z","level":"WARN","module":"ExcelService","message":"Error upserting product","data":{"product_id":"B08B6XWQ1C","error":"Product.upsert is not a function"}}
{"timestamp":"2026-05-06T16:22:43.681Z","level":"WARN","module":"ExcelService","message":"Error upserting product","data":{"product_id":"B01DGVKBC6","error":"Product.upsert is not a function"}}
{"timestamp":"2026-05-06T16:22:43.682Z","level":"WARN","module":"ExcelService","message":"Error upserting product","data":{"product_id":"B008FWZGSG","error":"Product.upsert is not a function"}}
{"timestamp":"2026-05-06T16:22:43.683Z","level":"WARN","module":"ExcelService","message":"Error upserting product","data":{"product_id":"B08JD36C6H","error":"Product.upsert is not a function"}}
{"timestamp":"2026-05-06T16:22:43.684Z","level":"WARN","module":"ExcelService","message":"Error upserting product","data":{"product_id":"B00E3DVQFS","error":"Product.upsert is not a function"}}
{"timestamp":"2026-05-06T16:22:43.684Z","level":"WARN","module":"ExcelService","message":"Error upserting product","data":{"product_id":"B0B4HJNPV4","error":"Product.upsert is not a function"}}
{"timestamp":"2026-05-06T16:22:43.685Z","level":"WARN","module":"ExcelService","message":"Error upserting product","data":{"product_id":"B00BN5SNF0","error":"Product.upsert is not a function"}}
{"timestamp":"2026-05-06T16:22:43.686Z","level":"WARN","module":"ExcelService","message":"Error upserting product","data":{"product_id":"B09SGGRKV8","error":"Product.upsert is not a function"}}
{"timestamp":"2026-05-06T16:22:43.688Z","level":"WARN","module":"ExcelService","message":"Error upserting product","data":{"product_id":"B07XLCFSSN","error":"Product.upsert is not a function"}}
{"timestamp":"2026-05-06T16:22:43.688Z","level":"WARN","module":"ExcelService","message":"Error upserting product","data":{"product_id":"B09RZS1NQT","error":"Product.upsert is not a function"}}
{"timestamp":"2026-05-06T16:22:43.689Z","level":"WARN","module":"ExcelService","message":"Error upserting product","data":{"product_id":"B084BR3QX8","error":"Product.upsert is not a function"}}
{"timestamp":"2026-05-06T16:22:43.689Z","level":"WARN","module":"ExcelService","message":"Error upserting product","data":{"product_id":"B09VC2D2WG","error":"Product.upsert is not a function"}}
{"timestamp":"2026-05-06T16:22:43.690Z","level":"WARN","module":"ExcelService","message":"Error upserting product","data":{"product_id":"B09163Q5CD","error":"Product.upsert is not a function"}}
{"timestamp":"2026-05-06T16:22:43.690Z","level":"WARN","module":"ExcelService","message":"Error upserting product","data":{"product_id":"B08K9PX15C","error":"Product.upsert is not a function"}}
{"timestamp":"2026-05-06T16:22:43.691Z","level":"WARN","module":"ExcelService","message":"Error upserting product","data":{"product_id":"B083RD1J99","error":"Product.upsert is not a function"}}
{"timestamp":"2026-05-06T16:22:43.691Z","level":"WARN","module":"ExcelService","message":"Error upserting product","data":{"product_id":"B09Z7YGV3R","error":"Product.upsert is not a function"}}
{"timestamp":"2026-05-06T16:22:43.691Z","level":"WARN","module":"ExcelService","message":"Error upserting product","data":{"product_id":"B00N3XLDW0","error":"Product.upsert is not a function"}}
{"timestamp":"2026-05-06T16:22:43.692Z","level":"WARN","module":"ExcelService","message":"Error upserting product","data":{"product_id":"B07Z53L5QL","error":"Product.upsert is not a function"}}
{"timestamp":"2026-05-06T16:22:43.693Z","level":"WARN","module":"ExcelService","message":"Error upserting product","data":{"product_id":"B00P93X0VO","error":"Product.upsert is not a function"}}
{"timestamp":"2026-05-06T16:22:43.694Z","level":"WARN","module":"ExcelService","message":"Error upserting product","data":{"product_id":"B07SBGFDX9","error":"Product.upsert is not a function"}}
{"timestamp":"2026-05-06T16:22:43.695Z","level":"WARN","module":"ExcelService","message":"Error upserting product","data":{"product_id":"B09C6HWG18","error":"Product.upsert is not a function"}}
{"timestamp":"2026-05-06T16:22:43.696Z","level":"WARN","module":"ExcelService","message":"Error upserting product","data":{"product_id":"B00NH11KIK","error":"Product.upsert is not a function"}}
{"timestamp":"2026-05-06T16:22:43.697Z","level":"WARN","module":"ExcelService","message":"Error upserting product","data":{"product_id":"B07X2L5Z8C","error":"Product.upsert is not a function"}}
{"timestamp":"2026-05-06T16:22:43.698Z","level":"WARN","module":"ExcelService","message":"Error upserting product","data":{"product_id":"B00VA7YYUO","error":"Product.upsert is not a function"}}
{"timestamp":"2026-05-06T16:22:43.699Z","level":"WARN","module":"ExcelService","message":"Error upserting product","data":{"product_id":"B07L9FW9GF","error":"Product.upsert is not a function"}}
{"timestamp":"2026-05-06T16:22:43.699Z","level":"WARN","module":"ExcelService","message":"Error upserting product","data":{"product_id":"B08D64C9FN","error":"Product.upsert is not a function"}}
{"timestamp":"2026-05-06T16:22:43.700Z","level":"WARN","module":"ExcelService","message":"Error upserting product","data":{"product_id":"B07XJYYH7L","error":"Product.upsert is not a function"}}
{"timestamp":"2026-05-06T16:22:43.701Z","level":"WARN","module":"ExcelService","message":"Error upserting product","data":{"product_id":"B00LOD70SC","error":"Product.upsert is not a function"}}
{"timestamp":"2026-05-06T16:22:43.701Z","level":"WARN","module":"ExcelService","message":"Error upserting product","data":{"product_id":"B09X76VL5L","error":"Product.upsert is not a function"}}
{"timestamp":"2026-05-06T16:22:43.702Z","level":"WARN","module":"ExcelService","message":"Error upserting product","data":{"product_id":"B091JF2TFD","error":"Product.upsert is not a function"}}
{"timestamp":"2026-05-06T16:22:43.704Z","level":"WARN","module":"ExcelService","message":"Error upserting product","data":{"product_id":"B07S7DCJKS","error":"Product.upsert is not a function"}}
{"timestamp":"2026-05-06T16:22:43.705Z","level":"WARN","module":"ExcelService","message":"Error upserting product","data":{"product_id":"B09NC2TY11","error":"Product.upsert is not a function"}}
{"timestamp":"2026-05-06T16:22:43.706Z","level":"WARN","module":"ExcelService","message":"Error upserting product","data":{"product_id":"B0BDS8MY8J","error":"Product.upsert is not a function"}}
{"timestamp":"2026-05-06T16:22:43.707Z","level":"WARN","module":"ExcelService","message":"Error upserting product","data":{"product_id":"B09X7DY7Q4","error":"Product.upsert is not a function"}}
{"timestamp":"2026-05-06T16:22:43.707Z","level":"WARN","module":"ExcelService","message":"Error upserting product","data":{"product_id":"B09YV575RK","error":"Product.upsert is not a function"}}
{"timestamp":"2026-05-06T16:22:43.708Z","level":"WARN","module":"ExcelService","message":"Error upserting product","data":{"product_id":"B08LW31NQ6","error":"Product.upsert is not a function"}}
{"timestamp":"2026-05-06T16:22:43.709Z","level":"WARN","module":"ExcelService","message":"Error upserting product","data":{"product_id":"B09ND94ZRG","error":"Product.upsert is not a function"}}
{"timestamp":"2026-05-06T16:22:43.710Z","level":"WARN","module":"ExcelService","message":"Error upserting product","data":{"product_id":"B00P93X6EK","error":"Product.upsert is not a function"}}
{"timestamp":"2026-05-06T16:22:43.710Z","level":"WARN","module":"ExcelService","message":"Error upserting product","data":{"product_id":"B07KRCW6LZ","error":"Product.upsert is not a function"}}
{"timestamp":"2026-05-06T16:22:43.711Z","level":"WARN","module":"ExcelService","message":"Error upserting product","data":{"product_id":"B0994GP1CX","error":"Product.upsert is not a function"}}
{"timestamp":"2026-05-06T16:22:43.712Z","level":"WARN","module":"ExcelService","message":"Error upserting product","data":{"product_id":"B07H8W9PB6","error":"Product.upsert is not a function"}}
{"timestamp":"2026-05-06T16:22:43.712Z","level":"WARN","module":"ExcelService","message":"Error upserting product","data":{"product_id":"B09NNHFSSF","error":"Product.upsert is not a function"}}
{"timestamp":"2026-05-06T16:22:43.713Z","level":"WARN","module":"ExcelService","message":"Error upserting product","data":{"product_id":"B08D9NDZ1Y","error":"Product.upsert is not a function"}}
{"timestamp":"2026-05-06T16:22:43.714Z","level":"WARN","module":"ExcelService","message":"Error upserting product","data":{"product_id":"B0085IATT6","error":"Product.upsert is not a function"}}
{"timestamp":"2026-05-06T16:22:43.715Z","level":"WARN","module":"ExcelService","message":"Error upserting product","data":{"product_id":"B08WJ86PV2","error":"Product.upsert is not a function"}}
{"timestamp":"2026-05-06T16:22:43.715Z","level":"WARN","module":"ExcelService","message":"Error upserting product","data":{"product_id":"B078HRR1XV","error":"Product.upsert is not a function"}}
{"timestamp":"2026-05-06T16:22:43.716Z","level":"WARN","module":"ExcelService","message":"Error upserting product","data":{"product_id":"B09P22HXH6","error":"Product.upsert is not a function"}}
{"timestamp":"2026-05-06T16:22:43.717Z","level":"WARN","module":"ExcelService","message":"Error upserting product","data":{"product_id":"B00LM4X3XE","error":"Product.upsert is not a function"}}
{"timestamp":"2026-05-06T16:22:43.717Z","level":"WARN","module":"ExcelService","message":"Error upserting product","data":{"product_id":"B09YLFHFDW","error":"Product.upsert is not a function"}}
{"timestamp":"2026-05-06T16:22:43.718Z","level":"WARN","module":"ExcelService","message":"Error upserting product","data":{"product_id":"B07YWS9SP9","error":"Product.upsert is not a function"}}
{"timestamp":"2026-05-06T16:22:43.719Z","level":"WARN","module":"ExcelService","message":"Error upserting product","data":{"product_id":"B002PD61Y4","error":"Product.upsert is not a function"}}
{"timestamp":"2026-05-06T16:22:43.720Z","level":"WARN","module":"ExcelService","message":"Error upserting product","data":{"product_id":"B08WLY8V9S","error":"Product.upsert is not a function"}}
{"timestamp":"2026-05-06T16:22:43.722Z","level":"WARN","module":"ExcelService","message":"Error upserting product","data":{"product_id":"B0873L7J6X","error":"Product.upsert is not a function"}}
{"timestamp":"2026-05-06T16:22:43.723Z","level":"WARN","module":"ExcelService","message":"Error upserting product","data":{"product_id":"B07YNHCW6N","error":"Product.upsert is not a function"}}
{"timestamp":"2026-05-06T16:22:43.724Z","level":"WARN","module":"ExcelService","message":"Error upserting product","data":{"product_id":"B07232M876","error":"Product.upsert is not a function"}}
{"timestamp":"2026-05-06T16:22:43.725Z","level":"WARN","module":"ExcelService","message":"Error upserting product","data":{"product_id":"B01MQ2A86A","error":"Product.upsert is not a function"}}
{"timestamp":"2026-05-06T16:22:43.726Z","level":"WARN","module":"ExcelService","message":"Error upserting product","data":{"product_id":"B00KIE28X0","error":"Product.upsert is not a function"}}
{"timestamp":"2026-05-06T16:22:43.726Z","level":"WARN","module":"ExcelService","message":"Error upserting product","data":{"product_id":"B08BQ947H3","error":"Product.upsert is not a function"}}
{"timestamp":"2026-05-06T16:22:43.727Z","level":"WARN","module":"ExcelService","message":"Error upserting product","data":{"product_id":"B0BHYJ8CVF","error":"Product.upsert is not a function"}}
{"timestamp":"2026-05-06T16:22:43.727Z","level":"WARN","module":"ExcelService","message":"Error upserting product","data":{"product_id":"B0BCVJ3PVP","error":"Product.upsert is not a function"}}
{"timestamp":"2026-05-06T16:22:43.728Z","level":"WARN","module":"ExcelService","message":"Error upserting product","data":{"product_id":"B0B2931FCV","error":"Product.upsert is not a function"}}
{"timestamp":"2026-05-06T16:22:43.728Z","level":"WARN","module":"ExcelService","message":"Error upserting product","data":{"product_id":"B09TMZ1MF8","error":"Product.upsert is not a function"}}
{"timestamp":"2026-05-06T16:22:43.729Z","level":"WARN","module":"ExcelService","message":"Error upserting product","data":{"product_id":"B07VV37FT4","error":"Product.upsert is not a function"}}
{"timestamp":"2026-05-06T16:22:43.730Z","level":"WARN","module":"ExcelService","message":"Error upserting product","data":{"product_id":"B07P681N66","error":"Product.upsert is not a function"}}
{"timestamp":"2026-05-06T16:22:43.731Z","level":"WARN","module":"ExcelService","message":"Error upserting product","data":{"product_id":"B07JB2Y4SR","error":"Product.upsert is not a function"}}
{"timestamp":"2026-05-06T16:22:43.731Z","level":"WARN","module":"ExcelService","message":"Error upserting product","data":{"product_id":"B08KRMK9LZ","error":"Product.upsert is not a function"}}
{"timestamp":"2026-05-06T16:22:43.732Z","level":"WARN","module":"ExcelService","message":"Error upserting product","data":{"product_id":"B08LT9BMPP","error":"Product.upsert is not a function"}}
{"timestamp":"2026-05-06T16:22:43.733Z","level":"WARN","module":"ExcelService","message":"Error upserting product","data":{"product_id":"B082T6V3DT","error":"Product.upsert is not a function"}}
{"timestamp":"2026-05-06T16:22:43.733Z","level":"WARN","module":"ExcelService","message":"Error upserting product","data":{"product_id":"B0814ZY6FP","error":"Product.upsert is not a function"}}
{"timestamp":"2026-05-06T16:22:43.734Z","level":"WARN","module":"ExcelService","message":"Error upserting product","data":{"product_id":"B09F3PDDRF","error":"Product.upsert is not a function"}}
{"timestamp":"2026-05-06T16:22:43.735Z","level":"WARN","module":"ExcelService","message":"Error upserting product","data":{"product_id":"B07X963JNS","error":"Product.upsert is not a function"}}
{"timestamp":"2026-05-06T16:22:43.736Z","level":"WARN","module":"ExcelService","message":"Error upserting product","data":{"product_id":"B09LD3116F","error":"Product.upsert is not a function"}}
{"timestamp":"2026-05-06T16:22:43.738Z","level":"WARN","module":"ExcelService","message":"Error upserting product","data":{"product_id":"B08Y5QJTVK","error":"Product.upsert is not a function"}}
{"timestamp":"2026-05-06T16:22:43.738Z","level":"WARN","module":"ExcelService","message":"Error upserting product","data":{"product_id":"B00LY1FN1K","error":"Product.upsert is not a function"}}
{"timestamp":"2026-05-06T16:22:43.739Z","level":"WARN","module":"ExcelService","message":"Error upserting product","data":{"product_id":"B07DJ5KYDZ","error":"Product.upsert is not a function"}}
{"timestamp":"2026-05-06T16:22:43.740Z","level":"WARN","module":"ExcelService","message":"Error upserting product","data":{"product_id":"B009LJ2BXA","error":"Product.upsert is not a function"}}
{"timestamp":"2026-05-06T16:22:43.741Z","level":"WARN","module":"ExcelService","message":"Error upserting product","data":{"product_id":"B09BVCVTBC","error":"Product.upsert is not a function"}}
{"timestamp":"2026-05-06T16:22:43.741Z","level":"WARN","module":"ExcelService","message":"Error upserting product","data":{"product_id":"B0BFWGBX61","error":"Product.upsert is not a function"}}
{"timestamp":"2026-05-06T16:22:43.742Z","level":"WARN","module":"ExcelService","message":"Error upserting product","data":{"product_id":"B07SY4C3TD","error":"Product.upsert is not a function"}}
{"timestamp":"2026-05-06T16:22:43.743Z","level":"WARN","module":"ExcelService","message":"Error upserting product","data":{"product_id":"B094JB13XL","error":"Product.upsert is not a function"}}
{"timestamp":"2026-05-06T16:22:43.744Z","level":"WARN","module":"ExcelService","message":"Error upserting product","data":{"product_id":"B08CRRQK6Z","error":"Product.upsert is not a function"}}
{"timestamp":"2026-05-06T16:22:43.745Z","level":"WARN","module":"ExcelService","message":"Error upserting product","data":{"product_id":"B08MTLLSL8","error":"Product.upsert is not a function"}}
{"timestamp":"2026-05-06T16:22:43.746Z","level":"WARN","module":"ExcelService","message":"Error upserting product","data":{"product_id":"B08Y57TPDM","error":"Product.upsert is not a function"}}
{"timestamp":"2026-05-06T16:22:43.747Z","level":"WARN","module":"ExcelService","message":"Error upserting product","data":{"product_id":"B09CYTJV3N","error":"Product.upsert is not a function"}}
{"timestamp":"2026-05-06T16:22:43.747Z","level":"WARN","module":"ExcelService","message":"Error upserting product","data":{"product_id":"B07GLNJC25","error":"Product.upsert is not a function"}}
{"timestamp":"2026-05-06T16:22:43.748Z","level":"WARN","module":"ExcelService","message":"Error upserting product","data":{"product_id":"B08FY4FG5X","error":"Product.upsert is not a function"}}
{"timestamp":"2026-05-06T16:22:43.748Z","level":"WARN","module":"ExcelService","message":"Error upserting product","data":{"product_id":"B07TMCXRFV","error":"Product.upsert is not a function"}}
{"timestamp":"2026-05-06T16:22:43.749Z","level":"WARN","module":"ExcelService","message":"Error upserting product","data":{"product_id":"B01FSYQ2A4","error":"Product.upsert is not a function"}}
{"timestamp":"2026-05-06T16:22:43.750Z","level":"WARN","module":"ExcelService","message":"Error upserting product","data":{"product_id":"B00LZPQVMK","error":"Product.upsert is not a function"}}
{"timestamp":"2026-05-06T16:22:43.750Z","level":"WARN","module":"ExcelService","message":"Error upserting product","data":{"product_id":"B08X77LM8C","error":"Product.upsert is not a function"}}
{"timestamp":"2026-05-06T16:22:43.751Z","level":"WARN","module":"ExcelService","message":"Error upserting product","data":{"product_id":"B01EJ5MM5M","error":"Product.upsert is not a function"}}
{"timestamp":"2026-05-06T16:22:43.752Z","level":"WARN","module":"ExcelService","message":"Error upserting product","data":{"product_id":"B08J82K4GX","error":"Product.upsert is not a function"}}
{"timestamp":"2026-05-06T16:22:43.753Z","level":"WARN","module":"ExcelService","message":"Error upserting product","data":{"product_id":"B07Z1Z77ZZ","error":"Product.upsert is not a function"}}
{"timestamp":"2026-05-06T16:22:43.756Z","level":"WARN","module":"ExcelService","message":"Error upserting product","data":{"product_id":"B00DJ5N9VK","error":"Product.upsert is not a function"}}
{"timestamp":"2026-05-06T16:22:43.757Z","level":"WARN","module":"ExcelService","message":"Error upserting product","data":{"product_id":"B0B4DT8MKT","error":"Product.upsert is not a function"}}
{"timestamp":"2026-05-06T16:22:43.757Z","level":"WARN","module":"ExcelService","message":"Error upserting product","data":{"product_id":"B08FGNPQ9X","error":"Product.upsert is not a function"}}
{"timestamp":"2026-05-06T16:22:43.758Z","level":"WARN","module":"ExcelService","message":"Error upserting product","data":{"product_id":"B07NTKGW45","error":"Product.upsert is not a function"}}
{"timestamp":"2026-05-06T16:22:43.758Z","level":"WARN","module":"ExcelService","message":"Error upserting product","data":{"product_id":"B08CDKQ8T6","error":"Product.upsert is not a function"}}
{"timestamp":"2026-05-06T16:22:43.759Z","level":"WARN","module":"ExcelService","message":"Error upserting product","data":{"product_id":"B08J4PL1Z3","error":"Product.upsert is not a function"}}
{"timestamp":"2026-05-06T16:22:43.760Z","level":"WARN","module":"ExcelService","message":"Error upserting product","data":{"product_id":"B07XJWTYM2","error":"Product.upsert is not a function"}}
{"timestamp":"2026-05-06T16:22:43.761Z","level":"WARN","module":"ExcelService","message":"Error upserting product","data":{"product_id":"B09939XJX8","error":"Product.upsert is not a function"}}
{"timestamp":"2026-05-06T16:22:43.761Z","level":"WARN","module":"ExcelService","message":"Error upserting product","data":{"product_id":"B09MDCZJXS","error":"Product.upsert is not a function"}}
{"timestamp":"2026-05-06T16:22:43.762Z","level":"WARN","module":"ExcelService","message":"Error upserting product","data":{"product_id":"B08CTQP51L","error":"Product.upsert is not a function"}}
{"timestamp":"2026-05-06T16:22:43.762Z","level":"WARN","module":"ExcelService","message":"Error upserting product","data":{"product_id":"B0BG62HMDJ","error":"Product.upsert is not a function"}}
{"timestamp":"2026-05-06T16:22:43.763Z","level":"WARN","module":"ExcelService","message":"Error upserting product","data":{"product_id":"B08GTYFC37","error":"Product.upsert is not a function"}}
{"timestamp":"2026-05-06T16:22:43.763Z","level":"WARN","module":"ExcelService","message":"Error upserting product","data":{"product_id":"B08SBH499M","error":"Product.upsert is not a function"}}
{"timestamp":"2026-05-06T16:22:43.764Z","level":"WARN","module":"ExcelService","message":"Error upserting product","data":{"product_id":"B08FYB5HHK","error":"Product.upsert is not a function"}}
{"timestamp":"2026-05-06T16:22:43.765Z","level":"WARN","module":"ExcelService","message":"Error upserting product","data":{"product_id":"B0994GFWBH","error":"Product.upsert is not a function"}}
{"timestamp":"2026-05-06T16:22:43.766Z","level":"WARN","module":"ExcelService","message":"Error upserting product","data":{"product_id":"B0B5GJRTHB","error":"Product.upsert is not a function"}}
{"timestamp":"2026-05-06T16:22:43.766Z","level":"WARN","module":"ExcelService","message":"Error upserting product","data":{"product_id":"B09GBBJV72","error":"Product.upsert is not a function"}}
{"timestamp":"2026-05-06T16:22:43.767Z","level":"WARN","module":"ExcelService","message":"Error upserting product","data":{"product_id":"B07P434WJY","error":"Product.upsert is not a function"}}
{"timestamp":"2026-05-06T16:22:43.767Z","level":"WARN","module":"ExcelService","message":"Error upserting product","data":{"product_id":"B07T9FV9YP","error":"Product.upsert is not a function"}}
{"timestamp":"2026-05-06T16:22:43.768Z","level":"WARN","module":"ExcelService","message":"Error upserting product","data":{"product_id":"B01GGKZ0V6","error":"Product.upsert is not a function"}}
{"timestamp":"2026-05-06T16:22:43.768Z","level":"WARN","module":"ExcelService","message":"Error upserting product","data":{"product_id":"B08WKFSN84","error":"Product.upsert is not a function"}}
{"timestamp":"2026-05-06T16:22:43.770Z","level":"WARN","module":"ExcelService","message":"Error upserting product","data":{"product_id":"B09TBCVJS3","error":"Product.upsert is not a function"}}
{"timestamp":"2026-05-06T16:22:43.771Z","level":"WARN","module":"ExcelService","message":"Error upserting product","data":{"product_id":"B08TR61BVK","error":"Product.upsert is not a function"}}
{"timestamp":"2026-05-06T16:22:43.772Z","level":"WARN","module":"ExcelService","message":"Error upserting product","data":{"product_id":"B0B2CPVXHX","error":"Product.upsert is not a function"}}
{"timestamp":"2026-05-06T16:22:43.773Z","level":"WARN","module":"ExcelService","message":"Error upserting product","data":{"product_id":"B08XNL93PL","error":"Product.upsert is not a function"}}
{"timestamp":"2026-05-06T16:22:43.773Z","level":"WARN","module":"ExcelService","message":"Error upserting product","data":{"product_id":"B088GXTJM3","error":"Product.upsert is not a function"}}
{"timestamp":"2026-05-06T16:22:43.774Z","level":"WARN","module":"ExcelService","message":"Error upserting product","data":{"product_id":"B099S26HWG","error":"Product.upsert is not a function"}}
{"timestamp":"2026-05-06T16:22:43.774Z","level":"WARN","module":"ExcelService","message":"Error upserting product","data":{"product_id":"B08461VC1Z","error":"Product.upsert is not a function"}}
{"timestamp":"2026-05-06T16:22:43.775Z","level":"WARN","module":"ExcelService","message":"Error upserting product","data":{"product_id":"B00K32PEW4","error":"Product.upsert is not a function"}}
{"timestamp":"2026-05-06T16:22:43.775Z","level":"WARN","module":"ExcelService","message":"Error upserting product","data":{"product_id":"B09F9YQQ7B","error":"Product.upsert is not a function"}}
{"timestamp":"2026-05-06T16:22:43.776Z","level":"WARN","module":"ExcelService","message":"Error upserting product","data":{"product_id":"B07LFWP97N","error":"Product.upsert is not a function"}}
{"timestamp":"2026-05-06T16:22:43.777Z","level":"WARN","module":"ExcelService","message":"Error upserting product","data":{"product_id":"B0746N6WML","error":"Product.upsert is not a function"}}
{"timestamp":"2026-05-06T16:22:43.777Z","level":"WARN","module":"ExcelService","message":"Error upserting product","data":{"product_id":"B07W9KYT62","error":"Product.upsert is not a function"}}
{"timestamp":"2026-05-06T16:22:43.778Z","level":"WARN","module":"ExcelService","message":"Error upserting product","data":{"product_id":"B0B5ZF3NRK","error":"Product.upsert is not a function"}}
{"timestamp":"2026-05-06T16:22:43.778Z","level":"WARN","module":"ExcelService","message":"Error upserting product","data":{"product_id":"B08D9MNH4B","error":"Product.upsert is not a function"}}
{"timestamp":"2026-05-06T16:22:43.779Z","level":"WARN","module":"ExcelService","message":"Error upserting product","data":{"product_id":"B078G6ZF5Z","error":"Product.upsert is not a function"}}
{"timestamp":"2026-05-06T16:22:43.780Z","level":"WARN","module":"ExcelService","message":"Error upserting product","data":{"product_id":"B09MKG4ZCM","error":"Product.upsert is not a function"}}
{"timestamp":"2026-05-06T16:22:43.780Z","level":"WARN","module":"ExcelService","message":"Error upserting product","data":{"product_id":"B07RZZ1QSW","error":"Product.upsert is not a function"}}
{"timestamp":"2026-05-06T16:22:43.781Z","level":"WARN","module":"ExcelService","message":"Error upserting product","data":{"product_id":"B08BCKN299","error":"Product.upsert is not a function"}}
{"timestamp":"2026-05-06T16:22:43.781Z","level":"WARN","module":"ExcelService","message":"Error upserting product","data":{"product_id":"B07222HQKP","error":"Product.upsert is not a function"}}
{"timestamp":"2026-05-06T16:22:43.782Z","level":"WARN","module":"ExcelService","message":"Error upserting product","data":{"product_id":"B00NFD0ETQ","error":"Product.upsert is not a function"}}
{"timestamp":"2026-05-06T16:22:43.783Z","level":"WARN","module":"ExcelService","message":"Error upserting product","data":{"product_id":"B075DB1F13","error":"Product.upsert is not a function"}}
{"timestamp":"2026-05-06T16:22:43.783Z","level":"WARN","module":"ExcelService","message":"Error upserting product","data":{"product_id":"B0148NPH9I","error":"Product.upsert is not a function"}}
{"timestamp":"2026-05-06T16:22:43.784Z","level":"WARN","module":"ExcelService","message":"Error upserting product","data":{"product_id":"B01JOFKL0A","error":"Product.upsert is not a function"}}
{"timestamp":"2026-05-06T16:22:43.785Z","level":"WARN","module":"ExcelService","message":"Error upserting product","data":{"product_id":"B09Q8HMKZX","error":"Product.upsert is not a function"}}
{"timestamp":"2026-05-06T16:22:43.786Z","level":"WARN","module":"ExcelService","message":"Error upserting product","data":{"product_id":"B079S811J3","error":"Product.upsert is not a function"}}
{"timestamp":"2026-05-06T16:22:43.786Z","level":"WARN","module":"ExcelService","message":"Error upserting product","data":{"product_id":"B0083T231O","error":"Product.upsert is not a function"}}
{"timestamp":"2026-05-06T16:22:43.787Z","level":"WARN","module":"ExcelService","message":"Error upserting product","data":{"product_id":"B086PXQ2R4","error":"Product.upsert is not a function"}}
{"timestamp":"2026-05-06T16:22:43.789Z","level":"WARN","module":"ExcelService","message":"Error upserting product","data":{"product_id":"B07L1N3TJX","error":"Product.upsert is not a function"}}
{"timestamp":"2026-05-06T16:22:43.790Z","level":"WARN","module":"ExcelService","message":"Error upserting product","data":{"product_id":"B07YFWVRCM","error":"Product.upsert is not a function"}}
{"timestamp":"2026-05-06T16:22:43.790Z","level":"WARN","module":"ExcelService","message":"Error upserting product","data":{"product_id":"B01GGKYKQM","error":"Product.upsert is not a function"}}
{"timestamp":"2026-05-06T16:22:43.791Z","level":"WARN","module":"ExcelService","message":"Error upserting product","data":{"product_id":"B08TDJ5BVF","error":"Product.upsert is not a function"}}
{"timestamp":"2026-05-06T16:22:43.792Z","level":"WARN","module":"ExcelService","message":"Error upserting product","data":{"product_id":"B09XXZXQC1","error":"Product.upsert is not a function"}}
{"timestamp":"2026-05-06T16:22:43.793Z","level":"WARN","module":"ExcelService","message":"Error upserting product","data":{"product_id":"B083T5G5PM","error":"Product.upsert is not a function"}}
{"timestamp":"2026-05-06T16:22:43.793Z","level":"WARN","module":"ExcelService","message":"Error upserting product","data":{"product_id":"B0BHVPTM2C","error":"Product.upsert is not a function"}}
{"timestamp":"2026-05-06T16:22:43.794Z","level":"WARN","module":"ExcelService","message":"Error upserting product","data":{"product_id":"B0B86CDHL1","error":"Product.upsert is not a function"}}
{"timestamp":"2026-05-06T16:22:43.795Z","level":"WARN","module":"ExcelService","message":"Error upserting product","data":{"product_id":"B01NBX5RSB","error":"Product.upsert is not a function"}}
{"timestamp":"2026-05-06T16:22:43.796Z","level":"WARN","module":"ExcelService","message":"Error upserting product","data":{"product_id":"B08MWJTST6","error":"Product.upsert is not a function"}}
{"timestamp":"2026-05-06T16:22:43.796Z","level":"WARN","module":"ExcelService","message":"Error upserting product","data":{"product_id":"B07R99NBVB","error":"Product.upsert is not a function"}}
{"timestamp":"2026-05-06T16:22:43.797Z","level":"WARN","module":"ExcelService","message":"Error upserting product","data":{"product_id":"B08R69VDHT","error":"Product.upsert is not a function"}}
{"timestamp":"2026-05-06T16:22:43.797Z","level":"WARN","module":"ExcelService","message":"Error upserting product","data":{"product_id":"B00LY12TH6","error":"Product.upsert is not a function"}}
{"timestamp":"2026-05-06T16:22:43.798Z","level":"WARN","module":"ExcelService","message":"Error upserting product","data":{"product_id":"B09RWZRCP1","error":"Product.upsert is not a function"}}
{"timestamp":"2026-05-06T16:22:43.799Z","level":"WARN","module":"ExcelService","message":"Error upserting product","data":{"product_id":"B08497Z1MQ","error":"Product.upsert is not a function"}}
{"timestamp":"2026-05-06T16:22:43.800Z","level":"WARN","module":"ExcelService","message":"Error upserting product","data":{"product_id":"B07KNM95JK","error":"Product.upsert is not a function"}}
{"timestamp":"2026-05-06T16:22:43.800Z","level":"WARN","module":"ExcelService","message":"Error upserting product","data":{"product_id":"B09Q3M3WLJ","error":"Product.upsert is not a function"}}
{"timestamp":"2026-05-06T16:22:43.801Z","level":"WARN","module":"ExcelService","message":"Error upserting product","data":{"product_id":"B09B9SPC7F","error":"Product.upsert is not a function"}}
{"timestamp":"2026-05-06T16:22:43.801Z","level":"WARN","module":"ExcelService","message":"Error upserting product","data":{"product_id":"B09CMP1SC8","error":"Product.upsert is not a function"}}
{"timestamp":"2026-05-06T16:22:43.803Z","level":"WARN","module":"ExcelService","message":"Error upserting product","data":{"product_id":"B099SD8PRP","error":"Product.upsert is not a function"}}
{"timestamp":"2026-05-06T16:22:43.804Z","level":"WARN","module":"ExcelService","message":"Error upserting product","data":{"product_id":"B09YLXYP7Y","error":"Product.upsert is not a function"}}
{"timestamp":"2026-05-06T16:22:43.805Z","level":"WARN","module":"ExcelService","message":"Error upserting product","data":{"product_id":"B00S2SEV7K","error":"Product.upsert is not a function"}}
{"timestamp":"2026-05-06T16:22:43.806Z","level":"WARN","module":"ExcelService","message":"Error upserting product","data":{"product_id":"B08WKCTFF3","error":"Product.upsert is not a function"}}
{"timestamp":"2026-05-06T16:22:43.807Z","level":"WARN","module":"ExcelService","message":"Error upserting product","data":{"product_id":"B08498D67S","error":"Product.upsert is not a function"}}
{"timestamp":"2026-05-06T16:22:43.807Z","level":"WARN","module":"ExcelService","message":"Error upserting product","data":{"product_id":"B00C3GBCIS","error":"Product.upsert is not a function"}}
{"timestamp":"2026-05-06T16:22:43.808Z","level":"WARN","module":"ExcelService","message":"Error upserting product","data":{"product_id":"B00URH5E34","error":"Product.upsert is not a function"}}
{"timestamp":"2026-05-06T16:22:43.808Z","level":"WARN","module":"ExcelService","message":"Error upserting product","data":{"product_id":"B00EYW1U68","error":"Product.upsert is not a function"}}
{"timestamp":"2026-05-06T16:22:43.809Z","level":"WARN","module":"ExcelService","message":"Error upserting product","data":{"product_id":"B08SMJT55F","error":"Product.upsert is not a function"}}
{"timestamp":"2026-05-06T16:22:43.809Z","level":"WARN","module":"ExcelService","message":"Error upserting product","data":{"product_id":"B0B2DJDCPX","error":"Product.upsert is not a function"}}
{"timestamp":"2026-05-06T16:22:43.810Z","level":"WARN","module":"ExcelService","message":"Error upserting product","data":{"product_id":"B08Y7MXFMK","error":"Product.upsert is not a function"}}
{"timestamp":"2026-05-06T16:22:43.811Z","level":"WARN","module":"ExcelService","message":"Error upserting product","data":{"product_id":"B086Q3QMFS","error":"Product.upsert is not a function"}}
{"timestamp":"2026-05-06T16:22:43.812Z","level":"WARN","module":"ExcelService","message":"Error upserting product","data":{"product_id":"B08498H13H","error":"Product.upsert is not a function"}}
{"timestamp":"2026-05-06T16:22:43.813Z","level":"WARN","module":"ExcelService","message":"Error upserting product","data":{"product_id":"B07LFQLKFZ","error":"Product.upsert is not a function"}}
{"timestamp":"2026-05-06T16:22:43.813Z","level":"WARN","module":"ExcelService","message":"Error upserting product","data":{"product_id":"B00LY17RHI","error":"Product.upsert is not a function"}}
{"timestamp":"2026-05-06T16:22:43.814Z","level":"WARN","module":"ExcelService","message":"Error upserting product","data":{"product_id":"B07W14CHV8","error":"Product.upsert is not a function"}}
{"timestamp":"2026-05-06T16:22:43.815Z","level":"WARN","module":"ExcelService","message":"Error upserting product","data":{"product_id":"B0B9BXKBC7","error":"Product.upsert is not a function"}}
{"timestamp":"2026-05-06T16:22:43.816Z","level":"WARN","module":"ExcelService","message":"Error upserting product","data":{"product_id":"B09F5Z694W","error":"Product.upsert is not a function"}}
{"timestamp":"2026-05-06T16:22:43.816Z","level":"WARN","module":"ExcelService","message":"Error upserting product","data":{"product_id":"B0B25LQQPC","error":"Product.upsert is not a function"}}
{"timestamp":"2026-05-06T16:22:43.817Z","level":"WARN","module":"ExcelService","message":"Error upserting product","data":{"product_id":"B07GVGTSLN","error":"Product.upsert is not a function"}}
{"timestamp":"2026-05-06T16:22:43.818Z","level":"WARN","module":"ExcelService","message":"Error upserting product","data":{"product_id":"B01LYLJ99X","error":"Product.upsert is not a function"}}
{"timestamp":"2026-05-06T16:22:43.819Z","level":"WARN","module":"ExcelService","message":"Error upserting product","data":{"product_id":"B014SZPBM4","error":"Product.upsert is not a function"}}
{"timestamp":"2026-05-06T16:22:43.819Z","level":"WARN","module":"ExcelService","message":"Error upserting product","data":{"product_id":"B08CZHGHKH","error":"Product.upsert is not a function"}}
{"timestamp":"2026-05-06T16:22:43.821Z","level":"WARN","module":"ExcelService","message":"Error upserting product","data":{"product_id":"B0B2RBP83P","error":"Product.upsert is not a function"}}
{"timestamp":"2026-05-06T16:22:43.822Z","level":"WARN","module":"ExcelService","message":"Error upserting product","data":{"product_id":"B078W65FJ7","error":"Product.upsert is not a function"}}
{"timestamp":"2026-05-06T16:22:43.823Z","level":"WARN","module":"ExcelService","message":"Error upserting product","data":{"product_id":"B08S74GTBT","error":"Product.upsert is not a function"}}
{"timestamp":"2026-05-06T16:22:43.825Z","level":"WARN","module":"ExcelService","message":"Error upserting product","data":{"product_id":"B0B9BD2YL4","error":"Product.upsert is not a function"}}
{"timestamp":"2026-05-06T16:22:43.826Z","level":"WARN","module":"ExcelService","message":"Error upserting product","data":{"product_id":"B0BMXMLSMM","error":"Product.upsert is not a function"}}
{"timestamp":"2026-05-06T16:22:43.826Z","level":"WARN","module":"ExcelService","message":"Error upserting product","data":{"product_id":"B0141EZMAI","error":"Product.upsert is not a function"}}
{"timestamp":"2026-05-06T16:22:43.827Z","level":"WARN","module":"ExcelService","message":"Error upserting product","data":{"product_id":"B07QMRHWJD","error":"Product.upsert is not a function"}}
{"timestamp":"2026-05-06T16:22:43.827Z","level":"WARN","module":"ExcelService","message":"Error upserting product","data":{"product_id":"B07W7Z6DVL","error":"Product.upsert is not a function"}}
{"timestamp":"2026-05-06T16:22:43.828Z","level":"WARN","module":"ExcelService","message":"Error upserting product","data":{"product_id":"B07WMS7TWB","error":"Product.upsert is not a function"}}
{"timestamp":"2026-05-06T16:22:43.829Z","level":"WARN","module":"ExcelService","message":"Error upserting product","data":{"product_id":"B00H47GVGY","error":"Product.upsert is not a function"}}
{"timestamp":"2026-05-06T16:22:43.830Z","level":"WARN","module":"ExcelService","message":"Error upserting product","data":{"product_id":"B07VX71FZP","error":"Product.upsert is not a function"}}
{"timestamp":"2026-05-06T16:22:43.830Z","level":"WARN","module":"ExcelService","message":"Error upserting product","data":{"product_id":"B07NCKMXVZ","error":"Product.upsert is not a function"}}
{"timestamp":"2026-05-06T16:22:43.831Z","level":"WARN","module":"ExcelService","message":"Error upserting product","data":{"product_id":"B0B61DSF17","error":"Product.upsert is not a function"}}
{"timestamp":"2026-05-06T16:22:43.832Z","level":"WARN","module":"ExcelService","message":"Error upserting product","data":{"product_id":"B07VQGVL68","error":"Product.upsert is not a function"}}
{"timestamp":"2026-05-06T16:22:43.833Z","level":"WARN","module":"ExcelService","message":"Error upserting product","data":{"product_id":"B01LWYDEQ7","error":"Product.upsert is not a function"}}
{"timestamp":"2026-05-06T16:22:43.834Z","level":"WARN","module":"ExcelService","message":"Error upserting product","data":{"product_id":"B07VNFP3C2","error":"Product.upsert is not a function"}}
{"timestamp":"2026-05-06T16:22:43.834Z","level":"WARN","module":"ExcelService","message":"Error upserting product","data":{"product_id":"B00LUGTJGO","error":"Product.upsert is not a function"}}
{"timestamp":"2026-05-06T16:22:43.835Z","level":"WARN","module":"ExcelService","message":"Error upserting product","data":{"product_id":"B01MQZ7J8K","error":"Product.upsert is not a function"}}
{"timestamp":"2026-05-06T16:22:43.835Z","level":"WARN","module":"ExcelService","message":"Error upserting product","data":{"product_id":"B01GFTEV5Y","error":"Product.upsert is not a function"}}
{"timestamp":"2026-05-06T16:22:43.836Z","level":"WARN","module":"ExcelService","message":"Error upserting product","data":{"product_id":"B00NW4UWN6","error":"Product.upsert is not a function"}}
{"timestamp":"2026-05-06T16:22:43.838Z","level":"WARN","module":"ExcelService","message":"Error upserting product","data":{"product_id":"B01NCVJMKX","error":"Product.upsert is not a function"}}
{"timestamp":"2026-05-06T16:22:43.839Z","level":"WARN","module":"ExcelService","message":"Error upserting product","data":{"product_id":"B00O24PUO6","error":"Product.upsert is not a function"}}
{"timestamp":"2026-05-06T16:22:43.839Z","level":"WARN","module":"ExcelService","message":"Error upserting product","data":{"product_id":"B07GXPDLYQ","error":"Product.upsert is not a function"}}
{"timestamp":"2026-05-06T16:22:43.840Z","level":"WARN","module":"ExcelService","message":"Error upserting product","data":{"product_id":"B01C8P29N0","error":"Product.upsert is not a function"}}
{"timestamp":"2026-05-06T16:22:43.840Z","level":"WARN","module":"ExcelService","message":"Error upserting product","data":{"product_id":"B08KDBLMQP","error":"Product.upsert is not a function"}}
{"timestamp":"2026-05-06T16:22:43.841Z","level":"WARN","module":"ExcelService","message":"Error upserting product","data":{"product_id":"B078JDNZJ8","error":"Product.upsert is not a function"}}
{"timestamp":"2026-05-06T16:22:43.841Z","level":"WARN","module":"ExcelService","message":"Error upserting product","data":{"product_id":"B01M5F614J","error":"Product.upsert is not a function"}}
{"timestamp":"2026-05-06T16:22:43.842Z","level":"WARN","module":"ExcelService","message":"Error upserting product","data":{"product_id":"B083GKDRKR","error":"Product.upsert is not a function"}}
{"timestamp":"2026-05-06T16:22:43.842Z","level":"WARN","module":"ExcelService","message":"Error upserting product","data":{"product_id":"B097R2V1W8","error":"Product.upsert is not a function"}}
{"timestamp":"2026-05-06T16:22:43.843Z","level":"WARN","module":"ExcelService","message":"Error upserting product","data":{"product_id":"B07YR26BJ3","error":"Product.upsert is not a function"}}
{"timestamp":"2026-05-06T16:22:43.844Z","level":"WARN","module":"ExcelService","message":"Error upserting product","data":{"product_id":"B097R45BH8","error":"Product.upsert is not a function"}}
{"timestamp":"2026-05-06T16:22:43.844Z","level":"WARN","module":"ExcelService","message":"Error upserting product","data":{"product_id":"B09X5C9VLK","error":"Product.upsert is not a function"}}
{"timestamp":"2026-05-06T16:22:43.845Z","level":"WARN","module":"ExcelService","message":"Error upserting product","data":{"product_id":"B01C8P29T4","error":"Product.upsert is not a function"}}
{"timestamp":"2026-05-06T16:22:43.846Z","level":"WARN","module":"ExcelService","message":"Error upserting product","data":{"product_id":"B00HVXS7WC","error":"Product.upsert is not a function"}}
{"timestamp":"2026-05-06T16:22:43.847Z","level":"WARN","module":"ExcelService","message":"Error upserting product","data":{"product_id":"B096YCN3SD","error":"Product.upsert is not a function"}}
{"timestamp":"2026-05-06T16:22:43.847Z","level":"WARN","module":"ExcelService","message":"Error upserting product","data":{"product_id":"B09LQH3SD9","error":"Product.upsert is not a function"}}
{"timestamp":"2026-05-06T16:22:43.848Z","level":"WARN","module":"ExcelService","message":"Error upserting product","data":{"product_id":"B09KNMLH4Y","error":"Product.upsert is not a function"}}
{"timestamp":"2026-05-06T16:22:43.849Z","level":"WARN","module":"ExcelService","message":"Error upserting product","data":{"product_id":"B00ABMASXG","error":"Product.upsert is not a function"}}
{"timestamp":"2026-05-06T16:22:43.850Z","level":"WARN","module":"ExcelService","message":"Error upserting product","data":{"product_id":"B07QDSN9V6","error":"Product.upsert is not a function"}}
{"timestamp":"2026-05-06T16:22:43.850Z","level":"WARN","module":"ExcelService","message":"Error upserting product","data":{"product_id":"B00YMJ0OI8","error":"Product.upsert is not a function"}}
{"timestamp":"2026-05-06T16:22:43.851Z","level":"WARN","module":"ExcelService","message":"Error upserting product","data":{"product_id":"B0B8XNPQPN","error":"Product.upsert is not a function"}}
{"timestamp":"2026-05-06T16:22:43.851Z","level":"WARN","module":"ExcelService","message":"Error upserting product","data":{"product_id":"B0814P4L98","error":"Product.upsert is not a function"}}
{"timestamp":"2026-05-06T16:22:43.852Z","level":"WARN","module":"ExcelService","message":"Error upserting product","data":{"product_id":"B008QTK47Q","error":"Product.upsert is not a function"}}
{"timestamp":"2026-05-06T16:22:43.852Z","level":"WARN","module":"ExcelService","message":"Error upserting product","data":{"product_id":"B088ZTJT2R","error":"Product.upsert is not a function"}}
{"timestamp":"2026-05-06T16:22:43.853Z","level":"WARN","module":"ExcelService","message":"Error upserting product","data":{"product_id":"B0BK1K598K","error":"Product.upsert is not a function"}}
{"timestamp":"2026-05-06T16:22:43.854Z","level":"WARN","module":"ExcelService","message":"Error upserting product","data":{"product_id":"B09Y5FZK9N","error":"Product.upsert is not a function"}}
{"timestamp":"2026-05-06T16:22:43.855Z","level":"WARN","module":"ExcelService","message":"Error upserting product","data":{"product_id":"B09J2SCVQT","error":"Product.upsert is not a function"}}
{"timestamp":"2026-05-06T16:22:43.855Z","level":"WARN","module":"ExcelService","message":"Error upserting product","data":{"product_id":"B00TDD0YM4","error":"Product.upsert is not a function"}}
{"timestamp":"2026-05-06T16:22:43.856Z","level":"WARN","module":"ExcelService","message":"Error upserting product","data":{"product_id":"B078KRFWQB","error":"Product.upsert is not a function"}}
{"timestamp":"2026-05-06T16:22:43.856Z","level":"WARN","module":"ExcelService","message":"Error upserting product","data":{"product_id":"B07SRM58TP","error":"Product.upsert is not a function"}}
{"timestamp":"2026-05-06T16:22:43.857Z","level":"WARN","module":"ExcelService","message":"Error upserting product","data":{"product_id":"B00EDJJ7FS","error":"Product.upsert is not a function"}}
{"timestamp":"2026-05-06T16:22:43.859Z","level":"WARN","module":"ExcelService","message":"Error upserting product","data":{"product_id":"B0832W3B7Q","error":"Product.upsert is not a function"}}
{"timestamp":"2026-05-06T16:22:43.860Z","level":"WARN","module":"ExcelService","message":"Error upserting product","data":{"product_id":"B07WNK1FFN","error":"Product.upsert is not a function"}}
{"timestamp":"2026-05-06T16:22:43.860Z","level":"WARN","module":"ExcelService","message":"Error upserting product","data":{"product_id":"B009P2LK08","error":"Product.upsert is not a function"}}
{"timestamp":"2026-05-06T16:22:43.867Z","level":"WARN","module":"ExcelService","message":"Error upserting product","data":{"product_id":"B07DGD4Z4C","error":"Product.upsert is not a function"}}
{"timestamp":"2026-05-06T16:22:43.875Z","level":"WARN","module":"ExcelService","message":"Error upserting product","data":{"product_id":"B07GMFY9QM","error":"Product.upsert is not a function"}}
{"timestamp":"2026-05-06T16:22:43.878Z","level":"WARN","module":"ExcelService","message":"Error upserting product","data":{"product_id":"B0BGPN4GGH","error":"Product.upsert is not a function"}}
{"timestamp":"2026-05-06T16:22:43.881Z","level":"WARN","module":"ExcelService","message":"Error upserting product","data":{"product_id":"B0B2DZ5S6R","error":"Product.upsert is not a function"}}
{"timestamp":"2026-05-06T16:22:43.889Z","level":"WARN","module":"ExcelService","message":"Error upserting product","data":{"product_id":"B07S851WX5","error":"Product.upsert is not a function"}}
{"timestamp":"2026-05-06T16:22:43.891Z","level":"WARN","module":"ExcelService","message":"Error upserting product","data":{"product_id":"B01MY839VW","error":"Product.upsert is not a function"}}
{"timestamp":"2026-05-06T16:22:43.893Z","level":"WARN","module":"ExcelService","message":"Error upserting product","data":{"product_id":"B09LV1CMGH","error":"Product.upsert is not a function"}}
{"timestamp":"2026-05-06T16:22:43.894Z","level":"WARN","module":"ExcelService","message":"Error upserting product","data":{"product_id":"B01EY310UM","error":"Product.upsert is not a function"}}
{"timestamp":"2026-05-06T16:22:43.896Z","level":"WARN","module":"ExcelService","message":"Error upserting product","data":{"product_id":"B09NL7LBWT","error":"Product.upsert is not a function"}}
{"timestamp":"2026-05-06T16:22:43.898Z","level":"WARN","module":"ExcelService","message":"Error upserting product","data":{"product_id":"B008YW8M0G","error":"Product.upsert is not a function"}}
{"timestamp":"2026-05-06T16:22:43.899Z","level":"WARN","module":"ExcelService","message":"Error upserting product","data":{"product_id":"B097R3XH9R","error":"Product.upsert is not a function"}}
{"timestamp":"2026-05-06T16:22:43.901Z","level":"WARN","module":"ExcelService","message":"Error upserting product","data":{"product_id":"B08TM71L54","error":"Product.upsert is not a function"}}
{"timestamp":"2026-05-06T16:22:43.903Z","level":"WARN","module":"ExcelService","message":"Error upserting product","data":{"product_id":"B0BPBXNQQT","error":"Product.upsert is not a function"}}
{"timestamp":"2026-05-06T16:22:43.905Z","level":"WARN","module":"ExcelService","message":"Error upserting product","data":{"product_id":"B00W56GLOQ","error":"Product.upsert is not a function"}}
{"timestamp":"2026-05-06T16:22:43.907Z","level":"WARN","module":"ExcelService","message":"Error upserting product","data":{"product_id":"B0883KDSXC","error":"Product.upsert is not a function"}}
{"timestamp":"2026-05-06T16:22:43.908Z","level":"WARN","module":"ExcelService","message":"Error upserting product","data":{"product_id":"B078V8R9BS","error":"Product.upsert is not a function"}}
{"timestamp":"2026-05-06T16:22:43.909Z","level":"WARN","module":"ExcelService","message":"Error upserting product","data":{"product_id":"B08GSQXLJ2","error":"Product.upsert is not a function"}}
{"timestamp":"2026-05-06T16:22:43.910Z","level":"WARN","module":"ExcelService","message":"Error upserting product","data":{"product_id":"B01M5B0TPW","error":"Product.upsert is not a function"}}
{"timestamp":"2026-05-06T16:22:43.912Z","level":"WARN","module":"ExcelService","message":"Error upserting product","data":{"product_id":"B082KVTRW8","error":"Product.upsert is not a function"}}
{"timestamp":"2026-05-06T16:22:43.913Z","level":"WARN","module":"ExcelService","message":"Error upserting product","data":{"product_id":"B08CFJBZRK","error":"Product.upsert is not a function"}}
{"timestamp":"2026-05-06T16:22:43.914Z","level":"WARN","module":"ExcelService","message":"Error upserting product","data":{"product_id":"B07H3WDC4X","error":"Product.upsert is not a function"}}
{"timestamp":"2026-05-06T16:22:43.915Z","level":"WARN","module":"ExcelService","message":"Error upserting product","data":{"product_id":"B09ZTZ9N3Q","error":"Product.upsert is not a function"}}
{"timestamp":"2026-05-06T16:22:43.916Z","level":"WARN","module":"ExcelService","message":"Error upserting product","data":{"product_id":"B083P71WKK","error":"Product.upsert is not a function"}}
{"timestamp":"2026-05-06T16:22:43.917Z","level":"WARN","module":"ExcelService","message":"Error upserting product","data":{"product_id":"B097R4D42G","error":"Product.upsert is not a function"}}
{"timestamp":"2026-05-06T16:22:43.919Z","level":"WARN","module":"ExcelService","message":"Error upserting product","data":{"product_id":"B07MKMFKPG","error":"Product.upsert is not a function"}}
{"timestamp":"2026-05-06T16:22:43.923Z","level":"WARN","module":"ExcelService","message":"Error upserting product","data":{"product_id":"B0949FPSFY","error":"Product.upsert is not a function"}}
{"timestamp":"2026-05-06T16:22:43.925Z","level":"WARN","module":"ExcelService","message":"Error upserting product","data":{"product_id":"B08F47T4X5","error":"Product.upsert is not a function"}}
{"timestamp":"2026-05-06T16:22:43.926Z","level":"WARN","module":"ExcelService","message":"Error upserting product","data":{"product_id":"B01M0505SJ","error":"Product.upsert is not a function"}}
{"timestamp":"2026-05-06T16:22:43.927Z","level":"WARN","module":"ExcelService","message":"Error upserting product","data":{"product_id":"B08D6RCM3Q","error":"Product.upsert is not a function"}}
{"timestamp":"2026-05-06T16:22:43.928Z","level":"WARN","module":"ExcelService","message":"Error upserting product","data":{"product_id":"B009P2LITG","error":"Product.upsert is not a function"}}
{"timestamp":"2026-05-06T16:22:43.930Z","level":"WARN","module":"ExcelService","message":"Error upserting product","data":{"product_id":"B00V9NHDI4","error":"Product.upsert is not a function"}}
{"timestamp":"2026-05-06T16:22:43.932Z","level":"WARN","module":"ExcelService","message":"Error upserting product","data":{"product_id":"B07WGPBXY9","error":"Product.upsert is not a function"}}
{"timestamp":"2026-05-06T16:22:43.933Z","level":"WARN","module":"ExcelService","message":"Error upserting product","data":{"product_id":"B00KRCBA6E","error":"Product.upsert is not a function"}}
{"timestamp":"2026-05-06T16:22:43.935Z","level":"WARN","module":"ExcelService","message":"Error upserting product","data":{"product_id":"B0B3X2BY3M","error":"Product.upsert is not a function"}}
{"timestamp":"2026-05-06T16:22:43.936Z","level":"WARN","module":"ExcelService","message":"Error upserting product","data":{"product_id":"B00F159RIK","error":"Product.upsert is not a function"}}
{"timestamp":"2026-05-06T16:22:43.940Z","level":"WARN","module":"ExcelService","message":"Error upserting product","data":{"product_id":"B08MV82R99","error":"Product.upsert is not a function"}}
{"timestamp":"2026-05-06T16:22:43.941Z","level":"WARN","module":"ExcelService","message":"Error upserting product","data":{"product_id":"B09VKWGZD7","error":"Product.upsert is not a function"}}
{"timestamp":"2026-05-06T16:22:43.943Z","level":"WARN","module":"ExcelService","message":"Error upserting product","data":{"product_id":"B009P2LK80","error":"Product.upsert is not a function"}}
{"timestamp":"2026-05-06T16:22:43.944Z","level":"WARN","module":"ExcelService","message":"Error upserting product","data":{"product_id":"B00A7PLVU6","error":"Product.upsert is not a function"}}
{"timestamp":"2026-05-06T16:22:43.945Z","level":"WARN","module":"ExcelService","message":"Error upserting product","data":{"product_id":"B0B25DJ352","error":"Product.upsert is not a function"}}
{"timestamp":"2026-05-06T16:22:43.946Z","level":"WARN","module":"ExcelService","message":"Error upserting product","data":{"product_id":"B013B2WGT6","error":"Product.upsert is not a function"}}
{"timestamp":"2026-05-06T16:22:43.947Z","level":"WARN","module":"ExcelService","message":"Error upserting product","data":{"product_id":"B097RJ867P","error":"Product.upsert is not a function"}}
{"timestamp":"2026-05-06T16:22:43.948Z","level":"WARN","module":"ExcelService","message":"Error upserting product","data":{"product_id":"B091V8HK8Z","error":"Product.upsert is not a function"}}
{"timestamp":"2026-05-06T16:22:43.948Z","level":"WARN","module":"ExcelService","message":"Error upserting product","data":{"product_id":"B071VNHMX2","error":"Product.upsert is not a function"}}
{"timestamp":"2026-05-06T16:22:43.949Z","level":"WARN","module":"ExcelService","message":"Error upserting product","data":{"product_id":"B08MVSGXMY","error":"Product.upsert is not a function"}}
{"timestamp":"2026-05-06T16:22:43.950Z","level":"WARN","module":"ExcelService","message":"Error upserting product","data":{"product_id":"B00H0B29DI","error":"Product.upsert is not a function"}}
{"timestamp":"2026-05-06T16:22:43.951Z","level":"WARN","module":"ExcelService","message":"Error upserting product","data":{"product_id":"B01GZSQJPA","error":"Product.upsert is not a function"}}
{"timestamp":"2026-05-06T16:22:43.952Z","level":"WARN","module":"ExcelService","message":"Error upserting product","data":{"product_id":"B08VGFX2B6","error":"Product.upsert is not a function"}}
{"timestamp":"2026-05-06T16:22:43.952Z","level":"WARN","module":"ExcelService","message":"Error upserting product","data":{"product_id":"B09GYBZPHF","error":"Product.upsert is not a function"}}
{"timestamp":"2026-05-06T16:22:43.954Z","level":"WARN","module":"ExcelService","message":"Error upserting product","data":{"product_id":"B0B4KPCBSH","error":"Product.upsert is not a function"}}
{"timestamp":"2026-05-06T16:22:43.954Z","level":"WARN","module":"ExcelService","message":"Error upserting product","data":{"product_id":"B09CGLY5CX","error":"Product.upsert is not a function"}}
{"timestamp":"2026-05-06T16:22:43.955Z","level":"WARN","module":"ExcelService","message":"Error upserting product","data":{"product_id":"B09JN37WBX","error":"Product.upsert is not a function"}}
{"timestamp":"2026-05-06T16:22:43.956Z","level":"WARN","module":"ExcelService","message":"Error upserting product","data":{"product_id":"B01I1LDZGA","error":"Product.upsert is not a function"}}
{"timestamp":"2026-05-06T16:22:43.956Z","level":"WARN","module":"ExcelService","message":"Error upserting product","data":{"product_id":"B0BN2576GQ","error":"Product.upsert is not a function"}}
{"timestamp":"2026-05-06T16:22:43.957Z","level":"WARN","module":"ExcelService","message":"Error upserting product","data":{"product_id":"B06XPYRWV5","error":"Product.upsert is not a function"}}
{"timestamp":"2026-05-06T16:22:43.958Z","level":"WARN","module":"ExcelService","message":"Error upserting product","data":{"product_id":"B01N1XVVLC","error":"Product.upsert is not a function"}}
{"timestamp":"2026-05-06T16:22:43.958Z","level":"WARN","module":"ExcelService","message":"Error upserting product","data":{"product_id":"B00O2R38C4","error":"Product.upsert is not a function"}}
{"timestamp":"2026-05-06T16:22:43.959Z","level":"WARN","module":"ExcelService","message":"Error upserting product","data":{"product_id":"B0B2CZTCL2","error":"Product.upsert is not a function"}}
{"timestamp":"2026-05-06T16:22:43.959Z","level":"WARN","module":"ExcelService","message":"Error upserting product","data":{"product_id":"B00PVT30YI","error":"Product.upsert is not a function"}}
{"timestamp":"2026-05-06T16:22:43.960Z","level":"WARN","module":"ExcelService","message":"Error upserting product","data":{"product_id":"B00SH18114","error":"Product.upsert is not a function"}}
{"timestamp":"2026-05-06T16:22:43.960Z","level":"WARN","module":"ExcelService","message":"Error upserting product","data":{"product_id":"B00E9G8KOY","error":"Product.upsert is not a function"}}
{"timestamp":"2026-05-06T16:22:43.961Z","level":"WARN","module":"ExcelService","message":"Error upserting product","data":{"product_id":"B00H3H03Q4","error":"Product.upsert is not a function"}}
{"timestamp":"2026-05-06T16:22:43.961Z","level":"WARN","module":"ExcelService","message":"Error upserting product","data":{"product_id":"B0756K5DYZ","error":"Product.upsert is not a function"}}
{"timestamp":"2026-05-06T16:22:43.962Z","level":"WARN","module":"ExcelService","message":"Error upserting product","data":{"product_id":"B0188KPKB2","error":"Product.upsert is not a function"}}
{"timestamp":"2026-05-06T16:22:43.962Z","level":"WARN","module":"ExcelService","message":"Error upserting product","data":{"product_id":"B091KNVNS9","error":"Product.upsert is not a function"}}
{"timestamp":"2026-05-06T16:22:43.963Z","level":"WARN","module":"ExcelService","message":"Error upserting product","data":{"product_id":"B075JJ5NQC","error":"Product.upsert is not a function"}}
{"timestamp":"2026-05-06T16:22:43.964Z","level":"WARN","module":"ExcelService","message":"Error upserting product","data":{"product_id":"B0B5KZ3C53","error":"Product.upsert is not a function"}}
{"timestamp":"2026-05-06T16:22:43.964Z","level":"WARN","module":"ExcelService","message":"Error upserting product","data":{"product_id":"B09NTHQRW3","error":"Product.upsert is not a function"}}
{"timestamp":"2026-05-06T16:22:43.965Z","level":"WARN","module":"ExcelService","message":"Error upserting product","data":{"product_id":"B008YW3CYM","error":"Product.upsert is not a function"}}
{"timestamp":"2026-05-06T16:22:43.966Z","level":"WARN","module":"ExcelService","message":"Error upserting product","data":{"product_id":"B07QHHCB27","error":"Product.upsert is not a function"}}
{"timestamp":"2026-05-06T16:22:43.967Z","level":"WARN","module":"ExcelService","message":"Error upserting product","data":{"product_id":"B0BMFD94VD","error":"Product.upsert is not a function"}}
{"timestamp":"2026-05-06T16:22:43.967Z","level":"WARN","module":"ExcelService","message":"Error upserting product","data":{"product_id":"B00HZIOGXW","error":"Product.upsert is not a function"}}
{"timestamp":"2026-05-06T16:22:43.969Z","level":"WARN","module":"ExcelService","message":"Error upserting product","data":{"product_id":"B09CKSYBLR","error":"Product.upsert is not a function"}}
{"timestamp":"2026-05-06T16:22:43.969Z","level":"WARN","module":"ExcelService","message":"Error upserting product","data":{"product_id":"B072J83V9W","error":"Product.upsert is not a function"}}
{"timestamp":"2026-05-06T16:22:43.971Z","level":"WARN","module":"ExcelService","message":"Error upserting product","data":{"product_id":"B09MTLG4TP","error":"Product.upsert is not a function"}}
{"timestamp":"2026-05-06T16:22:43.972Z","level":"WARN","module":"ExcelService","message":"Error upserting product","data":{"product_id":"B097XJQZ8H","error":"Product.upsert is not a function"}}
{"timestamp":"2026-05-06T16:22:43.973Z","level":"WARN","module":"ExcelService","message":"Error upserting product","data":{"product_id":"B00935MD1C","error":"Product.upsert is not a function"}}
{"timestamp":"2026-05-06T16:22:43.973Z","level":"WARN","module":"ExcelService","message":"Error upserting product","data":{"product_id":"B0BR4F878Q","error":"Product.upsert is not a function"}}
{"timestamp":"2026-05-06T16:22:43.974Z","level":"WARN","module":"ExcelService","message":"Error upserting product","data":{"product_id":"B0B3G5XZN5","error":"Product.upsert is not a function"}}
{"timestamp":"2026-05-06T16:22:43.975Z","level":"WARN","module":"ExcelService","message":"Error upserting product","data":{"product_id":"B07WKB69RS","error":"Product.upsert is not a function"}}
{"timestamp":"2026-05-06T16:22:43.977Z","level":"WARN","module":"ExcelService","message":"Error upserting product","data":{"product_id":"B09DL9978Y","error":"Product.upsert is not a function"}}
{"timestamp":"2026-05-06T16:22:43.978Z","level":"WARN","module":"ExcelService","message":"Error upserting product","data":{"product_id":"B06XMZV7RH","error":"Product.upsert is not a function"}}
{"timestamp":"2026-05-06T16:22:43.979Z","level":"WARN","module":"ExcelService","message":"Error upserting product","data":{"product_id":"B09WMTJPG7","error":"Product.upsert is not a function"}}
{"timestamp":"2026-05-06T16:22:43.980Z","level":"WARN","module":"ExcelService","message":"Error upserting product","data":{"product_id":"B09ZK6THRR","error":"Product.upsert is not a function"}}
{"timestamp":"2026-05-06T16:22:43.981Z","level":"WARN","module":"ExcelService","message":"Error upserting product","data":{"product_id":"B07MP21WJD","error":"Product.upsert is not a function"}}
{"timestamp":"2026-05-06T16:22:43.982Z","level":"WARN","module":"ExcelService","message":"Error upserting product","data":{"product_id":"B09XB1R2F3","error":"Product.upsert is not a function"}}
{"timestamp":"2026-05-06T16:22:43.984Z","level":"WARN","module":"ExcelService","message":"Error upserting product","data":{"product_id":"B08Y5QJXSR","error":"Product.upsert is not a function"}}
{"timestamp":"2026-05-06T16:22:43.984Z","level":"WARN","module":"ExcelService","message":"Error upserting product","data":{"product_id":"B07WJXCTG9","error":"Product.upsert is not a function"}}
{"timestamp":"2026-05-06T16:22:43.985Z","level":"WARN","module":"ExcelService","message":"Error upserting product","data":{"product_id":"B09NBZ36F7","error":"Product.upsert is not a function"}}
{"timestamp":"2026-05-06T16:22:43.987Z","level":"WARN","module":"ExcelService","message":"Error upserting product","data":{"product_id":"B0912WJ87V","error":"Product.upsert is not a function"}}
{"timestamp":"2026-05-06T16:22:43.988Z","level":"WARN","module":"ExcelService","message":"Error upserting product","data":{"product_id":"B0BMTZ4T1D","error":"Product.upsert is not a function"}}
{"timestamp":"2026-05-06T16:22:43.989Z","level":"WARN","module":"ExcelService","message":"Error upserting product","data":{"product_id":"B07Z51CGGH","error":"Product.upsert is not a function"}}
{"timestamp":"2026-05-06T16:22:43.990Z","level":"WARN","module":"ExcelService","message":"Error upserting product","data":{"product_id":"B0BDG6QDYD","error":"Product.upsert is not a function"}}
{"timestamp":"2026-05-06T16:22:43.991Z","level":"WARN","module":"ExcelService","message":"Error upserting product","data":{"product_id":"B00YQLG7GK","error":"Product.upsert is not a function"}}
{"timestamp":"2026-05-06T16:22:43.992Z","level":"WARN","module":"ExcelService","message":"Error upserting product","data":{"product_id":"B00SMJPA9C","error":"Product.upsert is not a function"}}
{"timestamp":"2026-05-06T16:22:43.993Z","level":"WARN","module":"ExcelService","message":"Error upserting product","data":{"product_id":"B0B9RN5X8B","error":"Product.upsert is not a function"}}
{"timestamp":"2026-05-06T16:22:43.994Z","level":"WARN","module":"ExcelService","message":"Error upserting product","data":{"product_id":"B08QW937WV","error":"Product.upsert is not a function"}}
{"timestamp":"2026-05-06T16:22:43.994Z","level":"WARN","module":"ExcelService","message":"Error upserting product","data":{"product_id":"B0B4PPD89B","error":"Product.upsert is not a function"}}
{"timestamp":"2026-05-06T16:22:43.995Z","level":"WARN","module":"ExcelService","message":"Error upserting product","data":{"product_id":"B08GM5S4CQ","error":"Product.upsert is not a function"}}
{"timestamp":"2026-05-06T16:22:43.996Z","level":"WARN","module":"ExcelService","message":"Error upserting product","data":{"product_id":"B00NM6MO26","error":"Product.upsert is not a function"}}
{"timestamp":"2026-05-06T16:22:43.997Z","level":"WARN","module":"ExcelService","message":"Error upserting product","data":{"product_id":"B083M7WPZD","error":"Product.upsert is not a function"}}
{"timestamp":"2026-05-06T16:22:43.998Z","level":"WARN","module":"ExcelService","message":"Error upserting product","data":{"product_id":"B07GLSKXS1","error":"Product.upsert is not a function"}}
{"timestamp":"2026-05-06T16:22:43.999Z","level":"WARN","module":"ExcelService","message":"Error upserting product","data":{"product_id":"B09F6KL23R","error":"Product.upsert is not a function"}}
{"timestamp":"2026-05-06T16:22:44.000Z","level":"WARN","module":"ExcelService","message":"Error upserting product","data":{"product_id":"B094G9L9LT","error":"Product.upsert is not a function"}}
{"timestamp":"2026-05-06T16:22:44.000Z","level":"WARN","module":"ExcelService","message":"Error upserting product","data":{"product_id":"B09FZ89DK6","error":"Product.upsert is not a function"}}
{"timestamp":"2026-05-06T16:22:44.002Z","level":"WARN","module":"ExcelService","message":"Error upserting product","data":{"product_id":"B0811VCGL5","error":"Product.upsert is not a function"}}
{"timestamp":"2026-05-06T16:22:44.002Z","level":"WARN","module":"ExcelService","message":"Error upserting product","data":{"product_id":"B07FXLC2G2","error":"Product.upsert is not a function"}}
{"timestamp":"2026-05-06T16:22:44.003Z","level":"WARN","module":"ExcelService","message":"Error upserting product","data":{"product_id":"B01LYU3BZF","error":"Product.upsert is not a function"}}
{"timestamp":"2026-05-06T16:22:44.004Z","level":"WARN","module":"ExcelService","message":"Error upserting product","data":{"product_id":"B083RC4WFJ","error":"Product.upsert is not a function"}}
{"timestamp":"2026-05-06T16:22:44.005Z","level":"WARN","module":"ExcelService","message":"Error upserting product","data":{"product_id":"B09SFRNKSR","error":"Product.upsert is not a function"}}
{"timestamp":"2026-05-06T16:22:44.006Z","level":"WARN","module":"ExcelService","message":"Error upserting product","data":{"product_id":"B07NRTCDS5","error":"Product.upsert is not a function"}}
{"timestamp":"2026-05-06T16:22:44.006Z","level":"WARN","module":"ExcelService","message":"Error upserting product","data":{"product_id":"B07SPVMSC6","error":"Product.upsert is not a function"}}
{"timestamp":"2026-05-06T16:22:44.007Z","level":"WARN","module":"ExcelService","message":"Error upserting product","data":{"product_id":"B09H3BXWTK","error":"Product.upsert is not a function"}}
{"timestamp":"2026-05-06T16:22:44.008Z","level":"WARN","module":"ExcelService","message":"Error upserting product","data":{"product_id":"B0073QGKAS","error":"Product.upsert is not a function"}}
{"timestamp":"2026-05-06T16:22:44.008Z","level":"WARN","module":"ExcelService","message":"Error upserting product","data":{"product_id":"B08GJ57MKL","error":"Product.upsert is not a function"}}
{"timestamp":"2026-05-06T16:22:44.009Z","level":"WARN","module":"ExcelService","message":"Error upserting product","data":{"product_id":"B009DA69W6","error":"Product.upsert is not a function"}}
{"timestamp":"2026-05-06T16:22:44.009Z","level":"WARN","module":"ExcelService","message":"Error upserting product","data":{"product_id":"B099PR2GQJ","error":"Product.upsert is not a function"}}
{"timestamp":"2026-05-06T16:22:44.010Z","level":"WARN","module":"ExcelService","message":"Error upserting product","data":{"product_id":"B08G8H8DPL","error":"Product.upsert is not a function"}}
{"timestamp":"2026-05-06T16:22:44.011Z","level":"WARN","module":"ExcelService","message":"Error upserting product","data":{"product_id":"B08VGM3YMF","error":"Product.upsert is not a function"}}
{"timestamp":"2026-05-06T16:22:44.012Z","level":"WARN","module":"ExcelService","message":"Error upserting product","data":{"product_id":"B08TTRVWKY","error":"Product.upsert is not a function"}}
{"timestamp":"2026-05-06T16:22:44.013Z","level":"WARN","module":"ExcelService","message":"Error upserting product","data":{"product_id":"B07T4D9FNY","error":"Product.upsert is not a function"}}
{"timestamp":"2026-05-06T16:22:44.014Z","level":"WARN","module":"ExcelService","message":"Error upserting product","data":{"product_id":"B07RX42D3D","error":"Product.upsert is not a function"}}
{"timestamp":"2026-05-06T16:22:44.015Z","level":"WARN","module":"ExcelService","message":"Error upserting product","data":{"product_id":"B08WRKSF9D","error":"Product.upsert is not a function"}}
{"timestamp":"2026-05-06T16:22:44.016Z","level":"WARN","module":"ExcelService","message":"Error upserting product","data":{"product_id":"B09R83SFYV","error":"Product.upsert is not a function"}}
{"timestamp":"2026-05-06T16:22:44.017Z","level":"WARN","module":"ExcelService","message":"Error upserting product","data":{"product_id":"B07989VV5K","error":"Product.upsert is not a function"}}
{"timestamp":"2026-05-06T16:22:44.018Z","level":"WARN","module":"ExcelService","message":"Error upserting product","data":{"product_id":"B07FL3WRX5","error":"Product.upsert is not a function"}}
{"timestamp":"2026-05-06T16:22:44.018Z","level":"WARN","module":"ExcelService","message":"Error upserting product","data":{"product_id":"B0BPCJM7TB","error":"Product.upsert is not a function"}}
{"timestamp":"2026-05-06T16:22:44.019Z","level":"WARN","module":"ExcelService","message":"Error upserting product","data":{"product_id":"B08H673XKN","error":"Product.upsert is not a function"}}
{"timestamp":"2026-05-06T16:22:44.020Z","level":"WARN","module":"ExcelService","message":"Error upserting product","data":{"product_id":"B07DXRGWDJ","error":"Product.upsert is not a function"}}
{"timestamp":"2026-05-06T16:22:44.021Z","level":"WARN","module":"ExcelService","message":"Error upserting product","data":{"product_id":"B08243SKCK","error":"Product.upsert is not a function"}}
{"timestamp":"2026-05-06T16:22:44.022Z","level":"WARN","module":"ExcelService","message":"Error upserting product","data":{"product_id":"B09SPTNG58","error":"Product.upsert is not a function"}}
{"timestamp":"2026-05-06T16:22:44.023Z","level":"WARN","module":"ExcelService","message":"Error upserting product","data":{"product_id":"B083J64CBB","error":"Product.upsert is not a function"}}
{"timestamp":"2026-05-06T16:22:44.024Z","level":"WARN","module":"ExcelService","message":"Error upserting product","data":{"product_id":"B08JV91JTK","error":"Product.upsert is not a function"}}
{"timestamp":"2026-05-06T16:22:44.025Z","level":"WARN","module":"ExcelService","message":"Error upserting product","data":{"product_id":"B0BQ3K23Y1","error":"Product.upsert is not a function"}}
{"timestamp":"2026-05-06T16:22:44.026Z","level":"WARN","module":"ExcelService","message":"Error upserting product","data":{"product_id":"B09MT94QLL","error":"Product.upsert is not a function"}}
{"timestamp":"2026-05-06T16:22:44.026Z","level":"WARN","module":"ExcelService","message":"Error upserting product","data":{"product_id":"B07NKNBTT3","error":"Product.upsert is not a function"}}
{"timestamp":"2026-05-06T16:22:44.027Z","level":"WARN","module":"ExcelService","message":"Error upserting product","data":{"product_id":"B09KPXTZXN","error":"Product.upsert is not a function"}}
{"timestamp":"2026-05-06T16:22:44.028Z","level":"WARN","module":"ExcelService","message":"Error upserting product","data":{"product_id":"B078HG2ZPS","error":"Product.upsert is not a function"}}
{"timestamp":"2026-05-06T16:22:44.029Z","level":"WARN","module":"ExcelService","message":"Error upserting product","data":{"product_id":"B07N2MGB3G","error":"Product.upsert is not a function"}}
{"timestamp":"2026-05-06T16:22:44.030Z","level":"WARN","module":"ExcelService","message":"Error upserting product","data":{"product_id":"B008LN8KDM","error":"Product.upsert is not a function"}}
{"timestamp":"2026-05-06T16:22:44.031Z","level":"WARN","module":"ExcelService","message":"Error upserting product","data":{"product_id":"B08MZNT7GP","error":"Product.upsert is not a function"}}
{"timestamp":"2026-05-06T16:22:44.032Z","level":"WARN","module":"ExcelService","message":"Error upserting product","data":{"product_id":"B009P2L7CO","error":"Product.upsert is not a function"}}
{"timestamp":"2026-05-06T16:22:44.033Z","level":"WARN","module":"ExcelService","message":"Error upserting product","data":{"product_id":"B07YC8JHMB","error":"Product.upsert is not a function"}}
{"timestamp":"2026-05-06T16:22:44.033Z","level":"WARN","module":"ExcelService","message":"Error upserting product","data":{"product_id":"B0BNQMF152","error":"Product.upsert is not a function"}}
{"timestamp":"2026-05-06T16:22:44.034Z","level":"WARN","module":"ExcelService","message":"Error upserting product","data":{"product_id":"B08J7VCT12","error":"Product.upsert is not a function"}}
{"timestamp":"2026-05-06T16:22:44.035Z","level":"WARN","module":"ExcelService","message":"Error upserting product","data":{"product_id":"B0989W6J2F","error":"Product.upsert is not a function"}}
{"timestamp":"2026-05-06T16:22:44.036Z","level":"WARN","module":"ExcelService","message":"Error upserting product","data":{"product_id":"B0B84KSH3X","error":"Product.upsert is not a function"}}
{"timestamp":"2026-05-06T16:22:44.037Z","level":"WARN","module":"ExcelService","message":"Error upserting product","data":{"product_id":"B08HLC7Z3G","error":"Product.upsert is not a function"}}
{"timestamp":"2026-05-06T16:22:44.038Z","level":"WARN","module":"ExcelService","message":"Error upserting product","data":{"product_id":"B0BN6M3TCM","error":"Product.upsert is not a function"}}
{"timestamp":"2026-05-06T16:22:44.039Z","level":"WARN","module":"ExcelService","message":"Error upserting product","data":{"product_id":"B01L6MT7E0","error":"Product.upsert is not a function"}}
{"timestamp":"2026-05-06T16:22:44.040Z","level":"WARN","module":"ExcelService","message":"Error upserting product","data":{"product_id":"B0B9F9PT8R","error":"Product.upsert is not a function"}}
{"timestamp":"2026-05-06T16:22:44.041Z","level":"WARN","module":"ExcelService","message":"Error upserting product","data":{"product_id":"B0883LQJ6B","error":"Product.upsert is not a function"}}
{"timestamp":"2026-05-06T16:22:44.042Z","level":"WARN","module":"ExcelService","message":"Error upserting product","data":{"product_id":"B099Z83VRC","error":"Product.upsert is not a function"}}
{"timestamp":"2026-05-06T16:22:44.042Z","level":"WARN","module":"ExcelService","message":"Error upserting product","data":{"product_id":"B00S9BSJC8","error":"Product.upsert is not a function"}}
{"timestamp":"2026-05-06T16:22:44.043Z","level":"WARN","module":"ExcelService","message":"Error upserting product","data":{"product_id":"B0B4SJKRDF","error":"Product.upsert is not a function"}}
{"timestamp":"2026-05-06T16:22:44.044Z","level":"WARN","module":"ExcelService","message":"Error upserting product","data":{"product_id":"B0BM4KTNL1","error":"Product.upsert is not a function"}}
{"timestamp":"2026-05-06T16:22:44.045Z","level":"WARN","module":"ExcelService","message":"Error upserting product","data":{"product_id":"B08S6RKT4L","error":"Product.upsert is not a function"}}
{"timestamp":"2026-05-06T16:22:44.046Z","level":"WARN","module":"ExcelService","message":"Error upserting product","data":{"product_id":"B09SZ5TWHW","error":"Product.upsert is not a function"}}
{"timestamp":"2026-05-06T16:22:44.047Z","level":"WARN","module":"ExcelService","message":"Error upserting product","data":{"product_id":"B0BLC2BYPX","error":"Product.upsert is not a function"}}
{"timestamp":"2026-05-06T16:22:44.048Z","level":"WARN","module":"ExcelService","message":"Error upserting product","data":{"product_id":"B00P0R95EA","error":"Product.upsert is not a function"}}
{"timestamp":"2026-05-06T16:22:44.048Z","level":"WARN","module":"ExcelService","message":"Error upserting product","data":{"product_id":"B07W4HTS8Q","error":"Product.upsert is not a function"}}
{"timestamp":"2026-05-06T16:22:44.049Z","level":"WARN","module":"ExcelService","message":"Error upserting product","data":{"product_id":"B078JBK4GX","error":"Product.upsert is not a function"}}
{"timestamp":"2026-05-06T16:22:44.050Z","level":"WARN","module":"ExcelService","message":"Error upserting product","data":{"product_id":"B08S7V8YTN","error":"Product.upsert is not a function"}}
{"timestamp":"2026-05-06T16:22:44.051Z","level":"WARN","module":"ExcelService","message":"Error upserting product","data":{"product_id":"B07H5PBN54","error":"Product.upsert is not a function"}}
{"timestamp":"2026-05-06T16:22:44.052Z","level":"WARN","module":"ExcelService","message":"Error upserting product","data":{"product_id":"B07YCBSCYB","error":"Product.upsert is not a function"}}
{"timestamp":"2026-05-06T16:22:44.053Z","level":"WARN","module":"ExcelService","message":"Error upserting product","data":{"product_id":"B098T9CJVQ","error":"Product.upsert is not a function"}}
{"timestamp":"2026-05-06T16:22:44.054Z","level":"WARN","module":"ExcelService","message":"Error upserting product","data":{"product_id":"B01KCSGBU2","error":"Product.upsert is not a function"}}
{"timestamp":"2026-05-06T16:22:44.056Z","level":"WARN","module":"ExcelService","message":"Error upserting product","data":{"product_id":"B095XCRDQW","error":"Product.upsert is not a function"}}
{"timestamp":"2026-05-06T16:22:44.057Z","level":"WARN","module":"ExcelService","message":"Error upserting product","data":{"product_id":"B09CTWFV5W","error":"Product.upsert is not a function"}}
{"timestamp":"2026-05-06T16:22:44.058Z","level":"WARN","module":"ExcelService","message":"Error upserting product","data":{"product_id":"B0B7NWGXS6","error":"Product.upsert is not a function"}}
{"timestamp":"2026-05-06T16:22:44.059Z","level":"WARN","module":"ExcelService","message":"Error upserting product","data":{"product_id":"B07DZ986Q2","error":"Product.upsert is not a function"}}
{"timestamp":"2026-05-06T16:22:44.060Z","level":"WARN","module":"ExcelService","message":"Error upserting product","data":{"product_id":"B07KKJPTWB","error":"Product.upsert is not a function"}}
{"timestamp":"2026-05-06T16:22:44.061Z","level":"WARN","module":"ExcelService","message":"Error upserting product","data":{"product_id":"B071R3LHFM","error":"Product.upsert is not a function"}}
{"timestamp":"2026-05-06T16:22:44.061Z","level":"WARN","module":"ExcelService","message":"Error upserting product","data":{"product_id":"B086X18Q71","error":"Product.upsert is not a function"}}
{"timestamp":"2026-05-06T16:22:44.062Z","level":"WARN","module":"ExcelService","message":"Error upserting product","data":{"product_id":"B07WVQG8WZ","error":"Product.upsert is not a function"}}
{"timestamp":"2026-05-06T16:22:44.062Z","level":"WARN","module":"ExcelService","message":"Error upserting product","data":{"product_id":"B0BFBNXS94","error":"Product.upsert is not a function"}}
{"timestamp":"2026-05-06T16:22:44.063Z","level":"WARN","module":"ExcelService","message":"Error upserting product","data":{"product_id":"B071113J7M","error":"Product.upsert is not a function"}}
{"timestamp":"2026-05-06T16:22:44.064Z","level":"WARN","module":"ExcelService","message":"Error upserting product","data":{"product_id":"B09YLWT89W","error":"Product.upsert is not a function"}}
{"timestamp":"2026-05-06T16:22:44.064Z","level":"WARN","module":"ExcelService","message":"Error upserting product","data":{"product_id":"B0814LP6S9","error":"Product.upsert is not a function"}}
{"timestamp":"2026-05-06T16:22:44.065Z","level":"WARN","module":"ExcelService","message":"Error upserting product","data":{"product_id":"B07BKSSDR2","error":"Product.upsert is not a function"}}
{"timestamp":"2026-05-06T16:22:44.066Z","level":"WARN","module":"ExcelService","message":"Error upserting product","data":{"product_id":"B09VGS66FV","error":"Product.upsert is not a function"}}
{"timestamp":"2026-05-06T16:22:44.067Z","level":"WARN","module":"ExcelService","message":"Error upserting product","data":{"product_id":"B07RCGTZ4M","error":"Product.upsert is not a function"}}
{"timestamp":"2026-05-06T16:22:44.068Z","level":"WARN","module":"ExcelService","message":"Error upserting product","data":{"product_id":"B0747VDH9L","error":"Product.upsert is not a function"}}
{"timestamp":"2026-05-06T16:22:44.068Z","level":"WARN","module":"ExcelService","message":"Error upserting product","data":{"product_id":"B08XLR6DSB","error":"Product.upsert is not a function"}}
{"timestamp":"2026-05-06T16:22:44.069Z","level":"WARN","module":"ExcelService","message":"Error upserting product","data":{"product_id":"B08H6CZSHT","error":"Product.upsert is not a function"}}
{"timestamp":"2026-05-06T16:22:44.071Z","level":"WARN","module":"ExcelService","message":"Error upserting product","data":{"product_id":"B07CVR2L5K","error":"Product.upsert is not a function"}}
{"timestamp":"2026-05-06T16:22:44.072Z","level":"WARN","module":"ExcelService","message":"Error upserting product","data":{"product_id":"B09J4YQYX3","error":"Product.upsert is not a function"}}
{"timestamp":"2026-05-06T16:22:44.073Z","level":"WARN","module":"ExcelService","message":"Error upserting product","data":{"product_id":"B0B2DD8BQ8","error":"Product.upsert is not a function"}}
{"timestamp":"2026-05-06T16:22:44.074Z","level":"WARN","module":"ExcelService","message":"Error upserting product","data":{"product_id":"B0123P3PWE","error":"Product.upsert is not a function"}}
{"timestamp":"2026-05-06T16:22:44.075Z","level":"WARN","module":"ExcelService","message":"Error upserting product","data":{"product_id":"B08HDCWDXD","error":"Product.upsert is not a function"}}
{"timestamp":"2026-05-06T16:22:44.076Z","level":"WARN","module":"ExcelService","message":"Error upserting product","data":{"product_id":"B0836JGZ74","error":"Product.upsert is not a function"}}
{"timestamp":"2026-05-06T16:22:44.077Z","level":"WARN","module":"ExcelService","message":"Error upserting product","data":{"product_id":"B0BCKJJN8R","error":"Product.upsert is not a function"}}
{"timestamp":"2026-05-06T16:22:44.078Z","level":"WARN","module":"ExcelService","message":"Error upserting product","data":{"product_id":"B008P7IF02","error":"Product.upsert is not a function"}}
{"timestamp":"2026-05-06T16:22:44.079Z","level":"WARN","module":"ExcelService","message":"Error upserting product","data":{"product_id":"B08CNLYKW5","error":"Product.upsert is not a function"}}
{"timestamp":"2026-05-06T16:22:44.080Z","level":"WARN","module":"ExcelService","message":"Error upserting product","data":{"product_id":"B08C7TYHPB","error":"Product.upsert is not a function"}}
{"timestamp":"2026-05-06T16:22:44.081Z","level":"WARN","module":"ExcelService","message":"Error upserting product","data":{"product_id":"B08VJFYH6N","error":"Product.upsert is not a function"}}
{"timestamp":"2026-05-06T16:22:44.082Z","level":"WARN","module":"ExcelService","message":"Error upserting product","data":{"product_id":"B08235JZFB","error":"Product.upsert is not a function"}}
{"timestamp":"2026-05-06T16:22:44.083Z","level":"WARN","module":"ExcelService","message":"Error upserting product","data":{"product_id":"B078XFKBZL","error":"Product.upsert is not a function"}}
{"timestamp":"2026-05-06T16:22:44.084Z","level":"WARN","module":"ExcelService","message":"Error upserting product","data":{"product_id":"B01M265AAK","error":"Product.upsert is not a function"}}
{"timestamp":"2026-05-06T16:22:44.085Z","level":"WARN","module":"ExcelService","message":"Error upserting product","data":{"product_id":"B0B694PXQJ","error":"Product.upsert is not a function"}}
{"timestamp":"2026-05-06T16:22:44.085Z","level":"WARN","module":"ExcelService","message":"Error upserting product","data":{"product_id":"B00B3VFJY2","error":"Product.upsert is not a function"}}
{"timestamp":"2026-05-06T16:22:44.088Z","level":"WARN","module":"ExcelService","message":"Error upserting product","data":{"product_id":"B08W9BK4MD","error":"Product.upsert is not a function"}}
{"timestamp":"2026-05-06T16:22:44.089Z","level":"WARN","module":"ExcelService","message":"Error upserting product","data":{"product_id":"B09X5HD5T1","error":"Product.upsert is not a function"}}
{"timestamp":"2026-05-06T16:22:44.090Z","level":"WARN","module":"ExcelService","message":"Error upserting product","data":{"product_id":"B08H6B3G96","error":"Product.upsert is not a function"}}
{"timestamp":"2026-05-06T16:22:44.090Z","level":"WARN","module":"ExcelService","message":"Error upserting product","data":{"product_id":"B09N3BFP4M","error":"Product.upsert is not a function"}}
{"timestamp":"2026-05-06T16:22:44.091Z","level":"WARN","module":"ExcelService","message":"Error upserting product","data":{"product_id":"B09DSQXCM8","error":"Product.upsert is not a function"}}
{"timestamp":"2026-05-06T16:22:44.091Z","level":"WARN","module":"ExcelService","message":"Error upserting product","data":{"product_id":"B01M69WCZ6","error":"Product.upsert is not a function"}}
{"timestamp":"2026-05-06T16:22:44.092Z","level":"WARN","module":"ExcelService","message":"Error upserting product","data":{"product_id":"B0BM9H2NY9","error":"Product.upsert is not a function"}}
{"timestamp":"2026-05-06T16:22:44.093Z","level":"WARN","module":"ExcelService","message":"Error upserting product","data":{"product_id":"B099FDW2ZF","error":"Product.upsert is not a function"}}
{"timestamp":"2026-05-06T16:22:44.094Z","level":"WARN","module":"ExcelService","message":"Error upserting product","data":{"product_id":"B0B935YNR7","error":"Product.upsert is not a function"}}
{"timestamp":"2026-05-06T16:22:44.095Z","level":"WARN","module":"ExcelService","message":"Error upserting product","data":{"product_id":"B07JGCGNDG","error":"Product.upsert is not a function"}}
{"timestamp":"2026-05-06T16:22:44.095Z","level":"WARN","module":"ExcelService","message":"Error upserting product","data":{"product_id":"B08L12N5H1","error":"Product.upsert is not a function"}}
{"timestamp":"2026-05-06T16:22:44.095Z","level":"WARN","module":"ExcelService","message":"Error upserting product","data":{"product_id":"B07GWTWFS2","error":"Product.upsert is not a function"}}
{"timestamp":"2026-05-06T16:22:44.096Z","level":"WARN","module":"ExcelService","message":"Error upserting product","data":{"product_id":"B09KRHXTLN","error":"Product.upsert is not a function"}}
{"timestamp":"2026-05-06T16:22:44.097Z","level":"WARN","module":"ExcelService","message":"Error upserting product","data":{"product_id":"B09H34V36W","error":"Product.upsert is not a function"}}
{"timestamp":"2026-05-06T16:22:44.097Z","level":"WARN","module":"ExcelService","message":"Error upserting product","data":{"product_id":"B09J2QCKKM","error":"Product.upsert is not a function"}}
{"timestamp":"2026-05-06T16:22:44.098Z","level":"WARN","module":"ExcelService","message":"Error upserting product","data":{"product_id":"B09XRBJ94N","error":"Product.upsert is not a function"}}
{"timestamp":"2026-05-06T16:22:44.099Z","level":"WARN","module":"ExcelService","message":"Error upserting product","data":{"product_id":"B07SLNG3LW","error":"Product.upsert is not a function"}}
{"timestamp":"2026-05-06T16:22:44.100Z","level":"WARN","module":"ExcelService","message":"Error upserting product","data":{"product_id":"B0BNDGL26T","error":"Product.upsert is not a function"}}
{"timestamp":"2026-05-06T16:22:44.101Z","level":"WARN","module":"ExcelService","message":"Error upserting product","data":{"product_id":"B095PWLLY6","error":"Product.upsert is not a function"}}
{"timestamp":"2026-05-06T16:22:44.102Z","level":"WARN","module":"ExcelService","message":"Error upserting product","data":{"product_id":"B07Y9PY6Y1","error":"Product.upsert is not a function"}}
{"timestamp":"2026-05-06T16:22:44.103Z","level":"WARN","module":"ExcelService","message":"Error upserting product","data":{"product_id":"B0BJ966M5K","error":"Product.upsert is not a function"}}
{"timestamp":"2026-05-06T16:22:44.103Z","level":"WARN","module":"ExcelService","message":"Error upserting product","data":{"product_id":"B086GVRP63","error":"Product.upsert is not a function"}}
{"timestamp":"2026-05-06T16:22:44.105Z","level":"WARN","module":"ExcelService","message":"Error upserting product","data":{"product_id":"B08MVXPTDG","error":"Product.upsert is not a function"}}
{"timestamp":"2026-05-06T16:22:44.106Z","level":"WARN","module":"ExcelService","message":"Error upserting product","data":{"product_id":"B0BMZ6SY89","error":"Product.upsert is not a function"}}
{"timestamp":"2026-05-06T16:22:44.106Z","level":"WARN","module":"ExcelService","message":"Error upserting product","data":{"product_id":"B09P1MFKG1","error":"Product.upsert is not a function"}}
{"timestamp":"2026-05-06T16:22:44.107Z","level":"WARN","module":"ExcelService","message":"Error upserting product","data":{"product_id":"B01LY9W8AF","error":"Product.upsert is not a function"}}
{"timestamp":"2026-05-06T16:22:44.108Z","level":"WARN","module":"ExcelService","message":"Error upserting product","data":{"product_id":"B07ZJND9B9","error":"Product.upsert is not a function"}}
{"timestamp":"2026-05-06T16:22:44.108Z","level":"WARN","module":"ExcelService","message":"Error upserting product","data":{"product_id":"B0B2CWRDB1","error":"Product.upsert is not a function"}}
{"timestamp":"2026-05-06T16:22:44.109Z","level":"WARN","module":"ExcelService","message":"Error upserting product","data":{"product_id":"B072NCN9M4","error":"Product.upsert is not a function"}}
{"timestamp":"2026-05-06T16:22:44.110Z","level":"WARN","module":"ExcelService","message":"Error upserting product","data":{"product_id":"B08SKZ2RMG","error":"Product.upsert is not a function"}}
{"timestamp":"2026-05-06T16:22:44.111Z","level":"WARN","module":"ExcelService","message":"Error upserting product","data":{"product_id":"B0B53DS4TF","error":"Product.upsert is not a function"}}
{"timestamp":"2026-05-06T16:22:44.112Z","level":"WARN","module":"ExcelService","message":"Error upserting product","data":{"product_id":"B08BJN4MP3","error":"Product.upsert is not a function"}}
{"timestamp":"2026-05-06T16:22:44.113Z","level":"WARN","module":"ExcelService","message":"Error upserting product","data":{"product_id":"B0BCYQY9X5","error":"Product.upsert is not a function"}}
{"timestamp":"2026-05-06T16:22:44.113Z","level":"WARN","module":"ExcelService","message":"Error upserting product","data":{"product_id":"B009UORDX4","error":"Product.upsert is not a function"}}
{"timestamp":"2026-05-06T16:22:44.114Z","level":"WARN","module":"ExcelService","message":"Error upserting product","data":{"product_id":"B08VGDBF3B","error":"Product.upsert is not a function"}}
{"timestamp":"2026-05-06T16:22:44.115Z","level":"WARN","module":"ExcelService","message":"Error upserting product","data":{"product_id":"B012ELCYUG","error":"Product.upsert is not a function"}}
{"timestamp":"2026-05-06T16:22:44.116Z","level":"WARN","module":"ExcelService","message":"Error upserting product","data":{"product_id":"B07S9M8YTY","error":"Product.upsert is not a function"}}
{"timestamp":"2026-05-06T16:22:44.117Z","level":"WARN","module":"ExcelService","message":"Error upserting product","data":{"product_id":"B0B19VJXQZ","error":"Product.upsert is not a function"}}
{"timestamp":"2026-05-06T16:22:44.117Z","level":"WARN","module":"ExcelService","message":"Error upserting product","data":{"product_id":"B00SMFPJG0","error":"Product.upsert is not a function"}}
{"timestamp":"2026-05-06T16:22:44.118Z","level":"WARN","module":"ExcelService","message":"Error upserting product","data":{"product_id":"B0BHYLCL19","error":"Product.upsert is not a function"}}
{"timestamp":"2026-05-06T16:22:44.119Z","level":"WARN","module":"ExcelService","message":"Error upserting product","data":{"product_id":"B0BPJBTB3F","error":"Product.upsert is not a function"}}
{"timestamp":"2026-05-06T16:22:44.120Z","level":"WARN","module":"ExcelService","message":"Error upserting product","data":{"product_id":"B08MXJYB2V","error":"Product.upsert is not a function"}}
{"timestamp":"2026-05-06T16:22:44.121Z","level":"WARN","module":"ExcelService","message":"Error upserting product","data":{"product_id":"B081B1JL35","error":"Product.upsert is not a function"}}
{"timestamp":"2026-05-06T16:22:44.122Z","level":"WARN","module":"ExcelService","message":"Error upserting product","data":{"product_id":"B09VL9KFDB","error":"Product.upsert is not a function"}}
{"timestamp":"2026-05-06T16:22:44.123Z","level":"WARN","module":"ExcelService","message":"Error upserting product","data":{"product_id":"B0B1MDZV9C","error":"Product.upsert is not a function"}}
{"timestamp":"2026-05-06T16:22:44.123Z","level":"WARN","module":"ExcelService","message":"Error upserting product","data":{"product_id":"B08TT63N58","error":"Product.upsert is not a function"}}
{"timestamp":"2026-05-06T16:22:44.124Z","level":"WARN","module":"ExcelService","message":"Error upserting product","data":{"product_id":"B08YK7BBD2","error":"Product.upsert is not a function"}}
{"timestamp":"2026-05-06T16:22:44.125Z","level":"WARN","module":"ExcelService","message":"Error upserting product","data":{"product_id":"B07YQ5SN4H","error":"Product.upsert is not a function"}}
{"timestamp":"2026-05-06T16:22:44.125Z","level":"WARN","module":"ExcelService","message":"Error upserting product","data":{"product_id":"B0B7FJNSZR","error":"Product.upsert is not a function"}}
{"timestamp":"2026-05-06T16:22:44.126Z","level":"WARN","module":"ExcelService","message":"Error upserting product","data":{"product_id":"B01N6IJG0F","error":"Product.upsert is not a function"}}
{"timestamp":"2026-05-06T16:22:44.127Z","level":"WARN","module":"ExcelService","message":"Error upserting product","data":{"product_id":"B0B84QN4CN","error":"Product.upsert is not a function"}}
{"timestamp":"2026-05-06T16:22:44.128Z","level":"WARN","module":"ExcelService","message":"Error upserting product","data":{"product_id":"B0B8ZM9RVV","error":"Product.upsert is not a function"}}
{"timestamp":"2026-05-06T16:22:44.129Z","level":"WARN","module":"ExcelService","message":"Error upserting product","data":{"product_id":"B01892MIPA","error":"Product.upsert is not a function"}}
{"timestamp":"2026-05-06T16:22:44.130Z","level":"WARN","module":"ExcelService","message":"Error upserting product","data":{"product_id":"B08ZHYNTM1","error":"Product.upsert is not a function"}}
{"timestamp":"2026-05-06T16:22:44.130Z","level":"WARN","module":"ExcelService","message":"Error upserting product","data":{"product_id":"B09SDDQQKP","error":"Product.upsert is not a function"}}
{"timestamp":"2026-05-06T16:22:44.131Z","level":"WARN","module":"ExcelService","message":"Error upserting product","data":{"product_id":"B0B5RP43VN","error":"Product.upsert is not a function"}}
{"timestamp":"2026-05-06T16:22:44.132Z","level":"WARN","module":"ExcelService","message":"Error upserting product","data":{"product_id":"B096NTB9XT","error":"Product.upsert is not a function"}}
{"timestamp":"2026-05-06T16:22:44.133Z","level":"WARN","module":"ExcelService","message":"Error upserting product","data":{"product_id":"B078JF6X9B","error":"Product.upsert is not a function"}}
{"timestamp":"2026-05-06T16:22:44.134Z","level":"WARN","module":"ExcelService","message":"Error upserting product","data":{"product_id":"B08CGW4GYR","error":"Product.upsert is not a function"}}
{"timestamp":"2026-05-06T16:22:44.134Z","level":"WARN","module":"ExcelService","message":"Error upserting product","data":{"product_id":"B00A328ENA","error":"Product.upsert is not a function"}}
{"timestamp":"2026-05-06T16:22:44.135Z","level":"WARN","module":"ExcelService","message":"Error upserting product","data":{"product_id":"B0763K5HLQ","error":"Product.upsert is not a function"}}
{"timestamp":"2026-05-06T16:22:44.136Z","level":"WARN","module":"ExcelService","message":"Error upserting product","data":{"product_id":"B09PDZNSBG","error":"Product.upsert is not a function"}}
{"timestamp":"2026-05-06T16:22:44.137Z","level":"WARN","module":"ExcelService","message":"Error upserting product","data":{"product_id":"B085LPT5F4","error":"Product.upsert is not a function"}}
{"timestamp":"2026-05-06T16:22:44.138Z","level":"WARN","module":"ExcelService","message":"Error upserting product","data":{"product_id":"B0B9RZ4G4W","error":"Product.upsert is not a function"}}
{"timestamp":"2026-05-06T16:22:44.139Z","level":"WARN","module":"ExcelService","message":"Error upserting product","data":{"product_id":"B0085W2MUQ","error":"Product.upsert is not a function"}}
{"timestamp":"2026-05-06T16:22:44.140Z","level":"WARN","module":"ExcelService","message":"Error upserting product","data":{"product_id":"B09474JWN6","error":"Product.upsert is not a function"}}
{"timestamp":"2026-05-06T16:22:44.141Z","level":"WARN","module":"ExcelService","message":"Error upserting product","data":{"product_id":"B09G2VTHQM","error":"Product.upsert is not a function"}}
{"timestamp":"2026-05-06T16:22:44.141Z","level":"WARN","module":"ExcelService","message":"Error upserting product","data":{"product_id":"B07R679HTT","error":"Product.upsert is not a function"}}
{"timestamp":"2026-05-06T16:22:44.142Z","level":"WARN","module":"ExcelService","message":"Error upserting product","data":{"product_id":"B00B7GKXMG","error":"Product.upsert is not a function"}}
{"timestamp":"2026-05-06T16:22:44.143Z","level":"WARN","module":"ExcelService","message":"Error upserting product","data":{"product_id":"B07H3N8RJH","error":"Product.upsert is not a function"}}
{"timestamp":"2026-05-06T16:22:44.144Z","level":"WARN","module":"ExcelService","message":"Error upserting product","data":{"product_id":"B07K2HVKLL","error":"Product.upsert is not a function"}}
{"timestamp":"2026-05-06T16:22:44.145Z","level":"WARN","module":"ExcelService","message":"Error upserting product","data":{"product_id":"B09MQ9PDHR","error":"Product.upsert is not a function"}}
{"timestamp":"2026-05-06T16:22:44.145Z","level":"WARN","module":"ExcelService","message":"Error upserting product","data":{"product_id":"B014HDJ7ZE","error":"Product.upsert is not a function"}}
{"timestamp":"2026-05-06T16:22:44.146Z","level":"WARN","module":"ExcelService","message":"Error upserting product","data":{"product_id":"B07D2NMTTV","error":"Product.upsert is not a function"}}
{"timestamp":"2026-05-06T16:22:44.147Z","level":"WARN","module":"ExcelService","message":"Error upserting product","data":{"product_id":"B075K76YW1","error":"Product.upsert is not a function"}}
{"timestamp":"2026-05-06T16:22:44.148Z","level":"WARN","module":"ExcelService","message":"Error upserting product","data":{"product_id":"B0BNLFQDG2","error":"Product.upsert is not a function"}}
{"timestamp":"2026-05-06T16:22:44.149Z","level":"WARN","module":"ExcelService","message":"Error upserting product","data":{"product_id":"B082ZQ4479","error":"Product.upsert is not a function"}}
{"timestamp":"2026-05-06T16:22:44.150Z","level":"WARN","module":"ExcelService","message":"Error upserting product","data":{"product_id":"B09Y358DZQ","error":"Product.upsert is not a function"}}
{"timestamp":"2026-05-06T16:22:44.151Z","level":"WARN","module":"ExcelService","message":"Error upserting product","data":{"product_id":"B09M3F4HGB","error":"Product.upsert is not a function"}}
{"timestamp":"2026-05-06T16:22:44.151Z","level":"WARN","module":"ExcelService","message":"Error upserting product","data":{"product_id":"B07VZH6ZBB","error":"Product.upsert is not a function"}}
{"timestamp":"2026-05-06T16:22:44.152Z","level":"WARN","module":"ExcelService","message":"Error upserting product","data":{"product_id":"B07F366Z51","error":"Product.upsert is not a function"}}
{"timestamp":"2026-05-06T16:22:44.153Z","level":"WARN","module":"ExcelService","message":"Error upserting product","data":{"product_id":"B077BTLQ67","error":"Product.upsert is not a function"}}
{"timestamp":"2026-05-06T16:22:44.154Z","level":"WARN","module":"ExcelService","message":"Error upserting product","data":{"product_id":"B07YSJ7FF1","error":"Product.upsert is not a function"}}
{"timestamp":"2026-05-06T16:22:44.154Z","level":"WARN","module":"ExcelService","message":"Error upserting product","data":{"product_id":"B07TXCY3YK","error":"Product.upsert is not a function"}}
{"timestamp":"2026-05-06T16:22:44.155Z","level":"WARN","module":"ExcelService","message":"Error upserting product","data":{"product_id":"B07TC9F7PN","error":"Product.upsert is not a function"}}
{"timestamp":"2026-05-06T16:22:44.156Z","level":"WARN","module":"ExcelService","message":"Error upserting product","data":{"product_id":"B09NS5TKPN","error":"Product.upsert is not a function"}}
{"timestamp":"2026-05-06T16:22:44.157Z","level":"WARN","module":"ExcelService","message":"Error upserting product","data":{"product_id":"B00LP9RFSU","error":"Product.upsert is not a function"}}
{"timestamp":"2026-05-06T16:22:44.158Z","level":"WARN","module":"ExcelService","message":"Error upserting product","data":{"product_id":"B0B7L86YCB","error":"Product.upsert is not a function"}}
{"timestamp":"2026-05-06T16:22:44.159Z","level":"WARN","module":"ExcelService","message":"Error upserting product","data":{"product_id":"B09VPH38JS","error":"Product.upsert is not a function"}}
{"timestamp":"2026-05-06T16:22:44.160Z","level":"WARN","module":"ExcelService","message":"Error upserting product","data":{"product_id":"B01MUAUOCX","error":"Product.upsert is not a function"}}
{"timestamp":"2026-05-06T16:22:44.161Z","level":"WARN","module":"ExcelService","message":"Error upserting product","data":{"product_id":"B09MB3DKG1","error":"Product.upsert is not a function"}}
{"timestamp":"2026-05-06T16:22:44.161Z","level":"WARN","module":"ExcelService","message":"Error upserting product","data":{"product_id":"B08QHLXWV3","error":"Product.upsert is not a function"}}
{"timestamp":"2026-05-06T16:22:44.162Z","level":"WARN","module":"ExcelService","message":"Error upserting product","data":{"product_id":"B07G147SZD","error":"Product.upsert is not a function"}}
{"timestamp":"2026-05-06T16:22:44.163Z","level":"WARN","module":"ExcelService","message":"Error upserting product","data":{"product_id":"B09LH32678","error":"Product.upsert is not a function"}}
{"timestamp":"2026-05-06T16:22:44.164Z","level":"WARN","module":"ExcelService","message":"Error upserting product","data":{"product_id":"B09R1YFL6S","error":"Product.upsert is not a function"}}
{"timestamp":"2026-05-06T16:22:44.165Z","level":"WARN","module":"ExcelService","message":"Error upserting product","data":{"product_id":"B07Q4NJQC5","error":"Product.upsert is not a function"}}
{"timestamp":"2026-05-06T16:22:44.166Z","level":"WARN","module":"ExcelService","message":"Error upserting product","data":{"product_id":"B097RN7BBK","error":"Product.upsert is not a function"}}
{"timestamp":"2026-05-06T16:22:44.167Z","level":"WARN","module":"ExcelService","message":"Error upserting product","data":{"product_id":"B097MKZHNV","error":"Product.upsert is not a function"}}
{"timestamp":"2026-05-06T16:22:44.168Z","level":"WARN","module":"ExcelService","message":"Error upserting product","data":{"product_id":"B07LG96SDB","error":"Product.upsert is not a function"}}
{"timestamp":"2026-05-06T16:22:44.169Z","level":"WARN","module":"ExcelService","message":"Error upserting product","data":{"product_id":"B08KS2KQTK","error":"Product.upsert is not a function"}}
{"timestamp":"2026-05-06T16:22:44.170Z","level":"WARN","module":"ExcelService","message":"Error upserting product","data":{"product_id":"B095K14P86","error":"Product.upsert is not a function"}}
{"timestamp":"2026-05-06T16:22:44.171Z","level":"WARN","module":"ExcelService","message":"Error upserting product","data":{"product_id":"B08K36NZSV","error":"Product.upsert is not a function"}}
{"timestamp":"2026-05-06T16:22:44.173Z","level":"WARN","module":"ExcelService","message":"Error upserting product","data":{"product_id":"B07LDPLSZC","error":"Product.upsert is not a function"}}
{"timestamp":"2026-05-06T16:22:44.173Z","level":"WARN","module":"ExcelService","message":"Error upserting product","data":{"product_id":"B07F1T31ZZ","error":"Product.upsert is not a function"}}
{"timestamp":"2026-05-06T16:22:44.174Z","level":"WARN","module":"ExcelService","message":"Error upserting product","data":{"product_id":"B0BNDRK886","error":"Product.upsert is not a function"}}
{"timestamp":"2026-05-06T16:22:44.174Z","level":"WARN","module":"ExcelService","message":"Error upserting product","data":{"product_id":"B09ZVJXN5L","error":"Product.upsert is not a function"}}
{"timestamp":"2026-05-06T16:22:44.175Z","level":"WARN","module":"ExcelService","message":"Error upserting product","data":{"product_id":"B08JKPVDKL","error":"Product.upsert is not a function"}}
{"timestamp":"2026-05-06T16:22:44.176Z","level":"WARN","module":"ExcelService","message":"Error upserting product","data":{"product_id":"B09JFR8H3Q","error":"Product.upsert is not a function"}}
{"timestamp":"2026-05-06T16:22:44.177Z","level":"WARN","module":"ExcelService","message":"Error upserting product","data":{"product_id":"B07LDN9Q2P","error":"Product.upsert is not a function"}}
{"timestamp":"2026-05-06T16:22:44.178Z","level":"WARN","module":"ExcelService","message":"Error upserting product","data":{"product_id":"B08T8KWNQ9","error":"Product.upsert is not a function"}}
{"timestamp":"2026-05-06T16:22:44.179Z","level":"WARN","module":"ExcelService","message":"Error upserting product","data":{"product_id":"B07Y1RCCW5","error":"Product.upsert is not a function"}}
{"timestamp":"2026-05-06T16:22:44.179Z","level":"WARN","module":"ExcelService","message":"Error upserting product","data":{"product_id":"B0762HXMTF","error":"Product.upsert is not a function"}}
{"timestamp":"2026-05-06T16:22:44.180Z","level":"WARN","module":"ExcelService","message":"Error upserting product","data":{"product_id":"B00K57MR22","error":"Product.upsert is not a function"}}
{"timestamp":"2026-05-06T16:22:44.181Z","level":"WARN","module":"ExcelService","message":"Error upserting product","data":{"product_id":"B07TTSS5MP","error":"Product.upsert is not a function"}}
{"timestamp":"2026-05-06T16:22:44.182Z","level":"WARN","module":"ExcelService","message":"Error upserting product","data":{"product_id":"B09ZDVL7L8","error":"Product.upsert is not a function"}}
{"timestamp":"2026-05-06T16:22:44.183Z","level":"WARN","module":"ExcelService","message":"Error upserting product","data":{"product_id":"B09XHXXCFH","error":"Product.upsert is not a function"}}
{"timestamp":"2026-05-06T16:22:44.184Z","level":"WARN","module":"ExcelService","message":"Error upserting product","data":{"product_id":"B0BL3R4RGS","error":"Product.upsert is not a function"}}
{"timestamp":"2026-05-06T16:22:44.185Z","level":"WARN","module":"ExcelService","message":"Error upserting product","data":{"product_id":"B07P1BR7L8","error":"Product.upsert is not a function"}}
{"timestamp":"2026-05-06T16:22:44.185Z","level":"WARN","module":"ExcelService","message":"Error upserting product","data":{"product_id":"B078WB1VWJ","error":"Product.upsert is not a function"}}
{"timestamp":"2026-05-06T16:22:44.186Z","level":"WARN","module":"ExcelService","message":"Error upserting product","data":{"product_id":"B0BP89YBC1","error":"Product.upsert is not a function"}}
{"timestamp":"2026-05-06T16:22:44.187Z","level":"WARN","module":"ExcelService","message":"Error upserting product","data":{"product_id":"B09W9V2PXG","error":"Product.upsert is not a function"}}
{"timestamp":"2026-05-06T16:22:44.188Z","level":"WARN","module":"ExcelService","message":"Error upserting product","data":{"product_id":"B09XTQFFCG","error":"Product.upsert is not a function"}}
{"timestamp":"2026-05-06T16:22:44.190Z","level":"WARN","module":"ExcelService","message":"Error upserting product","data":{"product_id":"B08LVVTGZK","error":"Product.upsert is not a function"}}
{"timestamp":"2026-05-06T16:22:44.190Z","level":"WARN","module":"ExcelService","message":"Error upserting product","data":{"product_id":"B07J2BQZD6","error":"Product.upsert is not a function"}}
{"timestamp":"2026-05-06T16:22:44.191Z","level":"WARN","module":"ExcelService","message":"Error upserting product","data":{"product_id":"B07HK53XM4","error":"Product.upsert is not a function"}}
{"timestamp":"2026-05-06T16:22:44.192Z","level":"WARN","module":"ExcelService","message":"Error upserting product","data":{"product_id":"B08RDWBYCQ","error":"Product.upsert is not a function"}}
{"timestamp":"2026-05-06T16:22:44.193Z","level":"WARN","module":"ExcelService","message":"Error upserting product","data":{"product_id":"B09FHHTL8L","error":"Product.upsert is not a function"}}
{"timestamp":"2026-05-06T16:22:44.194Z","level":"WARN","module":"ExcelService","message":"Error upserting product","data":{"product_id":"B0BHNHMR3H","error":"Product.upsert is not a function"}}
{"timestamp":"2026-05-06T16:22:44.194Z","level":"WARN","module":"ExcelService","message":"Error upserting product","data":{"product_id":"B07D8VBYB4","error":"Product.upsert is not a function"}}
{"timestamp":"2026-05-06T16:22:44.195Z","level":"WARN","module":"ExcelService","message":"Error upserting product","data":{"product_id":"B0B3TBY2YX","error":"Product.upsert is not a function"}}
{"timestamp":"2026-05-06T16:22:44.196Z","level":"WARN","module":"ExcelService","message":"Error upserting product","data":{"product_id":"B088WCFPQF","error":"Product.upsert is not a function"}}
{"timestamp":"2026-05-06T16:22:44.197Z","level":"WARN","module":"ExcelService","message":"Error upserting product","data":{"product_id":"B07JZSG42Y","error":"Product.upsert is not a function"}}
{"timestamp":"2026-05-06T16:22:44.198Z","level":"WARN","module":"ExcelService","message":"Error upserting product","data":{"product_id":"B08YRMBK9R","error":"Product.upsert is not a function"}}
{"timestamp":"2026-05-06T16:22:44.199Z","level":"WARN","module":"ExcelService","message":"Error upserting product","data":{"product_id":"B00935MGHS","error":"Product.upsert is not a function"}}
{"timestamp":"2026-05-06T16:22:44.200Z","level":"WARN","module":"ExcelService","message":"Error upserting product","data":{"product_id":"B07B5XJ572","error":"Product.upsert is not a function"}}
{"timestamp":"2026-05-06T16:22:44.201Z","level":"WARN","module":"ExcelService","message":"Error upserting product","data":{"product_id":"B086199CWG","error":"Product.upsert is not a function"}}
{"timestamp":"2026-05-06T16:22:44.202Z","level":"WARN","module":"ExcelService","message":"Error upserting product","data":{"product_id":"B0BBWJFK5C","error":"Product.upsert is not a function"}}
{"timestamp":"2026-05-06T16:22:44.203Z","level":"WARN","module":"ExcelService","message":"Error upserting product","data":{"product_id":"B07GLS2563","error":"Product.upsert is not a function"}}
{"timestamp":"2026-05-06T16:22:44.204Z","level":"WARN","module":"ExcelService","message":"Error upserting product","data":{"product_id":"B09P182Z2H","error":"Product.upsert is not a function"}}
{"timestamp":"2026-05-06T16:22:44.205Z","level":"WARN","module":"ExcelService","message":"Error upserting product","data":{"product_id":"B0B59K1C8F","error":"Product.upsert is not a function"}}
{"timestamp":"2026-05-06T16:22:44.206Z","level":"WARN","module":"ExcelService","message":"Error upserting product","data":{"product_id":"B06Y36JKC3","error":"Product.upsert is not a function"}}
{"timestamp":"2026-05-06T16:22:44.207Z","level":"WARN","module":"ExcelService","message":"Error upserting product","data":{"product_id":"B075S9FVRY","error":"Product.upsert is not a function"}}
{"timestamp":"2026-05-06T16:22:44.208Z","level":"WARN","module":"ExcelService","message":"Error upserting product","data":{"product_id":"B08SJVD8QD","error":"Product.upsert is not a function"}}
{"timestamp":"2026-05-06T16:22:44.209Z","level":"WARN","module":"ExcelService","message":"Error upserting product","data":{"product_id":"B07FJNNZCJ","error":"Product.upsert is not a function"}}
{"timestamp":"2026-05-06T16:22:44.209Z","level":"WARN","module":"ExcelService","message":"Error upserting product","data":{"product_id":"B09MFR93KS","error":"Product.upsert is not a function"}}
{"timestamp":"2026-05-06T16:22:44.210Z","level":"WARN","module":"ExcelService","message":"Error upserting product","data":{"product_id":"B07Y5FDPKV","error":"Product.upsert is not a function"}}
{"timestamp":"2026-05-06T16:22:44.211Z","level":"WARN","module":"ExcelService","message":"Error upserting product","data":{"product_id":"B0756KCV5K","error":"Product.upsert is not a function"}}
{"timestamp":"2026-05-06T16:22:44.212Z","level":"WARN","module":"ExcelService","message":"Error upserting product","data":{"product_id":"B0BJ6P3LSK","error":"Product.upsert is not a function"}}
{"timestamp":"2026-05-06T16:22:44.213Z","level":"WARN","module":"ExcelService","message":"Error upserting product","data":{"product_id":"B09HS1NDRQ","error":"Product.upsert is not a function"}}
{"timestamp":"2026-05-06T16:22:44.214Z","level":"WARN","module":"ExcelService","message":"Error upserting product","data":{"product_id":"B018SJJ0GE","error":"Product.upsert is not a function"}}
{"timestamp":"2026-05-06T16:22:44.215Z","level":"WARN","module":"ExcelService","message":"Error upserting product","data":{"product_id":"B09FPP3R1D","error":"Product.upsert is not a function"}}
{"timestamp":"2026-05-06T16:22:44.216Z","level":"WARN","module":"ExcelService","message":"Error upserting product","data":{"product_id":"B01F7B2JCI","error":"Product.upsert is not a function"}}
{"timestamp":"2026-05-06T16:22:44.217Z","level":"WARN","module":"ExcelService","message":"Error upserting product","data":{"product_id":"B09NNZ1GF7","error":"Product.upsert is not a function"}}
{"timestamp":"2026-05-06T16:22:44.217Z","level":"WARN","module":"ExcelService","message":"Error upserting product","data":{"product_id":"B01CS4A5V4","error":"Product.upsert is not a function"}}
{"timestamp":"2026-05-06T16:22:44.218Z","level":"WARN","module":"ExcelService","message":"Error upserting product","data":{"product_id":"B0BL11S5QK","error":"Product.upsert is not a function"}}
{"timestamp":"2026-05-06T16:22:44.218Z","level":"WARN","module":"ExcelService","message":"Error upserting product","data":{"product_id":"B09BL2KHQW","error":"Product.upsert is not a function"}}
{"timestamp":"2026-05-06T16:22:44.219Z","level":"WARN","module":"ExcelService","message":"Error upserting product","data":{"product_id":"B081RLM75M","error":"Product.upsert is not a function"}}
{"timestamp":"2026-05-06T16:22:44.220Z","level":"WARN","module":"ExcelService","message":"Error upserting product","data":{"product_id":"B07SYYVP69","error":"Product.upsert is not a function"}}
{"timestamp":"2026-05-06T16:22:44.220Z","level":"WARN","module":"ExcelService","message":"Error upserting product","data":{"product_id":"B0BDZWMGZ1","error":"Product.upsert is not a function"}}
{"timestamp":"2026-05-06T16:22:44.221Z","level":"WARN","module":"ExcelService","message":"Error upserting product","data":{"product_id":"B078JT7LTD","error":"Product.upsert is not a function"}}
{"timestamp":"2026-05-06T16:22:44.222Z","level":"WARN","module":"ExcelService","message":"Error upserting product","data":{"product_id":"B09WF4Q7B3","error":"Product.upsert is not a function"}}
{"timestamp":"2026-05-06T16:22:44.223Z","level":"WARN","module":"ExcelService","message":"Error upserting product","data":{"product_id":"B092R48XXB","error":"Product.upsert is not a function"}}
{"timestamp":"2026-05-06T16:22:44.224Z","level":"WARN","module":"ExcelService","message":"Error upserting product","data":{"product_id":"B00KIDSU8S","error":"Product.upsert is not a function"}}
{"timestamp":"2026-05-06T16:22:44.224Z","level":"WARN","module":"ExcelService","message":"Error upserting product","data":{"product_id":"B0977CGNJJ","error":"Product.upsert is not a function"}}
{"timestamp":"2026-05-06T16:22:44.225Z","level":"WARN","module":"ExcelService","message":"Error upserting product","data":{"product_id":"B08WWKM5HQ","error":"Product.upsert is not a function"}}
{"timestamp":"2026-05-06T16:22:44.226Z","level":"WARN","module":"ExcelService","message":"Error upserting product","data":{"product_id":"B015GX9Y0W","error":"Product.upsert is not a function"}}
{"timestamp":"2026-05-06T16:22:44.226Z","level":"WARN","module":"ExcelService","message":"Error upserting product","data":{"product_id":"B089BDBDGM","error":"Product.upsert is not a function"}}
{"timestamp":"2026-05-06T16:22:44.227Z","level":"WARN","module":"ExcelService","message":"Error upserting product","data":{"product_id":"B0BPBG712X","error":"Product.upsert is not a function"}}
{"timestamp":"2026-05-06T16:22:44.228Z","level":"WARN","module":"ExcelService","message":"Error upserting product","data":{"product_id":"B00JBNZPFM","error":"Product.upsert is not a function"}}
{"timestamp":"2026-05-06T16:22:44.229Z","level":"WARN","module":"ExcelService","message":"Error upserting product","data":{"product_id":"B08N6P8G5K","error":"Product.upsert is not a function"}}
{"timestamp":"2026-05-06T16:22:44.229Z","level":"WARN","module":"ExcelService","message":"Error upserting product","data":{"product_id":"B07NPBG1B4","error":"Product.upsert is not a function"}}
{"timestamp":"2026-05-06T16:22:44.230Z","level":"WARN","module":"ExcelService","message":"Error upserting product","data":{"product_id":"B01MRARGBW","error":"Product.upsert is not a function"}}
{"timestamp":"2026-05-06T16:22:44.231Z","level":"WARN","module":"ExcelService","message":"Error upserting product","data":{"product_id":"B07VZYMQNZ","error":"Product.upsert is not a function"}}
{"timestamp":"2026-05-06T16:22:44.232Z","level":"WARN","module":"ExcelService","message":"Error upserting product","data":{"product_id":"B01L7C4IU2","error":"Product.upsert is not a function"}}
{"timestamp":"2026-05-06T16:22:44.233Z","level":"WARN","module":"ExcelService","message":"Error upserting product","data":{"product_id":"B09H7JDJCW","error":"Product.upsert is not a function"}}
{"timestamp":"2026-05-06T16:22:44.234Z","level":"WARN","module":"ExcelService","message":"Error upserting product","data":{"product_id":"B07F6GXNPB","error":"Product.upsert is not a function"}}
{"timestamp":"2026-05-06T16:22:44.235Z","level":"WARN","module":"ExcelService","message":"Error upserting product","data":{"product_id":"B0B97D658R","error":"Product.upsert is not a function"}}
{"timestamp":"2026-05-06T16:22:44.236Z","level":"WARN","module":"ExcelService","message":"Error upserting product","data":{"product_id":"B09NFSHCWN","error":"Product.upsert is not a function"}}
{"timestamp":"2026-05-06T16:22:44.236Z","level":"WARN","module":"ExcelService","message":"Error upserting product","data":{"product_id":"B076VQS87V","error":"Product.upsert is not a function"}}
{"timestamp":"2026-05-06T16:22:44.237Z","level":"WARN","module":"ExcelService","message":"Error upserting product","data":{"product_id":"B09LMMFW3S","error":"Product.upsert is not a function"}}
{"timestamp":"2026-05-06T16:22:44.239Z","level":"WARN","module":"ExcelService","message":"Error upserting product","data":{"product_id":"B0BBLHTRM9","error":"Product.upsert is not a function"}}
{"timestamp":"2026-05-06T16:22:44.240Z","level":"WARN","module":"ExcelService","message":"Error upserting product","data":{"product_id":"B0BJYSCWFQ","error":"Product.upsert is not a function"}}
{"timestamp":"2026-05-06T16:22:44.240Z","level":"WARN","module":"ExcelService","message":"Error upserting product","data":{"product_id":"B0187F2IOK","error":"Product.upsert is not a function"}}
{"timestamp":"2026-05-06T16:22:44.241Z","level":"WARN","module":"ExcelService","message":"Error upserting product","data":{"product_id":"B0B8CB7MHW","error":"Product.upsert is not a function"}}
{"timestamp":"2026-05-06T16:22:44.241Z","level":"WARN","module":"ExcelService","message":"Error upserting product","data":{"product_id":"B07K19NYZ8","error":"Product.upsert is not a function"}}
{"timestamp":"2026-05-06T16:22:44.242Z","level":"WARN","module":"ExcelService","message":"Error upserting product","data":{"product_id":"B08ZXZ362Z","error":"Product.upsert is not a function"}}
{"timestamp":"2026-05-06T16:22:44.243Z","level":"WARN","module":"ExcelService","message":"Error upserting product","data":{"product_id":"B00GHL8VP2","error":"Product.upsert is not a function"}}
{"timestamp":"2026-05-06T16:22:44.244Z","level":"WARN","module":"ExcelService","message":"Error upserting product","data":{"product_id":"B0B9JZW1SQ","error":"Product.upsert is not a function"}}
{"timestamp":"2026-05-06T16:22:44.245Z","level":"WARN","module":"ExcelService","message":"Error upserting product","data":{"product_id":"B00TI8E7BI","error":"Product.upsert is not a function"}}
{"timestamp":"2026-05-06T16:22:44.246Z","level":"WARN","module":"ExcelService","message":"Error upserting product","data":{"product_id":"B07J9KXQCC","error":"Product.upsert is not a function"}}
{"timestamp":"2026-05-06T16:22:44.247Z","level":"WARN","module":"ExcelService","message":"Error upserting product","data":{"product_id":"B0B3JSWG81","error":"Product.upsert is not a function"}}
{"timestamp":"2026-05-06T16:22:44.248Z","level":"WARN","module":"ExcelService","message":"Error upserting product","data":{"product_id":"B08L7J3T31","error":"Product.upsert is not a function"}}
{"timestamp":"2026-05-06T16:22:44.249Z","level":"WARN","module":"ExcelService","message":"Error upserting product","data":{"product_id":"B01M6453MB","error":"Product.upsert is not a function"}}
{"timestamp":"2026-05-06T16:22:44.249Z","level":"WARN","module":"ExcelService","message":"Error upserting product","data":{"product_id":"B009P2LIL4","error":"Product.upsert is not a function"}}
{"timestamp":"2026-05-06T16:22:44.250Z","level":"WARN","module":"ExcelService","message":"Error upserting product","data":{"product_id":"B00J5DYCCA","error":"Product.upsert is not a function"}}
{"timestamp":"2026-05-06T16:22:44.251Z","level":"WARN","module":"ExcelService","message":"Error upserting product","data":{"product_id":"B01486F4G6","error":"Product.upsert is not a function"}}
{"timestamp":"2026-05-06T16:22:44.252Z","level":"INFO","module":"ExcelService","message":"Batch import completed","data":{"inserted":0,"updated":0,"errors":1465}}
{"timestamp":"2026-05-06T16:22:44.253Z","level":"INFO","module":"ProductController","message":"Data import completed","data":{"processed":1465,"inserted":0,"updated":0,"errors":1465}}
{"timestamp":"2026-05-06T16:22:44.257Z","level":"DEBUG","module":"Middleware","message":"Request completed","data":{"method":"POST","url":"/api/import","statusCode":200,"duration":"1834ms","ip":"::1"}}
{"timestamp":"2026-05-06T16:22:44.330Z","level":"DEBUG","module":"ProductController","message":"Fetching products","data":{"page":"1","limit":"20","search":"","category":"","minRating":0}}
{"timestamp":"2026-05-06T16:22:44.332Z","level":"ERROR","module":"ProductController","message":"Get products error","data":{"error":"Product.findAndCountAll is not a function","stack":"TypeError: Product.findAndCountAll is not a function\n    at getProducts (D:\\assignment\\product-analytics-dashboard\\backend\\src\\controllers\\productController.js:145:45)\n    at Layer.handle [as handle_request] (D:\\assignment\\product-analytics-dashboard\\backend\\node_modules\\express\\lib\\router\\layer.js:95:5)\n    at next (D:\\assignment\\product-analytics-dashboard\\backend\\node_modules\\express\\lib\\router\\route.js:149:13)\n    at validateRatingFilter (D:\\assignment\\product-analytics-dashboard\\backend\\src\\middleware\\validation.js:68:3)\n    at Layer.handle [as handle_request] (D:\\assignment\\product-analytics-dashboard\\backend\\node_modules\\express\\lib\\router\\layer.js:95:5)\n    at next (D:\\assignment\\product-analytics-dashboard\\backend\\node_modules\\express\\lib\\router\\route.js:149:13)\n    at validateProductQuery (D:\\assignment\\product-analytics-dashboard\\backend\\src\\middleware\\validation.js:48:3)\n    at Layer.handle [as handle_request] (D:\\assignment\\product-analytics-dashboard\\backend\\node_modules\\express\\lib\\router\\layer.js:95:5)\n    at next (D:\\assignment\\product-analytics-dashboard\\backend\\node_modules\\express\\lib\\router\\route.js:149:13)\n    at Route.dispatch (D:\\assignment\\product-analytics-dashboard\\backend\\node_modules\\express\\lib\\router\\route.js:119:3)"}}
{"timestamp":"2026-05-06T16:22:44.333Z","level":"WARN","module":"Middleware","message":"Request completed with error","data":{"method":"GET","url":"/api/products?page=1&limit=20","statusCode":500,"duration":"3ms","ip":"::1"}}
{"timestamp":"2026-05-06T16:22:44.338Z","level":"INFO","module":"ProductController","message":"Fetching analytics data"}
{"timestamp":"2026-05-06T16:22:44.339Z","level":"ERROR","module":"ProductController","message":"Get analytics error","data":{"error":"Product.count is not a function","stack":"TypeError: Product.count is not a function\n    at getAnalytics (D:\\assignment\\product-analytics-dashboard\\backend\\src\\controllers\\productController.js:216:43)\n    at Layer.handle [as handle_request] (D:\\assignment\\product-analytics-dashboard\\backend\\node_modules\\express\\lib\\router\\layer.js:95:5)\n    at next (D:\\assignment\\product-analytics-dashboard\\backend\\node_modules\\express\\lib\\router\\route.js:149:13)\n    at Route.dispatch (D:\\assignment\\product-analytics-dashboard\\backend\\node_modules\\express\\lib\\router\\route.js:119:3)\n    at Layer.handle [as handle_request] (D:\\assignment\\product-analytics-dashboard\\backend\\node_modules\\express\\lib\\router\\layer.js:95:5)\n    at D:\\assignment\\product-analytics-dashboard\\backend\\node_modules\\express\\lib\\router\\index.js:284:15\n    at router.process_params (D:\\assignment\\product-analytics-dashboard\\backend\\node_modules\\express\\lib\\router\\index.js:346:12)\n    at next (D:\\assignment\\product-analytics-dashboard\\backend\\node_modules\\express\\lib\\router\\index.js:280:10)\n    at router.handle (D:\\assignment\\product-analytics-dashboard\\backend\\node_modules\\express\\lib\\router\\index.js:175:3)\n    at router (D:\\assignment\\product-analytics-dashboard\\backend\\node_modules\\express\\lib\\router\\index.js:47:12)"}}
{"timestamp":"2026-05-06T16:22:44.340Z","level":"WARN","module":"Middleware","message":"Request completed with error","data":{"method":"GET","url":"/api/analytics","statusCode":500,"duration":"3ms","ip":"::1"}}
{"timestamp":"2026-05-06T16:22:59.167Z","level":"INFO","module":"ProductController","message":"Fetching analytics data"}
{"timestamp":"2026-05-06T16:22:59.174Z","level":"ERROR","module":"ProductController","message":"Get analytics error","data":{"error":"Product.count is not a function","stack":"TypeError: Product.count is not a function\n    at getAnalytics (D:\\assignment\\product-analytics-dashboard\\backend\\src\\controllers\\productController.js:216:43)\n    at Layer.handle [as handle_request] (D:\\assignment\\product-analytics-dashboard\\backend\\node_modules\\express\\lib\\router\\layer.js:95:5)\n    at next (D:\\assignment\\product-analytics-dashboard\\backend\\node_modules\\express\\lib\\router\\route.js:149:13)\n    at Route.dispatch (D:\\assignment\\product-analytics-dashboard\\backend\\node_modules\\express\\lib\\router\\route.js:119:3)\n    at Layer.handle [as handle_request] (D:\\assignment\\product-analytics-dashboard\\backend\\node_modules\\express\\lib\\router\\layer.js:95:5)\n    at D:\\assignment\\product-analytics-dashboard\\backend\\node_modules\\express\\lib\\router\\index.js:284:15\n    at router.process_params (D:\\assignment\\product-analytics-dashboard\\backend\\node_modules\\express\\lib\\router\\index.js:346:12)\n    at next (D:\\assignment\\product-analytics-dashboard\\backend\\node_modules\\express\\lib\\router\\index.js:280:10)\n    at router.handle (D:\\assignment\\product-analytics-dashboard\\backend\\node_modules\\express\\lib\\router\\index.js:175:3)\n    at router (D:\\assignment\\product-analytics-dashboard\\backend\\node_modules\\express\\lib\\router\\index.js:47:12)"}}
{"timestamp":"2026-05-06T16:22:59.176Z","level":"WARN","module":"Middleware","message":"Request completed with error","data":{"method":"GET","url":"/api/analytics","statusCode":500,"duration":"8ms","ip":"::1"}}
{"timestamp":"2026-05-06T16:22:59.181Z","level":"INFO","module":"ProductController","message":"Fetching analytics data"}
{"timestamp":"2026-05-06T16:22:59.183Z","level":"ERROR","module":"ProductController","message":"Get analytics error","data":{"error":"Product.count is not a function","stack":"TypeError: Product.count is not a function\n    at getAnalytics (D:\\assignment\\product-analytics-dashboard\\backend\\src\\controllers\\productController.js:216:43)\n    at Layer.handle [as handle_request] (D:\\assignment\\product-analytics-dashboard\\backend\\node_modules\\express\\lib\\router\\layer.js:95:5)\n    at next (D:\\assignment\\product-analytics-dashboard\\backend\\node_modules\\express\\lib\\router\\route.js:149:13)\n    at Route.dispatch (D:\\assignment\\product-analytics-dashboard\\backend\\node_modules\\express\\lib\\router\\route.js:119:3)\n    at Layer.handle [as handle_request] (D:\\assignment\\product-analytics-dashboard\\backend\\node_modules\\express\\lib\\router\\layer.js:95:5)\n    at D:\\assignment\\product-analytics-dashboard\\backend\\node_modules\\express\\lib\\router\\index.js:284:15\n    at router.process_params (D:\\assignment\\product-analytics-dashboard\\backend\\node_modules\\express\\lib\\router\\index.js:346:12)\n    at next (D:\\assignment\\product-analytics-dashboard\\backend\\node_modules\\express\\lib\\router\\index.js:280:10)\n    at router.handle (D:\\assignment\\product-analytics-dashboard\\backend\\node_modules\\express\\lib\\router\\index.js:175:3)\n    at router (D:\\assignment\\product-analytics-dashboard\\backend\\node_modules\\express\\lib\\router\\index.js:47:12)"}}
{"timestamp":"2026-05-06T16:22:59.185Z","level":"WARN","module":"Middleware","message":"Request completed with error","data":{"method":"GET","url":"/api/analytics","statusCode":500,"duration":"4ms","ip":"::1"}}
{"timestamp":"2026-05-06T16:23:01.690Z","level":"INFO","module":"ProductController","message":"Fetching analytics data"}
{"timestamp":"2026-05-06T16:23:01.691Z","level":"ERROR","module":"ProductController","message":"Get analytics error","data":{"error":"Product.count is not a function","stack":"TypeError: Product.count is not a function\n    at getAnalytics (D:\\assignment\\product-analytics-dashboard\\backend\\src\\controllers\\productController.js:216:43)\n    at Layer.handle [as handle_request] (D:\\assignment\\product-analytics-dashboard\\backend\\node_modules\\express\\lib\\router\\layer.js:95:5)\n    at next (D:\\assignment\\product-analytics-dashboard\\backend\\node_modules\\express\\lib\\router\\route.js:149:13)\n    at Route.dispatch (D:\\assignment\\product-analytics-dashboard\\backend\\node_modules\\express\\lib\\router\\route.js:119:3)\n    at Layer.handle [as handle_request] (D:\\assignment\\product-analytics-dashboard\\backend\\node_modules\\express\\lib\\router\\layer.js:95:5)\n    at D:\\assignment\\product-analytics-dashboard\\backend\\node_modules\\express\\lib\\router\\index.js:284:15\n    at router.process_params (D:\\assignment\\product-analytics-dashboard\\backend\\node_modules\\express\\lib\\router\\index.js:346:12)\n    at next (D:\\assignment\\product-analytics-dashboard\\backend\\node_modules\\express\\lib\\router\\index.js:280:10)\n    at router.handle (D:\\assignment\\product-analytics-dashboard\\backend\\node_modules\\express\\lib\\router\\index.js:175:3)\n    at router (D:\\assignment\\product-analytics-dashboard\\backend\\node_modules\\express\\lib\\router\\index.js:47:12)"}}
{"timestamp":"2026-05-06T16:23:01.692Z","level":"WARN","module":"Middleware","message":"Request completed with error","data":{"method":"GET","url":"/api/analytics","statusCode":500,"duration":"3ms","ip":"::1"}}
{"timestamp":"2026-05-06T16:23:01.695Z","level":"WARN","module":"Middleware","message":"Request completed with error","data":{"method":"GET","url":"/api/categories","statusCode":500,"duration":"1ms","ip":"::1"}}
{"timestamp":"2026-05-06T16:23:01.698Z","level":"INFO","module":"ProductController","message":"Fetching analytics data"}
{"timestamp":"2026-05-06T16:23:01.699Z","level":"ERROR","module":"ProductController","message":"Get analytics error","data":{"error":"Product.count is not a function","stack":"TypeError: Product.count is not a function\n    at getAnalytics (D:\\assignment\\product-analytics-dashboard\\backend\\src\\controllers\\productController.js:216:43)\n    at Layer.handle [as handle_request] (D:\\assignment\\product-analytics-dashboard\\backend\\node_modules\\express\\lib\\router\\layer.js:95:5)\n    at next (D:\\assignment\\product-analytics-dashboard\\backend\\node_modules\\express\\lib\\router\\route.js:149:13)\n    at Route.dispatch (D:\\assignment\\product-analytics-dashboard\\backend\\node_modules\\express\\lib\\router\\route.js:119:3)\n    at Layer.handle [as handle_request] (D:\\assignment\\product-analytics-dashboard\\backend\\node_modules\\express\\lib\\router\\layer.js:95:5)\n    at D:\\assignment\\product-analytics-dashboard\\backend\\node_modules\\express\\lib\\router\\index.js:284:15\n    at router.process_params (D:\\assignment\\product-analytics-dashboard\\backend\\node_modules\\express\\lib\\router\\index.js:346:12)\n    at next (D:\\assignment\\product-analytics-dashboard\\backend\\node_modules\\express\\lib\\router\\index.js:280:10)\n    at router.handle (D:\\assignment\\product-analytics-dashboard\\backend\\node_modules\\express\\lib\\router\\index.js:175:3)\n    at router (D:\\assignment\\product-analytics-dashboard\\backend\\node_modules\\express\\lib\\router\\index.js:47:12)"}}
{"timestamp":"2026-05-06T16:23:01.699Z","level":"WARN","module":"Middleware","message":"Request completed with error","data":{"method":"GET","url":"/api/analytics","statusCode":500,"duration":"1ms","ip":"::1"}}
{"timestamp":"2026-05-06T16:23:01.702Z","level":"WARN","module":"Middleware","message":"Request completed with error","data":{"method":"GET","url":"/api/categories","statusCode":500,"duration":"1ms","ip":"::1"}}
{"timestamp":"2026-05-06T16:23:01.706Z","level":"INFO","module":"ProductController","message":"Fetching analytics data"}
{"timestamp":"2026-05-06T16:23:01.707Z","level":"ERROR","module":"ProductController","message":"Get analytics error","data":{"error":"Product.count is not a function","stack":"TypeError: Product.count is not a function\n    at getAnalytics (D:\\assignment\\product-analytics-dashboard\\backend\\src\\controllers\\productController.js:216:43)\n    at Layer.handle [as handle_request] (D:\\assignment\\product-analytics-dashboard\\backend\\node_modules\\express\\lib\\router\\layer.js:95:5)\n    at next (D:\\assignment\\product-analytics-dashboard\\backend\\node_modules\\express\\lib\\router\\route.js:149:13)\n    at Route.dispatch (D:\\assignment\\product-analytics-dashboard\\backend\\node_modules\\express\\lib\\router\\route.js:119:3)\n    at Layer.handle [as handle_request] (D:\\assignment\\product-analytics-dashboard\\backend\\node_modules\\express\\lib\\router\\layer.js:95:5)\n    at D:\\assignment\\product-analytics-dashboard\\backend\\node_modules\\express\\lib\\router\\index.js:284:15\n    at router.process_params (D:\\assignment\\product-analytics-dashboard\\backend\\node_modules\\express\\lib\\router\\index.js:346:12)\n    at next (D:\\assignment\\product-analytics-dashboard\\backend\\node_modules\\express\\lib\\router\\index.js:280:10)\n    at router.handle (D:\\assignment\\product-analytics-dashboard\\backend\\node_modules\\express\\lib\\router\\index.js:175:3)\n    at router (D:\\assignment\\product-analytics-dashboard\\backend\\node_modules\\express\\lib\\router\\index.js:47:12)"}}
{"timestamp":"2026-05-06T16:23:01.708Z","level":"WARN","module":"Middleware","message":"Request completed with error","data":{"method":"GET","url":"/api/analytics","statusCode":500,"duration":"2ms","ip":"::1"}}
{"timestamp":"2026-05-06T16:23:01.711Z","level":"INFO","module":"ProductController","message":"Fetching analytics data"}
{"timestamp":"2026-05-06T16:23:01.712Z","level":"ERROR","module":"ProductController","message":"Get analytics error","data":{"error":"Product.count is not a function","stack":"TypeError: Product.count is not a function\n    at getAnalytics (D:\\assignment\\product-analytics-dashboard\\backend\\src\\controllers\\productController.js:216:43)\n    at Layer.handle [as handle_request] (D:\\assignment\\product-analytics-dashboard\\backend\\node_modules\\express\\lib\\router\\layer.js:95:5)\n    at next (D:\\assignment\\product-analytics-dashboard\\backend\\node_modules\\express\\lib\\router\\route.js:149:13)\n    at Route.dispatch (D:\\assignment\\product-analytics-dashboard\\backend\\node_modules\\express\\lib\\router\\route.js:119:3)\n    at Layer.handle [as handle_request] (D:\\assignment\\product-analytics-dashboard\\backend\\node_modules\\express\\lib\\router\\layer.js:95:5)\n    at D:\\assignment\\product-analytics-dashboard\\backend\\node_modules\\express\\lib\\router\\index.js:284:15\n    at router.process_params (D:\\assignment\\product-analytics-dashboard\\backend\\node_modules\\express\\lib\\router\\index.js:346:12)\n    at next (D:\\assignment\\product-analytics-dashboard\\backend\\node_modules\\express\\lib\\router\\index.js:280:10)\n    at router.handle (D:\\assignment\\product-analytics-dashboard\\backend\\node_modules\\express\\lib\\router\\index.js:175:3)\n    at router (D:\\assignment\\product-analytics-dashboard\\backend\\node_modules\\express\\lib\\router\\index.js:47:12)"}}
{"timestamp":"2026-05-06T16:23:01.712Z","level":"WARN","module":"Middleware","message":"Request completed with error","data":{"method":"GET","url":"/api/analytics","statusCode":500,"duration":"1ms","ip":"::1"}}
{"timestamp":"2026-05-06T16:23:49.033Z","level":"DEBUG","module":"ProductController","message":"Fetching products","data":{"page":"1","limit":20,"search":"","category":"","minRating":"0"}}
{"timestamp":"2026-05-06T16:23:49.035Z","level":"ERROR","module":"ProductController","message":"Get products error","data":{"error":"Product.findAndCountAll is not a function","stack":"TypeError: Product.findAndCountAll is not a function\n    at getProducts (D:\\assignment\\product-analytics-dashboard\\backend\\src\\controllers\\productController.js:145:45)\n    at Layer.handle [as handle_request] (D:\\assignment\\product-analytics-dashboard\\backend\\node_modules\\express\\lib\\router\\layer.js:95:5)\n    at next (D:\\assignment\\product-analytics-dashboard\\backend\\node_modules\\express\\lib\\router\\route.js:149:13)\n    at validateRatingFilter (D:\\assignment\\product-analytics-dashboard\\backend\\src\\middleware\\validation.js:68:3)\n    at Layer.handle [as handle_request] (D:\\assignment\\product-analytics-dashboard\\backend\\node_modules\\express\\lib\\router\\layer.js:95:5)\n    at next (D:\\assignment\\product-analytics-dashboard\\backend\\node_modules\\express\\lib\\router\\route.js:149:13)\n    at validateProductQuery (D:\\assignment\\product-analytics-dashboard\\backend\\src\\middleware\\validation.js:48:3)\n    at Layer.handle [as handle_request] (D:\\assignment\\product-analytics-dashboard\\backend\\node_modules\\express\\lib\\router\\layer.js:95:5)\n    at next (D:\\assignment\\product-analytics-dashboard\\backend\\node_modules\\express\\lib\\router\\route.js:149:13)\n    at Route.dispatch (D:\\assignment\\product-analytics-dashboard\\backend\\node_modules\\express\\lib\\router\\route.js:119:3)"}}
{"timestamp":"2026-05-06T16:23:49.035Z","level":"WARN","module":"Middleware","message":"Request completed with error","data":{"method":"GET","url":"/api/products?search=&category=&minRating=0&sortBy=rating&sortOrder=DESC&page=1","statusCode":500,"duration":"2ms","ip":"::1"}}
{"timestamp":"2026-05-06T16:23:49.040Z","level":"DEBUG","module":"ProductController","message":"Fetching products","data":{"page":"1","limit":20,"search":"","category":"","minRating":"0"}}
{"timestamp":"2026-05-06T16:23:49.042Z","level":"ERROR","module":"ProductController","message":"Get products error","data":{"error":"Product.findAndCountAll is not a function","stack":"TypeError: Product.findAndCountAll is not a function\n    at getProducts (D:\\assignment\\product-analytics-dashboard\\backend\\src\\controllers\\productController.js:145:45)\n    at Layer.handle [as handle_request] (D:\\assignment\\product-analytics-dashboard\\backend\\node_modules\\express\\lib\\router\\layer.js:95:5)\n    at next (D:\\assignment\\product-analytics-dashboard\\backend\\node_modules\\express\\lib\\router\\route.js:149:13)\n    at validateRatingFilter (D:\\assignment\\product-analytics-dashboard\\backend\\src\\middleware\\validation.js:68:3)\n    at Layer.handle [as handle_request] (D:\\assignment\\product-analytics-dashboard\\backend\\node_modules\\express\\lib\\router\\layer.js:95:5)\n    at next (D:\\assignment\\product-analytics-dashboard\\backend\\node_modules\\express\\lib\\router\\route.js:149:13)\n    at validateProductQuery (D:\\assignment\\product-analytics-dashboard\\backend\\src\\middleware\\validation.js:48:3)\n    at Layer.handle [as handle_request] (D:\\assignment\\product-analytics-dashboard\\backend\\node_modules\\express\\lib\\router\\layer.js:95:5)\n    at next (D:\\assignment\\product-analytics-dashboard\\backend\\node_modules\\express\\lib\\router\\route.js:149:13)\n    at Route.dispatch (D:\\assignment\\product-analytics-dashboard\\backend\\node_modules\\express\\lib\\router\\route.js:119:3)"}}
{"timestamp":"2026-05-06T16:23:49.043Z","level":"WARN","module":"Middleware","message":"Request completed with error","data":{"method":"GET","url":"/api/products?search=&category=&minRating=0&sortBy=rating&sortOrder=DESC&page=1","statusCode":500,"duration":"3ms","ip":"::1"}}
{"timestamp":"2026-05-06T16:23:50.675Z","level":"INFO","module":"ProductController","message":"Fetching analytics data"}
{"timestamp":"2026-05-06T16:23:50.678Z","level":"ERROR","module":"ProductController","message":"Get analytics error","data":{"error":"Product.count is not a function","stack":"TypeError: Product.count is not a function\n    at getAnalytics (D:\\assignment\\product-analytics-dashboard\\backend\\src\\controllers\\productController.js:216:43)\n    at Layer.handle [as handle_request] (D:\\assignment\\product-analytics-dashboard\\backend\\node_modules\\express\\lib\\router\\layer.js:95:5)\n    at next (D:\\assignment\\product-analytics-dashboard\\backend\\node_modules\\express\\lib\\router\\route.js:149:13)\n    at Route.dispatch (D:\\assignment\\product-analytics-dashboard\\backend\\node_modules\\express\\lib\\router\\route.js:119:3)\n    at Layer.handle [as handle_request] (D:\\assignment\\product-analytics-dashboard\\backend\\node_modules\\express\\lib\\router\\layer.js:95:5)\n    at D:\\assignment\\product-analytics-dashboard\\backend\\node_modules\\express\\lib\\router\\index.js:284:15\n    at router.process_params (D:\\assignment\\product-analytics-dashboard\\backend\\node_modules\\express\\lib\\router\\index.js:346:12)\n    at next (D:\\assignment\\product-analytics-dashboard\\backend\\node_modules\\express\\lib\\router\\index.js:280:10)\n    at router.handle (D:\\assignment\\product-analytics-dashboard\\backend\\node_modules\\express\\lib\\router\\index.js:175:3)\n    at router (D:\\assignment\\product-analytics-dashboard\\backend\\node_modules\\express\\lib\\router\\index.js:47:12)"}}
{"timestamp":"2026-05-06T16:23:50.679Z","level":"WARN","module":"Middleware","message":"Request completed with error","data":{"method":"GET","url":"/api/analytics","statusCode":500,"duration":"4ms","ip":"::1"}}
{"timestamp":"2026-05-06T16:23:50.683Z","level":"INFO","module":"ProductController","message":"Fetching analytics data"}
{"timestamp":"2026-05-06T16:23:50.685Z","level":"ERROR","module":"ProductController","message":"Get analytics error","data":{"error":"Product.count is not a function","stack":"TypeError: Product.count is not a function\n    at getAnalytics (D:\\assignment\\product-analytics-dashboard\\backend\\src\\controllers\\productController.js:216:43)\n    at Layer.handle [as handle_request] (D:\\assignment\\product-analytics-dashboard\\backend\\node_modules\\express\\lib\\router\\layer.js:95:5)\n    at next (D:\\assignment\\product-analytics-dashboard\\backend\\node_modules\\express\\lib\\router\\route.js:149:13)\n    at Route.dispatch (D:\\assignment\\product-analytics-dashboard\\backend\\node_modules\\express\\lib\\router\\route.js:119:3)\n    at Layer.handle [as handle_request] (D:\\assignment\\product-analytics-dashboard\\backend\\node_modules\\express\\lib\\router\\layer.js:95:5)\n    at D:\\assignment\\product-analytics-dashboard\\backend\\node_modules\\express\\lib\\router\\index.js:284:15\n    at router.process_params (D:\\assignment\\product-analytics-dashboard\\backend\\node_modules\\express\\lib\\router\\index.js:346:12)\n    at next (D:\\assignment\\product-analytics-dashboard\\backend\\node_modules\\express\\lib\\router\\index.js:280:10)\n    at router.handle (D:\\assignment\\product-analytics-dashboard\\backend\\node_modules\\express\\lib\\router\\index.js:175:3)\n    at router (D:\\assignment\\product-analytics-dashboard\\backend\\node_modules\\express\\lib\\router\\index.js:47:12)"}}
{"timestamp":"2026-05-06T16:23:50.686Z","level":"WARN","module":"Middleware","message":"Request completed with error","data":{"method":"GET","url":"/api/analytics","statusCode":500,"duration":"3ms","ip":"::1"}}
{"timestamp":"2026-05-06T16:23:51.597Z","level":"DEBUG","module":"ProductController","message":"Fetching products","data":{"page":"1","limit":20,"search":"","category":"","minRating":"0"}}
{"timestamp":"2026-05-06T16:23:51.600Z","level":"ERROR","module":"ProductController","message":"Get products error","data":{"error":"Product.findAndCountAll is not a function","stack":"TypeError: Product.findAndCountAll is not a function\n    at getProducts (D:\\assignment\\product-analytics-dashboard\\backend\\src\\controllers\\productController.js:145:45)\n    at Layer.handle [as handle_request] (D:\\assignment\\product-analytics-dashboard\\backend\\node_modules\\express\\lib\\router\\layer.js:95:5)\n    at next (D:\\assignment\\product-analytics-dashboard\\backend\\node_modules\\express\\lib\\router\\route.js:149:13)\n    at validateRatingFilter (D:\\assignment\\product-analytics-dashboard\\backend\\src\\middleware\\validation.js:68:3)\n    at Layer.handle [as handle_request] (D:\\assignment\\product-analytics-dashboard\\backend\\node_modules\\express\\lib\\router\\layer.js:95:5)\n    at next (D:\\assignment\\product-analytics-dashboard\\backend\\node_modules\\express\\lib\\router\\route.js:149:13)\n    at validateProductQuery (D:\\assignment\\product-analytics-dashboard\\backend\\src\\middleware\\validation.js:48:3)\n    at Layer.handle [as handle_request] (D:\\assignment\\product-analytics-dashboard\\backend\\node_modules\\express\\lib\\router\\layer.js:95:5)\n    at next (D:\\assignment\\product-analytics-dashboard\\backend\\node_modules\\express\\lib\\router\\route.js:149:13)\n    at Route.dispatch (D:\\assignment\\product-analytics-dashboard\\backend\\node_modules\\express\\lib\\router\\route.js:119:3)"}}
{"timestamp":"2026-05-06T16:23:51.602Z","level":"WARN","module":"Middleware","message":"Request completed with error","data":{"method":"GET","url":"/api/products?search=&category=&minRating=0&sortBy=rating&sortOrder=DESC&page=1","statusCode":500,"duration":"5ms","ip":"::1"}}
{"timestamp":"2026-05-06T16:23:51.608Z","level":"DEBUG","module":"ProductController","message":"Fetching products","data":{"page":"1","limit":20,"search":"","category":"","minRating":"0"}}
{"timestamp":"2026-05-06T16:23:51.610Z","level":"ERROR","module":"ProductController","message":"Get products error","data":{"error":"Product.findAndCountAll is not a function","stack":"TypeError: Product.findAndCountAll is not a function\n    at getProducts (D:\\assignment\\product-analytics-dashboard\\backend\\src\\controllers\\productController.js:145:45)\n    at Layer.handle [as handle_request] (D:\\assignment\\product-analytics-dashboard\\backend\\node_modules\\express\\lib\\router\\layer.js:95:5)\n    at next (D:\\assignment\\product-analytics-dashboard\\backend\\node_modules\\express\\lib\\router\\route.js:149:13)\n    at validateRatingFilter (D:\\assignment\\product-analytics-dashboard\\backend\\src\\middleware\\validation.js:68:3)\n    at Layer.handle [as handle_request] (D:\\assignment\\product-analytics-dashboard\\backend\\node_modules\\express\\lib\\router\\layer.js:95:5)\n    at next (D:\\assignment\\product-analytics-dashboard\\backend\\node_modules\\express\\lib\\router\\route.js:149:13)\n    at validateProductQuery (D:\\assignment\\product-analytics-dashboard\\backend\\src\\middleware\\validation.js:48:3)\n    at Layer.handle [as handle_request] (D:\\assignment\\product-analytics-dashboard\\backend\\node_modules\\express\\lib\\router\\layer.js:95:5)\n    at next (D:\\assignment\\product-analytics-dashboard\\backend\\node_modules\\express\\lib\\router\\route.js:149:13)\n    at Route.dispatch (D:\\assignment\\product-analytics-dashboard\\backend\\node_modules\\express\\lib\\router\\route.js:119:3)"}}
{"timestamp":"2026-05-06T16:23:51.612Z","level":"WARN","module":"Middleware","message":"Request completed with error","data":{"method":"GET","url":"/api/products?search=&category=&minRating=0&sortBy=rating&sortOrder=DESC&page=1","statusCode":500,"duration":"4ms","ip":"::1"}}
{"timestamp":"2026-05-06T16:25:01.027Z","level":"INFO","module":"ProductController","message":"Starting data import","data":{"fileName":"Assignment_-_2_Dataset__2_.xlsx","fileSize":1351749}}
{"timestamp":"2026-05-06T16:25:01.030Z","level":"INFO","module":"ExcelService","message":"Processing Excel file"}
{"timestamp":"2026-05-06T16:25:01.627Z","level":"DEBUG","module":"ExcelService","message":"Parsed 1465 rows from Excel"}
{"timestamp":"2026-05-06T16:25:01.630Z","level":"INFO","module":"ExcelService","message":"Excel processing completed","data":{"totalRows":1465,"validRows":1465,"errors":0}}
{"timestamp":"2026-05-06T16:25:01.631Z","level":"INFO","module":"ExcelService","message":"Starting batch import","data":{"totalRecords":1465}}
{"timestamp":"2026-05-06T16:25:01.632Z","level":"WARN","module":"ExcelService","message":"Error upserting product","data":{"product_id":"B07JW9H4J1","error":"Product.upsert is not a function"}}
{"timestamp":"2026-05-06T16:25:01.633Z","level":"WARN","module":"ExcelService","message":"Error upserting product","data":{"product_id":"B098NS6PVG","error":"Product.upsert is not a function"}}
{"timestamp":"2026-05-06T16:25:01.633Z","level":"WARN","module":"ExcelService","message":"Error upserting product","data":{"product_id":"B096MSW6CT","error":"Product.upsert is not a function"}}
{"timestamp":"2026-05-06T16:25:01.634Z","level":"WARN","module":"ExcelService","message":"Error upserting product","data":{"product_id":"B08HDJ86NZ","error":"Product.upsert is not a function"}}
{"timestamp":"2026-05-06T16:25:01.635Z","level":"WARN","module":"ExcelService","message":"Error upserting product","data":{"product_id":"B08CF3B7N1","error":"Product.upsert is not a function"}}
{"timestamp":"2026-05-06T16:25:01.635Z","level":"WARN","module":"ExcelService","message":"Error upserting product","data":{"product_id":"B08Y1TFSP6","error":"Product.upsert is not a function"}}
{"timestamp":"2026-05-06T16:25:01.636Z","level":"WARN","module":"ExcelService","message":"Error upserting product","data":{"product_id":"B08WRWPM22","error":"Product.upsert is not a function"}}
{"timestamp":"2026-05-06T16:25:01.637Z","level":"WARN","module":"ExcelService","message":"Error upserting product","data":{"product_id":"B08DDRGWTJ","error":"Product.upsert is not a function"}}
{"timestamp":"2026-05-06T16:25:01.638Z","level":"WARN","module":"ExcelService","message":"Error upserting product","data":{"product_id":"B008IFXQFU","error":"Product.upsert is not a function"}}
{"timestamp":"2026-05-06T16:25:01.638Z","level":"WARN","module":"ExcelService","message":"Error upserting product","data":{"product_id":"B082LZGK39","error":"Product.upsert is not a function"}}
{"timestamp":"2026-05-06T16:25:01.639Z","level":"WARN","module":"ExcelService","message":"Error upserting product","data":{"product_id":"B08CF3D7QR","error":"Product.upsert is not a function"}}
{"timestamp":"2026-05-06T16:25:01.640Z","level":"WARN","module":"ExcelService","message":"Error upserting product","data":{"product_id":"B0789LZTCJ","error":"Product.upsert is not a function"}}
{"timestamp":"2026-05-06T16:25:01.644Z","level":"WARN","module":"ExcelService","message":"Error upserting product","data":{"product_id":"B07KSMBL2H","error":"Product.upsert is not a function"}}
{"timestamp":"2026-05-06T16:25:01.646Z","level":"WARN","module":"ExcelService","message":"Error upserting product","data":{"product_id":"B085DTN6R2","error":"Product.upsert is not a function"}}
{"timestamp":"2026-05-06T16:25:01.648Z","level":"WARN","module":"ExcelService","message":"Error upserting product","data":{"product_id":"B09KLVMZ3B","error":"Product.upsert is not a function"}}
{"timestamp":"2026-05-06T16:25:01.649Z","level":"WARN","module":"ExcelService","message":"Error upserting product","data":{"product_id":"B083342NKJ","error":"Product.upsert is not a function"}}
{"timestamp":"2026-05-06T16:25:01.650Z","level":"WARN","module":"ExcelService","message":"Error upserting product","data":{"product_id":"B0B6F7LX4C","error":"Product.upsert is not a function"}}
{"timestamp":"2026-05-06T16:25:01.650Z","level":"WARN","module":"ExcelService","message":"Error upserting product","data":{"product_id":"B082LSVT4B","error":"Product.upsert is not a function"}}
{"timestamp":"2026-05-06T16:25:01.651Z","level":"WARN","module":"ExcelService","message":"Error upserting product","data":{"product_id":"B08WRBG3XW","error":"Product.upsert is not a function"}}
{"timestamp":"2026-05-06T16:25:01.652Z","level":"WARN","module":"ExcelService","message":"Error upserting product","data":{"product_id":"B08DPLCM6T","error":"Product.upsert is not a function"}}
{"timestamp":"2026-05-06T16:25:01.654Z","level":"WARN","module":"ExcelService","message":"Error upserting product","data":{"product_id":"B09C6HXFC1","error":"Product.upsert is not a function"}}
{"timestamp":"2026-05-06T16:25:01.655Z","level":"WARN","module":"ExcelService","message":"Error upserting product","data":{"product_id":"B085194JFL","error":"Product.upsert is not a function"}}
{"timestamp":"2026-05-06T16:25:01.658Z","level":"WARN","module":"ExcelService","message":"Error upserting product","data":{"product_id":"B09F6S8BT6","error":"Product.upsert is not a function"}}
{"timestamp":"2026-05-06T16:25:01.659Z","level":"WARN","module":"ExcelService","message":"Error upserting product","data":{"product_id":"B09NHVCHS9","error":"Product.upsert is not a function"}}
{"timestamp":"2026-05-06T16:25:01.660Z","level":"WARN","module":"ExcelService","message":"Error upserting product","data":{"product_id":"B0B1YVCJ2Y","error":"Product.upsert is not a function"}}
{"timestamp":"2026-05-06T16:25:01.661Z","level":"WARN","module":"ExcelService","message":"Error upserting product","data":{"product_id":"B01M4GGIVU","error":"Product.upsert is not a function"}}
{"timestamp":"2026-05-06T16:25:01.661Z","level":"WARN","module":"ExcelService","message":"Error upserting product","data":{"product_id":"B08B42LWKN","error":"Product.upsert is not a function"}}
{"timestamp":"2026-05-06T16:25:01.662Z","level":"WARN","module":"ExcelService","message":"Error upserting product","data":{"product_id":"B094JNXNPV","error":"Product.upsert is not a function"}}
{"timestamp":"2026-05-06T16:25:01.663Z","level":"WARN","module":"ExcelService","message":"Error upserting product","data":{"product_id":"B09W5XR9RT","error":"Product.upsert is not a function"}}
{"timestamp":"2026-05-06T16:25:01.663Z","level":"WARN","module":"ExcelService","message":"Error upserting product","data":{"product_id":"B077Z65HSD","error":"Product.upsert is not a function"}}
{"timestamp":"2026-05-06T16:25:01.664Z","level":"WARN","module":"ExcelService","message":"Error upserting product","data":{"product_id":"B00NH11PEY","error":"Product.upsert is not a function"}}
{"timestamp":"2026-05-06T16:25:01.665Z","level":"WARN","module":"ExcelService","message":"Error upserting product","data":{"product_id":"B09CMM3VGK","error":"Product.upsert is not a function"}}
{"timestamp":"2026-05-06T16:25:01.666Z","level":"WARN","module":"ExcelService","message":"Error upserting product","data":{"product_id":"B08QSC1XY8","error":"Product.upsert is not a function"}}
{"timestamp":"2026-05-06T16:25:01.666Z","level":"WARN","module":"ExcelService","message":"Error upserting product","data":{"product_id":"B008FWZGSG","error":"Product.upsert is not a function"}}
{"timestamp":"2026-05-06T16:25:01.667Z","level":"WARN","module":"ExcelService","message":"Error upserting product","data":{"product_id":"B0B4HJNPV4","error":"Product.upsert is not a function"}}
{"timestamp":"2026-05-06T16:25:01.667Z","level":"WARN","module":"ExcelService","message":"Error upserting product","data":{"product_id":"B08Y1SJVV5","error":"Product.upsert is not a function"}}
{"timestamp":"2026-05-06T16:25:01.668Z","level":"WARN","module":"ExcelService","message":"Error upserting product","data":{"product_id":"B07XLCFSSN","error":"Product.upsert is not a function"}}
{"timestamp":"2026-05-06T16:25:01.668Z","level":"WARN","module":"ExcelService","message":"Error upserting product","data":{"product_id":"B09RZS1NQT","error":"Product.upsert is not a function"}}
{"timestamp":"2026-05-06T16:25:01.669Z","level":"WARN","module":"ExcelService","message":"Error upserting product","data":{"product_id":"B0B3MMYHYW","error":"Product.upsert is not a function"}}
{"timestamp":"2026-05-06T16:25:01.669Z","level":"WARN","module":"ExcelService","message":"Error upserting product","data":{"product_id":"B09C6HWG18","error":"Product.upsert is not a function"}}
{"timestamp":"2026-05-06T16:25:01.670Z","level":"WARN","module":"ExcelService","message":"Error upserting product","data":{"product_id":"B00NH11KIK","error":"Product.upsert is not a function"}}
{"timestamp":"2026-05-06T16:25:01.670Z","level":"WARN","module":"ExcelService","message":"Error upserting product","data":{"product_id":"B09JPC82QC","error":"Product.upsert is not a function"}}
{"timestamp":"2026-05-06T16:25:01.671Z","level":"WARN","module":"ExcelService","message":"Error upserting product","data":{"product_id":"B07JW1Y6XV","error":"Product.upsert is not a function"}}
{"timestamp":"2026-05-06T16:25:01.671Z","level":"WARN","module":"ExcelService","message":"Error upserting product","data":{"product_id":"B07KRCW6LZ","error":"Product.upsert is not a function"}}
{"timestamp":"2026-05-06T16:25:01.672Z","level":"WARN","module":"ExcelService","message":"Error upserting product","data":{"product_id":"B09NJN8L25","error":"Product.upsert is not a function"}}
{"timestamp":"2026-05-06T16:25:01.672Z","level":"WARN","module":"ExcelService","message":"Error upserting product","data":{"product_id":"B07XJYYH7L","error":"Product.upsert is not a function"}}
{"timestamp":"2026-05-06T16:25:01.675Z","level":"WARN","module":"ExcelService","message":"Error upserting product","data":{"product_id":"B002PD61Y4","error":"Product.upsert is not a function"}}
{"timestamp":"2026-05-06T16:25:01.676Z","level":"WARN","module":"ExcelService","message":"Error upserting product","data":{"product_id":"B014I8SSD0","error":"Product.upsert is not a function"}}
{"timestamp":"2026-05-06T16:25:01.677Z","level":"WARN","module":"ExcelService","message":"Error upserting product","data":{"product_id":"B09L8DSSFH","error":"Product.upsert is not a function"}}
{"timestamp":"2026-05-06T16:25:01.678Z","level":"WARN","module":"ExcelService","message":"Error upserting product","data":{"product_id":"B07232M876","error":"Product.upsert is not a function"}}
{"timestamp":"2026-05-06T16:25:01.678Z","level":"WARN","module":"ExcelService","message":"Error upserting product","data":{"product_id":"B07P681N66","error":"Product.upsert is not a function"}}
{"timestamp":"2026-05-06T16:25:01.679Z","level":"WARN","module":"ExcelService","message":"Error upserting product","data":{"product_id":"B0711PVX6Z","error":"Product.upsert is not a function"}}
{"timestamp":"2026-05-06T16:25:01.679Z","level":"WARN","module":"ExcelService","message":"Error upserting product","data":{"product_id":"B082T6V3DT","error":"Product.upsert is not a function"}}
{"timestamp":"2026-05-06T16:25:01.680Z","level":"WARN","module":"ExcelService","message":"Error upserting product","data":{"product_id":"B07MKFNHKG","error":"Product.upsert is not a function"}}
{"timestamp":"2026-05-06T16:25:01.680Z","level":"WARN","module":"ExcelService","message":"Error upserting product","data":{"product_id":"B0BFWGBX61","error":"Product.upsert is not a function"}}
{"timestamp":"2026-05-06T16:25:01.681Z","level":"WARN","module":"ExcelService","message":"Error upserting product","data":{"product_id":"B01N90RZ4M","error":"Product.upsert is not a function"}}
{"timestamp":"2026-05-06T16:25:01.682Z","level":"WARN","module":"ExcelService","message":"Error upserting product","data":{"product_id":"B0088TKTY2","error":"Product.upsert is not a function"}}
{"timestamp":"2026-05-06T16:25:01.683Z","level":"WARN","module":"ExcelService","message":"Error upserting product","data":{"product_id":"B09Q5SWVBJ","error":"Product.upsert is not a function"}}
{"timestamp":"2026-05-06T16:25:01.683Z","level":"WARN","module":"ExcelService","message":"Error upserting product","data":{"product_id":"B0B4DT8MKT","error":"Product.upsert is not a function"}}
{"timestamp":"2026-05-06T16:25:01.685Z","level":"WARN","module":"ExcelService","message":"Error upserting product","data":{"product_id":"B08CDKQ8T6","error":"Product.upsert is not a function"}}
{"timestamp":"2026-05-06T16:25:01.686Z","level":"WARN","module":"ExcelService","message":"Error upserting product","data":{"product_id":"B07B275VN9","error":"Product.upsert is not a function"}}
{"timestamp":"2026-05-06T16:25:01.686Z","level":"WARN","module":"ExcelService","message":"Error upserting product","data":{"product_id":"B0B15CPR37","error":"Product.upsert is not a function"}}
{"timestamp":"2026-05-06T16:25:01.687Z","level":"WARN","module":"ExcelService","message":"Error upserting product","data":{"product_id":"B0994GFWBH","error":"Product.upsert is not a function"}}
{"timestamp":"2026-05-06T16:25:01.688Z","level":"WARN","module":"ExcelService","message":"Error upserting product","data":{"product_id":"B01GGKZ0V6","error":"Product.upsert is not a function"}}
{"timestamp":"2026-05-06T16:25:01.688Z","level":"WARN","module":"ExcelService","message":"Error upserting product","data":{"product_id":"B09F9YQQ7B","error":"Product.upsert is not a function"}}
{"timestamp":"2026-05-06T16:25:01.688Z","level":"WARN","module":"ExcelService","message":"Error upserting product","data":{"product_id":"B014I8SX4Y","error":"Product.upsert is not a function"}}
{"timestamp":"2026-05-06T16:25:01.689Z","level":"WARN","module":"ExcelService","message":"Error upserting product","data":{"product_id":"B09Q8HMKZX","error":"Product.upsert is not a function"}}
{"timestamp":"2026-05-06T16:25:01.694Z","level":"WARN","module":"ExcelService","message":"Error upserting product","data":{"product_id":"B0B9XN9S3W","error":"Product.upsert is not a function"}}
{"timestamp":"2026-05-06T16:25:01.696Z","level":"WARN","module":"ExcelService","message":"Error upserting product","data":{"product_id":"B07966M8XH","error":"Product.upsert is not a function"}}
{"timestamp":"2026-05-06T16:25:01.697Z","level":"WARN","module":"ExcelService","message":"Error upserting product","data":{"product_id":"B01GGKYKQM","error":"Product.upsert is not a function"}}
{"timestamp":"2026-05-06T16:25:01.698Z","level":"WARN","module":"ExcelService","message":"Error upserting product","data":{"product_id":"B0B86CDHL1","error":"Product.upsert is not a function"}}
{"timestamp":"2026-05-06T16:25:01.698Z","level":"WARN","module":"ExcelService","message":"Error upserting product","data":{"product_id":"B0B5ZF3NRK","error":"Product.upsert is not a function"}}
{"timestamp":"2026-05-06T16:25:01.699Z","level":"WARN","module":"ExcelService","message":"Error upserting product","data":{"product_id":"B09RFC46VP","error":"Product.upsert is not a function"}}
{"timestamp":"2026-05-06T16:25:01.700Z","level":"WARN","module":"ExcelService","message":"Error upserting product","data":{"product_id":"B08R69VDHT","error":"Product.upsert is not a function"}}
{"timestamp":"2026-05-06T16:25:01.700Z","level":"WARN","module":"ExcelService","message":"Error upserting product","data":{"product_id":"B09RWZRCP1","error":"Product.upsert is not a function"}}
{"timestamp":"2026-05-06T16:25:01.701Z","level":"WARN","module":"ExcelService","message":"Error upserting product","data":{"product_id":"B09CMP1SC8","error":"Product.upsert is not a function"}}
{"timestamp":"2026-05-06T16:25:01.702Z","level":"WARN","module":"ExcelService","message":"Error upserting product","data":{"product_id":"B09YLXYP7Y","error":"Product.upsert is not a function"}}
{"timestamp":"2026-05-06T16:25:01.703Z","level":"WARN","module":"ExcelService","message":"Error upserting product","data":{"product_id":"B09ZPM4C2C","error":"Product.upsert is not a function"}}
{"timestamp":"2026-05-06T16:25:01.704Z","level":"WARN","module":"ExcelService","message":"Error upserting product","data":{"product_id":"B0B2DJDCPX","error":"Product.upsert is not a function"}}
{"timestamp":"2026-05-06T16:25:01.704Z","level":"WARN","module":"ExcelService","message":"Error upserting product","data":{"product_id":"B0BCZCQTJX","error":"Product.upsert is not a function"}}
{"timestamp":"2026-05-06T16:25:01.705Z","level":"WARN","module":"ExcelService","message":"Error upserting product","data":{"product_id":"B07LGT55SJ","error":"Product.upsert is not a function"}}
{"timestamp":"2026-05-06T16:25:01.705Z","level":"WARN","module":"ExcelService","message":"Error upserting product","data":{"product_id":"B09NKZXMWJ","error":"Product.upsert is not a function"}}
{"timestamp":"2026-05-06T16:25:01.706Z","level":"WARN","module":"ExcelService","message":"Error upserting product","data":{"product_id":"B08QX1CC14","error":"Product.upsert is not a function"}}
{"timestamp":"2026-05-06T16:25:01.709Z","level":"WARN","module":"ExcelService","message":"Error upserting product","data":{"product_id":"B0974H97TJ","error":"Product.upsert is not a function"}}
{"timestamp":"2026-05-06T16:25:01.710Z","level":"WARN","module":"ExcelService","message":"Error upserting product","data":{"product_id":"B07GVGTSLN","error":"Product.upsert is not a function"}}
{"timestamp":"2026-05-06T16:25:01.711Z","level":"WARN","module":"ExcelService","message":"Error upserting product","data":{"product_id":"B09VCHLSJF","error":"Product.upsert is not a function"}}
{"timestamp":"2026-05-06T16:25:01.712Z","level":"WARN","module":"ExcelService","message":"Error upserting product","data":{"product_id":"B0B1YZX72F","error":"Product.upsert is not a function"}}
{"timestamp":"2026-05-06T16:25:01.712Z","level":"WARN","module":"ExcelService","message":"Error upserting product","data":{"product_id":"B092BJMT8Q","error":"Product.upsert is not a function"}}
{"timestamp":"2026-05-06T16:25:01.713Z","level":"WARN","module":"ExcelService","message":"Error upserting product","data":{"product_id":"B0BMXMLSMM","error":"Product.upsert is not a function"}}
{"timestamp":"2026-05-06T16:25:01.713Z","level":"WARN","module":"ExcelService","message":"Error upserting product","data":{"product_id":"B07JH1C41D","error":"Product.upsert is not a function"}}
{"timestamp":"2026-05-06T16:25:01.714Z","level":"WARN","module":"ExcelService","message":"Error upserting product","data":{"product_id":"B0141EZMAI","error":"Product.upsert is not a function"}}
{"timestamp":"2026-05-06T16:25:01.714Z","level":"WARN","module":"ExcelService","message":"Error upserting product","data":{"product_id":"B09Q5P2MT3","error":"Product.upsert is not a function"}}
{"timestamp":"2026-05-06T16:25:01.715Z","level":"WARN","module":"ExcelService","message":"Error upserting product","data":{"product_id":"B08HDH26JX","error":"Product.upsert is not a function"}}
{"timestamp":"2026-05-06T16:25:01.716Z","level":"WARN","module":"ExcelService","message":"Error upserting product","data":{"product_id":"B09VT6JKRP","error":"Product.upsert is not a function"}}
{"timestamp":"2026-05-06T16:25:01.716Z","level":"WARN","module":"ExcelService","message":"Error upserting product","data":{"product_id":"B09T3KB6JZ","error":"Product.upsert is not a function"}}
{"timestamp":"2026-05-06T16:25:01.717Z","level":"WARN","module":"ExcelService","message":"Error upserting product","data":{"product_id":"B093QCY6YJ","error":"Product.upsert is not a function"}}
{"timestamp":"2026-05-06T16:25:01.717Z","level":"WARN","module":"ExcelService","message":"Error upserting product","data":{"product_id":"B093ZNQZ2Y","error":"Product.upsert is not a function"}}
{"timestamp":"2026-05-06T16:25:01.718Z","level":"WARN","module":"ExcelService","message":"Error upserting product","data":{"product_id":"B08LKS3LSP","error":"Product.upsert is not a function"}}
{"timestamp":"2026-05-06T16:25:01.718Z","level":"WARN","module":"ExcelService","message":"Error upserting product","data":{"product_id":"B00V4BGDKU","error":"Product.upsert is not a function"}}
{"timestamp":"2026-05-06T16:25:01.719Z","level":"WARN","module":"ExcelService","message":"Error upserting product","data":{"product_id":"B08CHKQ8D4","error":"Product.upsert is not a function"}}
{"timestamp":"2026-05-06T16:25:01.720Z","level":"WARN","module":"ExcelService","message":"Error upserting product","data":{"product_id":"B09BW334ML","error":"Product.upsert is not a function"}}
{"timestamp":"2026-05-06T16:25:01.720Z","level":"WARN","module":"ExcelService","message":"Error upserting product","data":{"product_id":"B082T6GVLJ","error":"Product.upsert is not a function"}}
{"timestamp":"2026-05-06T16:25:01.721Z","level":"WARN","module":"ExcelService","message":"Error upserting product","data":{"product_id":"B07DL1KC3H","error":"Product.upsert is not a function"}}
{"timestamp":"2026-05-06T16:25:01.722Z","level":"WARN","module":"ExcelService","message":"Error upserting product","data":{"product_id":"B0B6F98KJJ","error":"Product.upsert is not a function"}}
{"timestamp":"2026-05-06T16:25:01.722Z","level":"WARN","module":"ExcelService","message":"Error upserting product","data":{"product_id":"B07JNVF678","error":"Product.upsert is not a function"}}
{"timestamp":"2026-05-06T16:25:01.724Z","level":"WARN","module":"ExcelService","message":"Error upserting product","data":{"product_id":"B09QGZFBPM","error":"Product.upsert is not a function"}}
{"timestamp":"2026-05-06T16:25:01.726Z","level":"WARN","module":"ExcelService","message":"Error upserting product","data":{"product_id":"B07JGDB5M1","error":"Product.upsert is not a function"}}
{"timestamp":"2026-05-06T16:25:01.726Z","level":"WARN","module":"ExcelService","message":"Error upserting product","data":{"product_id":"B0981XSZJ7","error":"Product.upsert is not a function"}}
{"timestamp":"2026-05-06T16:25:01.727Z","level":"WARN","module":"ExcelService","message":"Error upserting product","data":{"product_id":"B0B9XLX8VR","error":"Product.upsert is not a function"}}
{"timestamp":"2026-05-06T16:25:01.728Z","level":"WARN","module":"ExcelService","message":"Error upserting product","data":{"product_id":"B08Y5KXR6Z","error":"Product.upsert is not a function"}}
{"timestamp":"2026-05-06T16:25:01.729Z","level":"WARN","module":"ExcelService","message":"Error upserting product","data":{"product_id":"B09F6VHQXB","error":"Product.upsert is not a function"}}
{"timestamp":"2026-05-06T16:25:01.730Z","level":"WARN","module":"ExcelService","message":"Error upserting product","data":{"product_id":"B0974G5Q2Y","error":"Product.upsert is not a function"}}
{"timestamp":"2026-05-06T16:25:01.730Z","level":"WARN","module":"ExcelService","message":"Error upserting product","data":{"product_id":"B09YL9SN9B","error":"Product.upsert is not a function"}}
{"timestamp":"2026-05-06T16:25:01.732Z","level":"WARN","module":"ExcelService","message":"Error upserting product","data":{"product_id":"B09RX1FK54","error":"Product.upsert is not a function"}}
{"timestamp":"2026-05-06T16:25:01.732Z","level":"WARN","module":"ExcelService","message":"Error upserting product","data":{"product_id":"B09TT6BFDX","error":"Product.upsert is not a function"}}
{"timestamp":"2026-05-06T16:25:01.733Z","level":"WARN","module":"ExcelService","message":"Error upserting product","data":{"product_id":"B09KH58JZR","error":"Product.upsert is not a function"}}
{"timestamp":"2026-05-06T16:25:01.733Z","level":"WARN","module":"ExcelService","message":"Error upserting product","data":{"product_id":"B09DDCQFMT","error":"Product.upsert is not a function"}}
{"timestamp":"2026-05-06T16:25:01.734Z","level":"WARN","module":"ExcelService","message":"Error upserting product","data":{"product_id":"B08RP2L2NL","error":"Product.upsert is not a function"}}
{"timestamp":"2026-05-06T16:25:01.735Z","level":"WARN","module":"ExcelService","message":"Error upserting product","data":{"product_id":"B0B4G2MWSB","error":"Product.upsert is not a function"}}
{"timestamp":"2026-05-06T16:25:01.736Z","level":"WARN","module":"ExcelService","message":"Error upserting product","data":{"product_id":"B0B21C4BMX","error":"Product.upsert is not a function"}}
{"timestamp":"2026-05-06T16:25:01.737Z","level":"WARN","module":"ExcelService","message":"Error upserting product","data":{"product_id":"B084MZXJNK","error":"Product.upsert is not a function"}}
{"timestamp":"2026-05-06T16:25:01.737Z","level":"WARN","module":"ExcelService","message":"Error upserting product","data":{"product_id":"B0BHZCNC4P","error":"Product.upsert is not a function"}}
{"timestamp":"2026-05-06T16:25:01.738Z","level":"WARN","module":"ExcelService","message":"Error upserting product","data":{"product_id":"B0B16KD737","error":"Product.upsert is not a function"}}
{"timestamp":"2026-05-06T16:25:01.739Z","level":"WARN","module":"ExcelService","message":"Error upserting product","data":{"product_id":"B099K9ZX65","error":"Product.upsert is not a function"}}
{"timestamp":"2026-05-06T16:25:01.741Z","level":"WARN","module":"ExcelService","message":"Error upserting product","data":{"product_id":"B08Y55LPBF","error":"Product.upsert is not a function"}}
{"timestamp":"2026-05-06T16:25:01.742Z","level":"WARN","module":"ExcelService","message":"Error upserting product","data":{"product_id":"B015OW3M1W","error":"Product.upsert is not a function"}}
{"timestamp":"2026-05-06T16:25:01.744Z","level":"WARN","module":"ExcelService","message":"Error upserting product","data":{"product_id":"B01D5H8ZI8","error":"Product.upsert is not a function"}}
{"timestamp":"2026-05-06T16:25:01.744Z","level":"WARN","module":"ExcelService","message":"Error upserting product","data":{"product_id":"B09X1M3DHX","error":"Product.upsert is not a function"}}
{"timestamp":"2026-05-06T16:25:01.746Z","level":"WARN","module":"ExcelService","message":"Error upserting product","data":{"product_id":"B09MM6P76N","error":"Product.upsert is not a function"}}
{"timestamp":"2026-05-06T16:25:01.747Z","level":"WARN","module":"ExcelService","message":"Error upserting product","data":{"product_id":"B01D5H8LDM","error":"Product.upsert is not a function"}}
{"timestamp":"2026-05-06T16:25:01.748Z","level":"WARN","module":"ExcelService","message":"Error upserting product","data":{"product_id":"B0B1YY6JJL","error":"Product.upsert is not a function"}}
{"timestamp":"2026-05-06T16:25:01.749Z","level":"WARN","module":"ExcelService","message":"Error upserting product","data":{"product_id":"B09QGZM8QB","error":"Product.upsert is not a function"}}
{"timestamp":"2026-05-06T16:25:01.750Z","level":"WARN","module":"ExcelService","message":"Error upserting product","data":{"product_id":"B08L4SBJRY","error":"Product.upsert is not a function"}}
{"timestamp":"2026-05-06T16:25:01.751Z","level":"WARN","module":"ExcelService","message":"Error upserting product","data":{"product_id":"B09X79PP8F","error":"Product.upsert is not a function"}}
{"timestamp":"2026-05-06T16:25:01.752Z","level":"WARN","module":"ExcelService","message":"Error upserting product","data":{"product_id":"B082T6GVG9","error":"Product.upsert is not a function"}}
{"timestamp":"2026-05-06T16:25:01.753Z","level":"WARN","module":"ExcelService","message":"Error upserting product","data":{"product_id":"B0B3XY5YT4","error":"Product.upsert is not a function"}}
{"timestamp":"2026-05-06T16:25:01.754Z","level":"WARN","module":"ExcelService","message":"Error upserting product","data":{"product_id":"B0B4HKH19N","error":"Product.upsert is not a function"}}
{"timestamp":"2026-05-06T16:25:01.755Z","level":"WARN","module":"ExcelService","message":"Error upserting product","data":{"product_id":"B08TGG316Z","error":"Product.upsert is not a function"}}
{"timestamp":"2026-05-06T16:25:01.758Z","level":"WARN","module":"ExcelService","message":"Error upserting product","data":{"product_id":"B071VMP1Z4","error":"Product.upsert is not a function"}}
{"timestamp":"2026-05-06T16:25:01.759Z","level":"WARN","module":"ExcelService","message":"Error upserting product","data":{"product_id":"B071SDRGWL","error":"Product.upsert is not a function"}}
{"timestamp":"2026-05-06T16:25:01.760Z","level":"WARN","module":"ExcelService","message":"Error upserting product","data":{"product_id":"B08PSQRW2T","error":"Product.upsert is not a function"}}
{"timestamp":"2026-05-06T16:25:01.760Z","level":"WARN","module":"ExcelService","message":"Error upserting product","data":{"product_id":"B0859M539M","error":"Product.upsert is not a function"}}
{"timestamp":"2026-05-06T16:25:01.761Z","level":"WARN","module":"ExcelService","message":"Error upserting product","data":{"product_id":"B08RX8G496","error":"Product.upsert is not a function"}}
{"timestamp":"2026-05-06T16:25:01.761Z","level":"WARN","module":"ExcelService","message":"Error upserting product","data":{"product_id":"B002SZEOLG","error":"Product.upsert is not a function"}}
{"timestamp":"2026-05-06T16:25:01.762Z","level":"WARN","module":"ExcelService","message":"Error upserting product","data":{"product_id":"B08CS3BT4L","error":"Product.upsert is not a function"}}
{"timestamp":"2026-05-06T16:25:01.762Z","level":"WARN","module":"ExcelService","message":"Error upserting product","data":{"product_id":"B00RFWNJMC","error":"Product.upsert is not a function"}}
{"timestamp":"2026-05-06T16:25:01.763Z","level":"WARN","module":"ExcelService","message":"Error upserting product","data":{"product_id":"B082T6GXS5","error":"Product.upsert is not a function"}}
{"timestamp":"2026-05-06T16:25:01.763Z","level":"WARN","module":"ExcelService","message":"Error upserting product","data":{"product_id":"B09CMQRQM6","error":"Product.upsert is not a function"}}
{"timestamp":"2026-05-06T16:25:01.764Z","level":"WARN","module":"ExcelService","message":"Error upserting product","data":{"product_id":"B005LJQMCK","error":"Product.upsert is not a function"}}
{"timestamp":"2026-05-06T16:25:01.764Z","level":"WARN","module":"ExcelService","message":"Error upserting product","data":{"product_id":"B09C6H53KH","error":"Product.upsert is not a function"}}
{"timestamp":"2026-05-06T16:25:01.765Z","level":"WARN","module":"ExcelService","message":"Error upserting product","data":{"product_id":"B0BB3CBFBM","error":"Product.upsert is not a function"}}
{"timestamp":"2026-05-06T16:25:01.765Z","level":"WARN","module":"ExcelService","message":"Error upserting product","data":{"product_id":"B08QSDKFGQ","error":"Product.upsert is not a function"}}
{"timestamp":"2026-05-06T16:25:01.766Z","level":"WARN","module":"ExcelService","message":"Error upserting product","data":{"product_id":"B08PV1X771","error":"Product.upsert is not a function"}}
{"timestamp":"2026-05-06T16:25:01.767Z","level":"WARN","module":"ExcelService","message":"Error upserting product","data":{"product_id":"B07YTNKVJQ","error":"Product.upsert is not a function"}}
{"timestamp":"2026-05-06T16:25:01.767Z","level":"WARN","module":"ExcelService","message":"Error upserting product","data":{"product_id":"B0117H7GZ6","error":"Product.upsert is not a function"}}
{"timestamp":"2026-05-06T16:25:01.768Z","level":"WARN","module":"ExcelService","message":"Error upserting product","data":{"product_id":"B09XJ1LM7R","error":"Product.upsert is not a function"}}
{"timestamp":"2026-05-06T16:25:01.769Z","level":"WARN","module":"ExcelService","message":"Error upserting product","data":{"product_id":"B084N133Y7","error":"Product.upsert is not a function"}}
{"timestamp":"2026-05-06T16:25:01.769Z","level":"WARN","module":"ExcelService","message":"Error upserting product","data":{"product_id":"B088Z1YWBC","error":"Product.upsert is not a function"}}
{"timestamp":"2026-05-06T16:25:01.770Z","level":"WARN","module":"ExcelService","message":"Error upserting product","data":{"product_id":"B07VSG5SXZ","error":"Product.upsert is not a function"}}
{"timestamp":"2026-05-06T16:25:01.771Z","level":"WARN","module":"ExcelService","message":"Error upserting product","data":{"product_id":"B08RWCZ6SY","error":"Product.upsert is not a function"}}
{"timestamp":"2026-05-06T16:25:01.772Z","level":"WARN","module":"ExcelService","message":"Error upserting product","data":{"product_id":"B07KSB1MLX","error":"Product.upsert is not a function"}}
{"timestamp":"2026-05-06T16:25:01.773Z","level":"WARN","module":"ExcelService","message":"Error upserting product","data":{"product_id":"B081FG1QYX","error":"Product.upsert is not a function"}}
{"timestamp":"2026-05-06T16:25:01.775Z","level":"WARN","module":"ExcelService","message":"Error upserting product","data":{"product_id":"B08R69WBN7","error":"Product.upsert is not a function"}}
{"timestamp":"2026-05-06T16:25:01.775Z","level":"WARN","module":"ExcelService","message":"Error upserting product","data":{"product_id":"B0B3RHX6B6","error":"Product.upsert is not a function"}}
{"timestamp":"2026-05-06T16:25:01.777Z","level":"WARN","module":"ExcelService","message":"Error upserting product","data":{"product_id":"B084N18QZY","error":"Product.upsert is not a function"}}
{"timestamp":"2026-05-06T16:25:01.778Z","level":"WARN","module":"ExcelService","message":"Error upserting product","data":{"product_id":"B081NHWT6Z","error":"Product.upsert is not a function"}}
{"timestamp":"2026-05-06T16:25:01.779Z","level":"WARN","module":"ExcelService","message":"Error upserting product","data":{"product_id":"B07JPJJZ2H","error":"Product.upsert is not a function"}}
{"timestamp":"2026-05-06T16:25:01.780Z","level":"WARN","module":"ExcelService","message":"Error upserting product","data":{"product_id":"B09JKNF147","error":"Product.upsert is not a function"}}
{"timestamp":"2026-05-06T16:25:01.781Z","level":"WARN","module":"ExcelService","message":"Error upserting product","data":{"product_id":"B0B9959XF3","error":"Product.upsert is not a function"}}
{"timestamp":"2026-05-06T16:25:01.781Z","level":"WARN","module":"ExcelService","message":"Error upserting product","data":{"product_id":"B09PNR6F8Q","error":"Product.upsert is not a function"}}
{"timestamp":"2026-05-06T16:25:01.782Z","level":"WARN","module":"ExcelService","message":"Error upserting product","data":{"product_id":"B07M69276N","error":"Product.upsert is not a function"}}
{"timestamp":"2026-05-06T16:25:01.783Z","level":"WARN","module":"ExcelService","message":"Error upserting product","data":{"product_id":"B0B1YZ9CB8","error":"Product.upsert is not a function"}}
{"timestamp":"2026-05-06T16:25:01.784Z","level":"WARN","module":"ExcelService","message":"Error upserting product","data":{"product_id":"B09YLYB9PB","error":"Product.upsert is not a function"}}
{"timestamp":"2026-05-06T16:25:01.784Z","level":"WARN","module":"ExcelService","message":"Error upserting product","data":{"product_id":"B08CTNJ985","error":"Product.upsert is not a function"}}
{"timestamp":"2026-05-06T16:25:01.785Z","level":"WARN","module":"ExcelService","message":"Error upserting product","data":{"product_id":"B0BP7XLX48","error":"Product.upsert is not a function"}}
{"timestamp":"2026-05-06T16:25:01.785Z","level":"WARN","module":"ExcelService","message":"Error upserting product","data":{"product_id":"B09LHXNZLR","error":"Product.upsert is not a function"}}
{"timestamp":"2026-05-06T16:25:01.786Z","level":"WARN","module":"ExcelService","message":"Error upserting product","data":{"product_id":"B0B3N8VG24","error":"Product.upsert is not a function"}}
{"timestamp":"2026-05-06T16:25:01.787Z","level":"WARN","module":"ExcelService","message":"Error upserting product","data":{"product_id":"B08PSVBB2X","error":"Product.upsert is not a function"}}
{"timestamp":"2026-05-06T16:25:01.787Z","level":"WARN","module":"ExcelService","message":"Error upserting product","data":{"product_id":"B0B3MQXNFB","error":"Product.upsert is not a function"}}
{"timestamp":"2026-05-06T16:25:01.788Z","level":"WARN","module":"ExcelService","message":"Error upserting product","data":{"product_id":"B08XMSKKMM","error":"Product.upsert is not a function"}}
{"timestamp":"2026-05-06T16:25:01.789Z","level":"WARN","module":"ExcelService","message":"Error upserting product","data":{"product_id":"B09L8DT7D6","error":"Product.upsert is not a function"}}
{"timestamp":"2026-05-06T16:25:01.791Z","level":"WARN","module":"ExcelService","message":"Error upserting product","data":{"product_id":"B00GE55L22","error":"Product.upsert is not a function"}}
{"timestamp":"2026-05-06T16:25:01.792Z","level":"WARN","module":"ExcelService","message":"Error upserting product","data":{"product_id":"B0162K34H2","error":"Product.upsert is not a function"}}
{"timestamp":"2026-05-06T16:25:01.793Z","level":"WARN","module":"ExcelService","message":"Error upserting product","data":{"product_id":"B0B8SRZ5SV","error":"Product.upsert is not a function"}}
{"timestamp":"2026-05-06T16:25:01.794Z","level":"WARN","module":"ExcelService","message":"Error upserting product","data":{"product_id":"B07CWNJLPC","error":"Product.upsert is not a function"}}
{"timestamp":"2026-05-06T16:25:01.794Z","level":"WARN","module":"ExcelService","message":"Error upserting product","data":{"product_id":"B00NH12R1O","error":"Product.upsert is not a function"}}
{"timestamp":"2026-05-06T16:25:01.795Z","level":"WARN","module":"ExcelService","message":"Error upserting product","data":{"product_id":"B0B8SSC5D9","error":"Product.upsert is not a function"}}
{"timestamp":"2026-05-06T16:25:01.795Z","level":"WARN","module":"ExcelService","message":"Error upserting product","data":{"product_id":"B08WKG2MWT","error":"Product.upsert is not a function"}}
{"timestamp":"2026-05-06T16:25:01.796Z","level":"WARN","module":"ExcelService","message":"Error upserting product","data":{"product_id":"B0B466C3G4","error":"Product.upsert is not a function"}}
{"timestamp":"2026-05-06T16:25:01.797Z","level":"WARN","module":"ExcelService","message":"Error upserting product","data":{"product_id":"B005LJQMZC","error":"Product.upsert is not a function"}}
{"timestamp":"2026-05-06T16:25:01.797Z","level":"WARN","module":"ExcelService","message":"Error upserting product","data":{"product_id":"B07MDRGHWQ","error":"Product.upsert is not a function"}}
{"timestamp":"2026-05-06T16:25:01.798Z","level":"WARN","module":"ExcelService","message":"Error upserting product","data":{"product_id":"B07DC4RZPY","error":"Product.upsert is not a function"}}
{"timestamp":"2026-05-06T16:25:01.799Z","level":"WARN","module":"ExcelService","message":"Error upserting product","data":{"product_id":"B0B15GSPQW","error":"Product.upsert is not a function"}}
{"timestamp":"2026-05-06T16:25:01.800Z","level":"WARN","module":"ExcelService","message":"Error upserting product","data":{"product_id":"B08GJNM9N7","error":"Product.upsert is not a function"}}
{"timestamp":"2026-05-06T16:25:01.801Z","level":"WARN","module":"ExcelService","message":"Error upserting product","data":{"product_id":"B09C6FML9B","error":"Product.upsert is not a function"}}
{"timestamp":"2026-05-06T16:25:01.802Z","level":"WARN","module":"ExcelService","message":"Error upserting product","data":{"product_id":"B0B65MJ45G","error":"Product.upsert is not a function"}}
{"timestamp":"2026-05-06T16:25:01.802Z","level":"WARN","module":"ExcelService","message":"Error upserting product","data":{"product_id":"B08P9RYPLR","error":"Product.upsert is not a function"}}
{"timestamp":"2026-05-06T16:25:01.803Z","level":"WARN","module":"ExcelService","message":"Error upserting product","data":{"product_id":"B0B6F8HHR6","error":"Product.upsert is not a function"}}
{"timestamp":"2026-05-06T16:25:01.803Z","level":"WARN","module":"ExcelService","message":"Error upserting product","data":{"product_id":"B084MZXJN6","error":"Product.upsert is not a function"}}
{"timestamp":"2026-05-06T16:25:01.804Z","level":"WARN","module":"ExcelService","message":"Error upserting product","data":{"product_id":"B08XMG618K","error":"Product.upsert is not a function"}}
{"timestamp":"2026-05-06T16:25:01.805Z","level":"WARN","module":"ExcelService","message":"Error upserting product","data":{"product_id":"B0BCKWZ884","error":"Product.upsert is not a function"}}
{"timestamp":"2026-05-06T16:25:01.805Z","level":"WARN","module":"ExcelService","message":"Error upserting product","data":{"product_id":"B00GGGOYEK","error":"Product.upsert is not a function"}}
{"timestamp":"2026-05-06T16:25:01.808Z","level":"WARN","module":"ExcelService","message":"Error upserting product","data":{"product_id":"B07ZR4S1G4","error":"Product.upsert is not a function"}}
{"timestamp":"2026-05-06T16:25:01.810Z","level":"WARN","module":"ExcelService","message":"Error upserting product","data":{"product_id":"B09C635BMM","error":"Product.upsert is not a function"}}
{"timestamp":"2026-05-06T16:25:01.811Z","level":"WARN","module":"ExcelService","message":"Error upserting product","data":{"product_id":"B00GG59HU2","error":"Product.upsert is not a function"}}
{"timestamp":"2026-05-06T16:25:01.812Z","level":"WARN","module":"ExcelService","message":"Error upserting product","data":{"product_id":"B00RGLI0ZS","error":"Product.upsert is not a function"}}
{"timestamp":"2026-05-06T16:25:01.813Z","level":"WARN","module":"ExcelService","message":"Error upserting product","data":{"product_id":"B09ZPJT8B2","error":"Product.upsert is not a function"}}
{"timestamp":"2026-05-06T16:25:01.813Z","level":"WARN","module":"ExcelService","message":"Error upserting product","data":{"product_id":"B07HZ2QCGR","error":"Product.upsert is not a function"}}
{"timestamp":"2026-05-06T16:25:01.814Z","level":"WARN","module":"ExcelService","message":"Error upserting product","data":{"product_id":"B095244Q22","error":"Product.upsert is not a function"}}
{"timestamp":"2026-05-06T16:25:01.815Z","level":"WARN","module":"ExcelService","message":"Error upserting product","data":{"product_id":"B08CKW1KH9","error":"Product.upsert is not a function"}}
{"timestamp":"2026-05-06T16:25:01.815Z","level":"WARN","module":"ExcelService","message":"Error upserting product","data":{"product_id":"B0BLV1GNLN","error":"Product.upsert is not a function"}}
{"timestamp":"2026-05-06T16:25:01.816Z","level":"WARN","module":"ExcelService","message":"Error upserting product","data":{"product_id":"B08RHPDNVV","error":"Product.upsert is not a function"}}
{"timestamp":"2026-05-06T16:25:01.817Z","level":"WARN","module":"ExcelService","message":"Error upserting product","data":{"product_id":"B00NH13Q8W","error":"Product.upsert is not a function"}}
{"timestamp":"2026-05-06T16:25:01.817Z","level":"WARN","module":"ExcelService","message":"Error upserting product","data":{"product_id":"B0B8SSZ76F","error":"Product.upsert is not a function"}}
{"timestamp":"2026-05-06T16:25:01.818Z","level":"WARN","module":"ExcelService","message":"Error upserting product","data":{"product_id":"B0841KQR1Z","error":"Product.upsert is not a function"}}
{"timestamp":"2026-05-06T16:25:01.818Z","level":"WARN","module":"ExcelService","message":"Error upserting product","data":{"product_id":"B0B467CCB9","error":"Product.upsert is not a function"}}
{"timestamp":"2026-05-06T16:25:01.819Z","level":"WARN","module":"ExcelService","message":"Error upserting product","data":{"product_id":"B095JQVC7N","error":"Product.upsert is not a function"}}
{"timestamp":"2026-05-06T16:25:01.820Z","level":"WARN","module":"ExcelService","message":"Error upserting product","data":{"product_id":"B08PPHFXG3","error":"Product.upsert is not a function"}}
{"timestamp":"2026-05-06T16:25:01.820Z","level":"WARN","module":"ExcelService","message":"Error upserting product","data":{"product_id":"B06XR9PR5X","error":"Product.upsert is not a function"}}
{"timestamp":"2026-05-06T16:25:01.821Z","level":"WARN","module":"ExcelService","message":"Error upserting product","data":{"product_id":"B09JSW16QD","error":"Product.upsert is not a function"}}
{"timestamp":"2026-05-06T16:25:01.821Z","level":"WARN","module":"ExcelService","message":"Error upserting product","data":{"product_id":"B07JH1CBGW","error":"Product.upsert is not a function"}}
{"timestamp":"2026-05-06T16:25:01.822Z","level":"WARN","module":"ExcelService","message":"Error upserting product","data":{"product_id":"B09127FZCK","error":"Product.upsert is not a function"}}
{"timestamp":"2026-05-06T16:25:01.823Z","level":"WARN","module":"ExcelService","message":"Error upserting product","data":{"product_id":"B083GQGT3Z","error":"Product.upsert is not a function"}}
{"timestamp":"2026-05-06T16:25:01.827Z","level":"WARN","module":"ExcelService","message":"Error upserting product","data":{"product_id":"B09Q8WQ5QJ","error":"Product.upsert is not a function"}}
{"timestamp":"2026-05-06T16:25:01.829Z","level":"WARN","module":"ExcelService","message":"Error upserting product","data":{"product_id":"B07YZG8PPY","error":"Product.upsert is not a function"}}
{"timestamp":"2026-05-06T16:25:01.830Z","level":"WARN","module":"ExcelService","message":"Error upserting product","data":{"product_id":"B09H39KTTB","error":"Product.upsert is not a function"}}
{"timestamp":"2026-05-06T16:25:01.832Z","level":"WARN","module":"ExcelService","message":"Error upserting product","data":{"product_id":"B08DCVRW98","error":"Product.upsert is not a function"}}
{"timestamp":"2026-05-06T16:25:01.833Z","level":"WARN","module":"ExcelService","message":"Error upserting product","data":{"product_id":"B0718ZN31Q","error":"Product.upsert is not a function"}}
{"timestamp":"2026-05-06T16:25:01.834Z","level":"WARN","module":"ExcelService","message":"Error upserting product","data":{"product_id":"B0162LYSFS","error":"Product.upsert is not a function"}}
{"timestamp":"2026-05-06T16:25:01.835Z","level":"WARN","module":"ExcelService","message":"Error upserting product","data":{"product_id":"B07PFJ5VQD","error":"Product.upsert is not a function"}}
{"timestamp":"2026-05-06T16:25:01.835Z","level":"WARN","module":"ExcelService","message":"Error upserting product","data":{"product_id":"B01J8S6X2I","error":"Product.upsert is not a function"}}
{"timestamp":"2026-05-06T16:25:01.836Z","level":"WARN","module":"ExcelService","message":"Error upserting product","data":{"product_id":"B09MJ77786","error":"Product.upsert is not a function"}}
{"timestamp":"2026-05-06T16:25:01.837Z","level":"WARN","module":"ExcelService","message":"Error upserting product","data":{"product_id":"B09NNGHG22","error":"Product.upsert is not a function"}}
{"timestamp":"2026-05-06T16:25:01.837Z","level":"WARN","module":"ExcelService","message":"Error upserting product","data":{"product_id":"B07V5YF4ND","error":"Product.upsert is not a function"}}
{"timestamp":"2026-05-06T16:25:01.838Z","level":"WARN","module":"ExcelService","message":"Error upserting product","data":{"product_id":"B0B65P827P","error":"Product.upsert is not a function"}}
{"timestamp":"2026-05-06T16:25:01.838Z","level":"WARN","module":"ExcelService","message":"Error upserting product","data":{"product_id":"B084MZYBTV","error":"Product.upsert is not a function"}}
{"timestamp":"2026-05-06T16:25:01.839Z","level":"WARN","module":"ExcelService","message":"Error upserting product","data":{"product_id":"B097ZQTDVZ","error":"Product.upsert is not a function"}}
{"timestamp":"2026-05-06T16:25:01.840Z","level":"WARN","module":"ExcelService","message":"Error upserting product","data":{"product_id":"B0B5F3YZY4","error":"Product.upsert is not a function"}}
{"timestamp":"2026-05-06T16:25:01.842Z","level":"WARN","module":"ExcelService","message":"Error upserting product","data":{"product_id":"B09G5TSGXV","error":"Product.upsert is not a function"}}
{"timestamp":"2026-05-06T16:25:01.843Z","level":"WARN","module":"ExcelService","message":"Error upserting product","data":{"product_id":"B006LW0WDQ","error":"Product.upsert is not a function"}}
{"timestamp":"2026-05-06T16:25:01.844Z","level":"WARN","module":"ExcelService","message":"Error upserting product","data":{"product_id":"B09YLX91QR","error":"Product.upsert is not a function"}}
{"timestamp":"2026-05-06T16:25:01.845Z","level":"WARN","module":"ExcelService","message":"Error upserting product","data":{"product_id":"B081FJWN52","error":"Product.upsert is not a function"}}
{"timestamp":"2026-05-06T16:25:01.845Z","level":"WARN","module":"ExcelService","message":"Error upserting product","data":{"product_id":"B0758F7KK7","error":"Product.upsert is not a function"}}
{"timestamp":"2026-05-06T16:25:01.846Z","level":"WARN","module":"ExcelService","message":"Error upserting product","data":{"product_id":"B09L835C3V","error":"Product.upsert is not a function"}}
{"timestamp":"2026-05-06T16:25:01.847Z","level":"WARN","module":"ExcelService","message":"Error upserting product","data":{"product_id":"B098TV3L96","error":"Product.upsert is not a function"}}
{"timestamp":"2026-05-06T16:25:01.848Z","level":"WARN","module":"ExcelService","message":"Error upserting product","data":{"product_id":"B08NCKT9FG","error":"Product.upsert is not a function"}}
{"timestamp":"2026-05-06T16:25:01.849Z","level":"WARN","module":"ExcelService","message":"Error upserting product","data":{"product_id":"B0B4T6MR8N","error":"Product.upsert is not a function"}}
{"timestamp":"2026-05-06T16:25:01.850Z","level":"WARN","module":"ExcelService","message":"Error upserting product","data":{"product_id":"B01GGKZ4NU","error":"Product.upsert is not a function"}}
{"timestamp":"2026-05-06T16:25:01.851Z","level":"WARN","module":"ExcelService","message":"Error upserting product","data":{"product_id":"B09BW2GP18","error":"Product.upsert is not a function"}}
{"timestamp":"2026-05-06T16:25:01.852Z","level":"WARN","module":"ExcelService","message":"Error upserting product","data":{"product_id":"B09WN3SRC7","error":"Product.upsert is not a function"}}
{"timestamp":"2026-05-06T16:25:01.852Z","level":"WARN","module":"ExcelService","message":"Error upserting product","data":{"product_id":"B09B125CFJ","error":"Product.upsert is not a function"}}
{"timestamp":"2026-05-06T16:25:01.853Z","level":"WARN","module":"ExcelService","message":"Error upserting product","data":{"product_id":"B09RQRZW2X","error":"Product.upsert is not a function"}}
{"timestamp":"2026-05-06T16:25:01.853Z","level":"WARN","module":"ExcelService","message":"Error upserting product","data":{"product_id":"B07924P3C5","error":"Product.upsert is not a function"}}
{"timestamp":"2026-05-06T16:25:01.854Z","level":"WARN","module":"ExcelService","message":"Error upserting product","data":{"product_id":"B08N1WL9XW","error":"Product.upsert is not a function"}}
{"timestamp":"2026-05-06T16:25:01.855Z","level":"WARN","module":"ExcelService","message":"Error upserting product","data":{"product_id":"B07VVXJ2P5","error":"Product.upsert is not a function"}}
{"timestamp":"2026-05-06T16:25:01.856Z","level":"WARN","module":"ExcelService","message":"Error upserting product","data":{"product_id":"B0BC8BQ432","error":"Product.upsert is not a function"}}
{"timestamp":"2026-05-06T16:25:01.856Z","level":"WARN","module":"ExcelService","message":"Error upserting product","data":{"product_id":"B06XFTHCNY","error":"Product.upsert is not a function"}}
{"timestamp":"2026-05-06T16:25:01.858Z","level":"WARN","module":"ExcelService","message":"Error upserting product","data":{"product_id":"B08CT62BM1","error":"Product.upsert is not a function"}}
{"timestamp":"2026-05-06T16:25:01.859Z","level":"WARN","module":"ExcelService","message":"Error upserting product","data":{"product_id":"B07CRL2GY6","error":"Product.upsert is not a function"}}
{"timestamp":"2026-05-06T16:25:01.859Z","level":"WARN","module":"ExcelService","message":"Error upserting product","data":{"product_id":"B07DWFX9YS","error":"Product.upsert is not a function"}}
{"timestamp":"2026-05-06T16:25:01.860Z","level":"WARN","module":"ExcelService","message":"Error upserting product","data":{"product_id":"B01D5H90L4","error":"Product.upsert is not a function"}}
{"timestamp":"2026-05-06T16:25:01.861Z","level":"WARN","module":"ExcelService","message":"Error upserting product","data":{"product_id":"B07F1P8KNV","error":"Product.upsert is not a function"}}
{"timestamp":"2026-05-06T16:25:01.862Z","level":"WARN","module":"ExcelService","message":"Error upserting product","data":{"product_id":"B084N1BM9L","error":"Product.upsert is not a function"}}
{"timestamp":"2026-05-06T16:25:01.863Z","level":"WARN","module":"ExcelService","message":"Error upserting product","data":{"product_id":"B09F6D21BY","error":"Product.upsert is not a function"}}
{"timestamp":"2026-05-06T16:25:01.863Z","level":"WARN","module":"ExcelService","message":"Error upserting product","data":{"product_id":"B09LQQYNZQ","error":"Product.upsert is not a function"}}
{"timestamp":"2026-05-06T16:25:01.864Z","level":"WARN","module":"ExcelService","message":"Error upserting product","data":{"product_id":"B0BC9BW512","error":"Product.upsert is not a function"}}
{"timestamp":"2026-05-06T16:25:01.864Z","level":"WARN","module":"ExcelService","message":"Error upserting product","data":{"product_id":"B0B61HYR92","error":"Product.upsert is not a function"}}
{"timestamp":"2026-05-06T16:25:01.865Z","level":"WARN","module":"ExcelService","message":"Error upserting product","data":{"product_id":"B075ZTJ9XR","error":"Product.upsert is not a function"}}
{"timestamp":"2026-05-06T16:25:01.865Z","level":"WARN","module":"ExcelService","message":"Error upserting product","data":{"product_id":"B0978V2CP6","error":"Product.upsert is not a function"}}
{"timestamp":"2026-05-06T16:25:01.866Z","level":"WARN","module":"ExcelService","message":"Error upserting product","data":{"product_id":"B09LRZYBH1","error":"Product.upsert is not a function"}}
{"timestamp":"2026-05-06T16:25:01.867Z","level":"WARN","module":"ExcelService","message":"Error upserting product","data":{"product_id":"B0B997FBZT","error":"Product.upsert is not a function"}}
{"timestamp":"2026-05-06T16:25:01.867Z","level":"WARN","module":"ExcelService","message":"Error upserting product","data":{"product_id":"B098LCVYPW","error":"Product.upsert is not a function"}}
{"timestamp":"2026-05-06T16:25:01.868Z","level":"WARN","module":"ExcelService","message":"Error upserting product","data":{"product_id":"B09HV71RL1","error":"Product.upsert is not a function"}}
{"timestamp":"2026-05-06T16:25:01.869Z","level":"WARN","module":"ExcelService","message":"Error upserting product","data":{"product_id":"B08PZ6HZLT","error":"Product.upsert is not a function"}}
{"timestamp":"2026-05-06T16:25:01.869Z","level":"WARN","module":"ExcelService","message":"Error upserting product","data":{"product_id":"B075TJHWVC","error":"Product.upsert is not a function"}}
{"timestamp":"2026-05-06T16:25:01.870Z","level":"WARN","module":"ExcelService","message":"Error upserting product","data":{"product_id":"B09LV13JFB","error":"Product.upsert is not a function"}}
{"timestamp":"2026-05-06T16:25:01.870Z","level":"WARN","module":"ExcelService","message":"Error upserting product","data":{"product_id":"B092BL5DCX","error":"Product.upsert is not a function"}}
{"timestamp":"2026-05-06T16:25:01.871Z","level":"WARN","module":"ExcelService","message":"Error upserting product","data":{"product_id":"B09VH568H7","error":"Product.upsert is not a function"}}
{"timestamp":"2026-05-06T16:25:01.872Z","level":"WARN","module":"ExcelService","message":"Error upserting product","data":{"product_id":"B09HQSV46W","error":"Product.upsert is not a function"}}
{"timestamp":"2026-05-06T16:25:01.872Z","level":"WARN","module":"ExcelService","message":"Error upserting product","data":{"product_id":"B08TZD7FQN","error":"Product.upsert is not a function"}}
{"timestamp":"2026-05-06T16:25:01.874Z","level":"WARN","module":"ExcelService","message":"Error upserting product","data":{"product_id":"B0B21XL94T","error":"Product.upsert is not a function"}}
{"timestamp":"2026-05-06T16:25:01.875Z","level":"WARN","module":"ExcelService","message":"Error upserting product","data":{"product_id":"B09PTT8DZF","error":"Product.upsert is not a function"}}
{"timestamp":"2026-05-06T16:25:01.877Z","level":"WARN","module":"ExcelService","message":"Error upserting product","data":{"product_id":"B0B94JPY2N","error":"Product.upsert is not a function"}}
{"timestamp":"2026-05-06T16:25:01.878Z","level":"WARN","module":"ExcelService","message":"Error upserting product","data":{"product_id":"B0B3XXSB1K","error":"Product.upsert is not a function"}}
{"timestamp":"2026-05-06T16:25:01.880Z","level":"WARN","module":"ExcelService","message":"Error upserting product","data":{"product_id":"B08RZ12GKR","error":"Product.upsert is not a function"}}
{"timestamp":"2026-05-06T16:25:01.881Z","level":"WARN","module":"ExcelService","message":"Error upserting product","data":{"product_id":"B0B4T8RSJ1","error":"Product.upsert is not a function"}}
{"timestamp":"2026-05-06T16:25:01.882Z","level":"WARN","module":"ExcelService","message":"Error upserting product","data":{"product_id":"B0B7B9V9QP","error":"Product.upsert is not a function"}}
{"timestamp":"2026-05-06T16:25:01.883Z","level":"WARN","module":"ExcelService","message":"Error upserting product","data":{"product_id":"B08XXVXP3J","error":"Product.upsert is not a function"}}
{"timestamp":"2026-05-06T16:25:01.883Z","level":"WARN","module":"ExcelService","message":"Error upserting product","data":{"product_id":"B06XGWRKYT","error":"Product.upsert is not a function"}}
{"timestamp":"2026-05-06T16:25:01.884Z","level":"WARN","module":"ExcelService","message":"Error upserting product","data":{"product_id":"B07CWDX49D","error":"Product.upsert is not a function"}}
{"timestamp":"2026-05-06T16:25:01.885Z","level":"WARN","module":"ExcelService","message":"Error upserting product","data":{"product_id":"B09TY4MSH3","error":"Product.upsert is not a function"}}
{"timestamp":"2026-05-06T16:25:01.885Z","level":"WARN","module":"ExcelService","message":"Error upserting product","data":{"product_id":"B07RY2X9MP","error":"Product.upsert is not a function"}}
{"timestamp":"2026-05-06T16:25:01.886Z","level":"WARN","module":"ExcelService","message":"Error upserting product","data":{"product_id":"B0B2C5MJN6","error":"Product.upsert is not a function"}}
{"timestamp":"2026-05-06T16:25:01.887Z","level":"WARN","module":"ExcelService","message":"Error upserting product","data":{"product_id":"B0BBMGLQDW","error":"Product.upsert is not a function"}}
{"timestamp":"2026-05-06T16:25:01.888Z","level":"WARN","module":"ExcelService","message":"Error upserting product","data":{"product_id":"B01LONQBDG","error":"Product.upsert is not a function"}}
{"timestamp":"2026-05-06T16:25:01.888Z","level":"WARN","module":"ExcelService","message":"Error upserting product","data":{"product_id":"B08XXF5V6G","error":"Product.upsert is not a function"}}
{"timestamp":"2026-05-06T16:25:01.890Z","level":"WARN","module":"ExcelService","message":"Error upserting product","data":{"product_id":"B09HK9JH4F","error":"Product.upsert is not a function"}}
{"timestamp":"2026-05-06T16:25:01.891Z","level":"WARN","module":"ExcelService","message":"Error upserting product","data":{"product_id":"B09MMD1FDN","error":"Product.upsert is not a function"}}
{"timestamp":"2026-05-06T16:25:01.892Z","level":"WARN","module":"ExcelService","message":"Error upserting product","data":{"product_id":"B09HN7LD5L","error":"Product.upsert is not a function"}}
{"timestamp":"2026-05-06T16:25:01.893Z","level":"WARN","module":"ExcelService","message":"Error upserting product","data":{"product_id":"B0BNDD9TN6","error":"Product.upsert is not a function"}}
{"timestamp":"2026-05-06T16:25:01.893Z","level":"WARN","module":"ExcelService","message":"Error upserting product","data":{"product_id":"B0941392C8","error":"Product.upsert is not a function"}}
{"timestamp":"2026-05-06T16:25:01.894Z","level":"WARN","module":"ExcelService","message":"Error upserting product","data":{"product_id":"B01M5967SY","error":"Product.upsert is not a function"}}
{"timestamp":"2026-05-06T16:25:01.894Z","level":"WARN","module":"ExcelService","message":"Error upserting product","data":{"product_id":"B016MDK4F4","error":"Product.upsert is not a function"}}
{"timestamp":"2026-05-06T16:25:01.895Z","level":"WARN","module":"ExcelService","message":"Error upserting product","data":{"product_id":"B08G43CCLC","error":"Product.upsert is not a function"}}
{"timestamp":"2026-05-06T16:25:01.896Z","level":"WARN","module":"ExcelService","message":"Error upserting product","data":{"product_id":"B0B61GCHC1","error":"Product.upsert is not a function"}}
{"timestamp":"2026-05-06T16:25:01.897Z","level":"WARN","module":"ExcelService","message":"Error upserting product","data":{"product_id":"B07RX14W1Q","error":"Product.upsert is not a function"}}
{"timestamp":"2026-05-06T16:25:01.897Z","level":"WARN","module":"ExcelService","message":"Error upserting product","data":{"product_id":"B09PLD9TCD","error":"Product.upsert is not a function"}}
{"timestamp":"2026-05-06T16:25:01.898Z","level":"WARN","module":"ExcelService","message":"Error upserting product","data":{"product_id":"B0B8ZKWGKD","error":"Product.upsert is not a function"}}
{"timestamp":"2026-05-06T16:25:01.899Z","level":"WARN","module":"ExcelService","message":"Error upserting product","data":{"product_id":"B09NNJ9WYM","error":"Product.upsert is not a function"}}
{"timestamp":"2026-05-06T16:25:01.900Z","level":"WARN","module":"ExcelService","message":"Error upserting product","data":{"product_id":"B08H5L8V1L","error":"Product.upsert is not a function"}}
{"timestamp":"2026-05-06T16:25:01.900Z","level":"WARN","module":"ExcelService","message":"Error upserting product","data":{"product_id":"B0B8CXTTG3","error":"Product.upsert is not a function"}}
{"timestamp":"2026-05-06T16:25:01.901Z","level":"WARN","module":"ExcelService","message":"Error upserting product","data":{"product_id":"B09HCH3JZG","error":"Product.upsert is not a function"}}
{"timestamp":"2026-05-06T16:25:01.902Z","level":"WARN","module":"ExcelService","message":"Error upserting product","data":{"product_id":"B097JVLW3L","error":"Product.upsert is not a function"}}
{"timestamp":"2026-05-06T16:25:01.903Z","level":"WARN","module":"ExcelService","message":"Error upserting product","data":{"product_id":"B09SB6SJB4","error":"Product.upsert is not a function"}}
{"timestamp":"2026-05-06T16:25:01.904Z","level":"WARN","module":"ExcelService","message":"Error upserting product","data":{"product_id":"B08NW8GHCJ","error":"Product.upsert is not a function"}}
{"timestamp":"2026-05-06T16:25:01.904Z","level":"WARN","module":"ExcelService","message":"Error upserting product","data":{"product_id":"B09YHLPQYT","error":"Product.upsert is not a function"}}
{"timestamp":"2026-05-06T16:25:01.905Z","level":"WARN","module":"ExcelService","message":"Error upserting product","data":{"product_id":"B08G1RW2Q3","error":"Product.upsert is not a function"}}
{"timestamp":"2026-05-06T16:25:01.906Z","level":"WARN","module":"ExcelService","message":"Error upserting product","data":{"product_id":"B08YXJJW8H","error":"Product.upsert is not a function"}}
{"timestamp":"2026-05-06T16:25:01.907Z","level":"WARN","module":"ExcelService","message":"Error upserting product","data":{"product_id":"B09P8M18QM","error":"Product.upsert is not a function"}}
{"timestamp":"2026-05-06T16:25:01.908Z","level":"WARN","module":"ExcelService","message":"Error upserting product","data":{"product_id":"B08BG4M4N7","error":"Product.upsert is not a function"}}
{"timestamp":"2026-05-06T16:25:01.909Z","level":"WARN","module":"ExcelService","message":"Error upserting product","data":{"product_id":"B07VJ9ZTXS","error":"Product.upsert is not a function"}}
{"timestamp":"2026-05-06T16:25:01.911Z","level":"WARN","module":"ExcelService","message":"Error upserting product","data":{"product_id":"B084872DQY","error":"Product.upsert is not a function"}}
{"timestamp":"2026-05-06T16:25:01.912Z","level":"WARN","module":"ExcelService","message":"Error upserting product","data":{"product_id":"B00GGGOYEU","error":"Product.upsert is not a function"}}
{"timestamp":"2026-05-06T16:25:01.913Z","level":"WARN","module":"ExcelService","message":"Error upserting product","data":{"product_id":"B08FD2VSD9","error":"Product.upsert is not a function"}}
{"timestamp":"2026-05-06T16:25:01.914Z","level":"WARN","module":"ExcelService","message":"Error upserting product","data":{"product_id":"B0BQRJ3C47","error":"Product.upsert is not a function"}}
{"timestamp":"2026-05-06T16:25:01.915Z","level":"WARN","module":"ExcelService","message":"Error upserting product","data":{"product_id":"B095JPKPH3","error":"Product.upsert is not a function"}}
{"timestamp":"2026-05-06T16:25:01.916Z","level":"WARN","module":"ExcelService","message":"Error upserting product","data":{"product_id":"B087JWLZ2K","error":"Product.upsert is not a function"}}
{"timestamp":"2026-05-06T16:25:01.917Z","level":"WARN","module":"ExcelService","message":"Error upserting product","data":{"product_id":"B09DSXK8JX","error":"Product.upsert is not a function"}}
{"timestamp":"2026-05-06T16:25:01.918Z","level":"WARN","module":"ExcelService","message":"Error upserting product","data":{"product_id":"B08V9C4B1J","error":"Product.upsert is not a function"}}
{"timestamp":"2026-05-06T16:25:01.919Z","level":"WARN","module":"ExcelService","message":"Error upserting product","data":{"product_id":"B08PKBMJKS","error":"Product.upsert is not a function"}}
{"timestamp":"2026-05-06T16:25:01.919Z","level":"WARN","module":"ExcelService","message":"Error upserting product","data":{"product_id":"B0B8VQ7KDS","error":"Product.upsert is not a function"}}
{"timestamp":"2026-05-06T16:25:01.920Z","level":"WARN","module":"ExcelService","message":"Error upserting product","data":{"product_id":"B086JTMRYL","error":"Product.upsert is not a function"}}
{"timestamp":"2026-05-06T16:25:01.921Z","level":"WARN","module":"ExcelService","message":"Error upserting product","data":{"product_id":"B09RWQ7YR6","error":"Product.upsert is not a function"}}
{"timestamp":"2026-05-06T16:25:01.922Z","level":"WARN","module":"ExcelService","message":"Error upserting product","data":{"product_id":"B00OFM6PEO","error":"Product.upsert is not a function"}}
{"timestamp":"2026-05-06T16:25:01.923Z","level":"WARN","module":"ExcelService","message":"Error upserting product","data":{"product_id":"B0BF57RN3K","error":"Product.upsert is not a function"}}
{"timestamp":"2026-05-06T16:25:01.924Z","level":"WARN","module":"ExcelService","message":"Error upserting product","data":{"product_id":"B0B3RRWSF6","error":"Product.upsert is not a function"}}
{"timestamp":"2026-05-06T16:25:01.925Z","level":"WARN","module":"ExcelService","message":"Error upserting product","data":{"product_id":"B0B5B6PQCT","error":"Product.upsert is not a function"}}
{"timestamp":"2026-05-06T16:25:01.926Z","level":"WARN","module":"ExcelService","message":"Error upserting product","data":{"product_id":"B08HV83HL3","error":"Product.upsert is not a function"}}
{"timestamp":"2026-05-06T16:25:01.927Z","level":"WARN","module":"ExcelService","message":"Error upserting product","data":{"product_id":"B0BBN4DZBD","error":"Product.upsert is not a function"}}
{"timestamp":"2026-05-06T16:25:01.928Z","level":"WARN","module":"ExcelService","message":"Error upserting product","data":{"product_id":"B0B3CPQ5PF","error":"Product.upsert is not a function"}}
{"timestamp":"2026-05-06T16:25:01.929Z","level":"WARN","module":"ExcelService","message":"Error upserting product","data":{"product_id":"B0B3CQBRB4","error":"Product.upsert is not a function"}}
{"timestamp":"2026-05-06T16:25:01.930Z","level":"WARN","module":"ExcelService","message":"Error upserting product","data":{"product_id":"B0BBN56J5H","error":"Product.upsert is not a function"}}
{"timestamp":"2026-05-06T16:25:01.930Z","level":"WARN","module":"ExcelService","message":"Error upserting product","data":{"product_id":"B0BBN3WF7V","error":"Product.upsert is not a function"}}
{"timestamp":"2026-05-06T16:25:01.931Z","level":"WARN","module":"ExcelService","message":"Error upserting product","data":{"product_id":"B0BDRVFDKP","error":"Product.upsert is not a function"}}
{"timestamp":"2026-05-06T16:25:01.932Z","level":"WARN","module":"ExcelService","message":"Error upserting product","data":{"product_id":"B0B5LVS732","error":"Product.upsert is not a function"}}
{"timestamp":"2026-05-06T16:25:01.932Z","level":"WARN","module":"ExcelService","message":"Error upserting product","data":{"product_id":"B09V2Q4QVQ","error":"Product.upsert is not a function"}}
{"timestamp":"2026-05-06T16:25:01.933Z","level":"WARN","module":"ExcelService","message":"Error upserting product","data":{"product_id":"B09V12K8NT","error":"Product.upsert is not a function"}}
{"timestamp":"2026-05-06T16:25:01.934Z","level":"WARN","module":"ExcelService","message":"Error upserting product","data":{"product_id":"B01DEWVZ2C","error":"Product.upsert is not a function"}}
{"timestamp":"2026-05-06T16:25:01.935Z","level":"WARN","module":"ExcelService","message":"Error upserting product","data":{"product_id":"B0BMGB3CH9","error":"Product.upsert is not a function"}}
{"timestamp":"2026-05-06T16:25:01.936Z","level":"WARN","module":"ExcelService","message":"Error upserting product","data":{"product_id":"B08D77XZX5","error":"Product.upsert is not a function"}}
{"timestamp":"2026-05-06T16:25:01.937Z","level":"WARN","module":"ExcelService","message":"Error upserting product","data":{"product_id":"B09XB8GFBQ","error":"Product.upsert is not a function"}}
{"timestamp":"2026-05-06T16:25:01.937Z","level":"WARN","module":"ExcelService","message":"Error upserting product","data":{"product_id":"B07WG8PDCW","error":"Product.upsert is not a function"}}
{"timestamp":"2026-05-06T16:25:01.938Z","level":"WARN","module":"ExcelService","message":"Error upserting product","data":{"product_id":"B07GPXXNNG","error":"Product.upsert is not a function"}}
{"timestamp":"2026-05-06T16:25:01.939Z","level":"WARN","module":"ExcelService","message":"Error upserting product","data":{"product_id":"B0BDYVC5TD","error":"Product.upsert is not a function"}}
{"timestamp":"2026-05-06T16:25:01.940Z","level":"WARN","module":"ExcelService","message":"Error upserting product","data":{"product_id":"B0BMGB2TPR","error":"Product.upsert is not a function"}}
{"timestamp":"2026-05-06T16:25:01.941Z","level":"WARN","module":"ExcelService","message":"Error upserting product","data":{"product_id":"B08MC57J31","error":"Product.upsert is not a function"}}
{"timestamp":"2026-05-06T16:25:01.942Z","level":"WARN","module":"ExcelService","message":"Error upserting product","data":{"product_id":"B08HVL8QN3","error":"Product.upsert is not a function"}}
{"timestamp":"2026-05-06T16:25:01.943Z","level":"WARN","module":"ExcelService","message":"Error upserting product","data":{"product_id":"B0746JGVDS","error":"Product.upsert is not a function"}}
{"timestamp":"2026-05-06T16:25:01.944Z","level":"WARN","module":"ExcelService","message":"Error upserting product","data":{"product_id":"B08VFF6JQ8","error":"Product.upsert is not a function"}}
{"timestamp":"2026-05-06T16:25:01.945Z","level":"WARN","module":"ExcelService","message":"Error upserting product","data":{"product_id":"B09NVPSCQT","error":"Product.upsert is not a function"}}
{"timestamp":"2026-05-06T16:25:01.945Z","level":"WARN","module":"ExcelService","message":"Error upserting product","data":{"product_id":"B09YV4RG4D","error":"Product.upsert is not a function"}}
{"timestamp":"2026-05-06T16:25:01.946Z","level":"WARN","module":"ExcelService","message":"Error upserting product","data":{"product_id":"B09TWHTBKQ","error":"Product.upsert is not a function"}}
{"timestamp":"2026-05-06T16:25:01.946Z","level":"WARN","module":"ExcelService","message":"Error upserting product","data":{"product_id":"B08L5HMJVW","error":"Product.upsert is not a function"}}
{"timestamp":"2026-05-06T16:25:01.947Z","level":"WARN","module":"ExcelService","message":"Error upserting product","data":{"product_id":"B0B4F2XCK3","error":"Product.upsert is not a function"}}
{"timestamp":"2026-05-06T16:25:01.948Z","level":"WARN","module":"ExcelService","message":"Error upserting product","data":{"product_id":"B0BF54972T","error":"Product.upsert is not a function"}}
{"timestamp":"2026-05-06T16:25:01.949Z","level":"WARN","module":"ExcelService","message":"Error upserting product","data":{"product_id":"B09YV4MW2T","error":"Product.upsert is not a function"}}
{"timestamp":"2026-05-06T16:25:01.949Z","level":"WARN","module":"ExcelService","message":"Error upserting product","data":{"product_id":"B09TWH8YHM","error":"Product.upsert is not a function"}}
{"timestamp":"2026-05-06T16:25:01.950Z","level":"WARN","module":"ExcelService","message":"Error upserting product","data":{"product_id":"B07WGMMQGP","error":"Product.upsert is not a function"}}
{"timestamp":"2026-05-06T16:25:01.951Z","level":"WARN","module":"ExcelService","message":"Error upserting product","data":{"product_id":"B0BF563HB4","error":"Product.upsert is not a function"}}
{"timestamp":"2026-05-06T16:25:01.952Z","level":"WARN","module":"ExcelService","message":"Error upserting product","data":{"product_id":"B07JW9H4J1","error":"Product.upsert is not a function"}}
{"timestamp":"2026-05-06T16:25:01.953Z","level":"WARN","module":"ExcelService","message":"Error upserting product","data":{"product_id":"B09GFPVD9Y","error":"Product.upsert is not a function"}}
{"timestamp":"2026-05-06T16:25:01.954Z","level":"WARN","module":"ExcelService","message":"Error upserting product","data":{"product_id":"B09GFLXVH9","error":"Product.upsert is not a function"}}
{"timestamp":"2026-05-06T16:25:01.955Z","level":"WARN","module":"ExcelService","message":"Error upserting product","data":{"product_id":"B0BF4YBLPX","error":"Product.upsert is not a function"}}
{"timestamp":"2026-05-06T16:25:01.956Z","level":"WARN","module":"ExcelService","message":"Error upserting product","data":{"product_id":"B09XB7DPW1","error":"Product.upsert is not a function"}}
{"timestamp":"2026-05-06T16:25:01.957Z","level":"WARN","module":"ExcelService","message":"Error upserting product","data":{"product_id":"B07PFJ5W31","error":"Product.upsert is not a function"}}
{"timestamp":"2026-05-06T16:25:01.959Z","level":"WARN","module":"ExcelService","message":"Error upserting product","data":{"product_id":"B0B3N7LR6K","error":"Product.upsert is not a function"}}
{"timestamp":"2026-05-06T16:25:01.959Z","level":"WARN","module":"ExcelService","message":"Error upserting product","data":{"product_id":"B09ZQK9X8G","error":"Product.upsert is not a function"}}
{"timestamp":"2026-05-06T16:25:01.960Z","level":"WARN","module":"ExcelService","message":"Error upserting product","data":{"product_id":"B098NS6PVG","error":"Product.upsert is not a function"}}
{"timestamp":"2026-05-06T16:25:01.961Z","level":"WARN","module":"ExcelService","message":"Error upserting product","data":{"product_id":"B07WJV6P1R","error":"Product.upsert is not a function"}}
{"timestamp":"2026-05-06T16:25:01.962Z","level":"WARN","module":"ExcelService","message":"Error upserting product","data":{"product_id":"B096MSW6CT","error":"Product.upsert is not a function"}}
{"timestamp":"2026-05-06T16:25:01.963Z","level":"WARN","module":"ExcelService","message":"Error upserting product","data":{"product_id":"B0BF54LXW6","error":"Product.upsert is not a function"}}
{"timestamp":"2026-05-06T16:25:01.964Z","level":"WARN","module":"ExcelService","message":"Error upserting product","data":{"product_id":"B09XB7SRQ5","error":"Product.upsert is not a function"}}
{"timestamp":"2026-05-06T16:25:01.965Z","level":"WARN","module":"ExcelService","message":"Error upserting product","data":{"product_id":"B09FFK1PQG","error":"Product.upsert is not a function"}}
{"timestamp":"2026-05-06T16:25:01.966Z","level":"WARN","module":"ExcelService","message":"Error upserting product","data":{"product_id":"B09RMQYHLH","error":"Product.upsert is not a function"}}
{"timestamp":"2026-05-06T16:25:01.967Z","level":"WARN","module":"ExcelService","message":"Error upserting product","data":{"product_id":"B08ZN4B121","error":"Product.upsert is not a function"}}
{"timestamp":"2026-05-06T16:25:01.968Z","level":"WARN","module":"ExcelService","message":"Error upserting product","data":{"product_id":"B0B3RSDSZ3","error":"Product.upsert is not a function"}}
{"timestamp":"2026-05-06T16:25:01.968Z","level":"WARN","module":"ExcelService","message":"Error upserting product","data":{"product_id":"B08VB34KJ1","error":"Product.upsert is not a function"}}
{"timestamp":"2026-05-06T16:25:01.969Z","level":"WARN","module":"ExcelService","message":"Error upserting product","data":{"product_id":"B09T39K9YL","error":"Product.upsert is not a function"}}
{"timestamp":"2026-05-06T16:25:01.970Z","level":"WARN","module":"ExcelService","message":"Error upserting product","data":{"product_id":"B08VF8V79P","error":"Product.upsert is not a function"}}
{"timestamp":"2026-05-06T16:25:01.970Z","level":"WARN","module":"ExcelService","message":"Error upserting product","data":{"product_id":"B08G28Z33M","error":"Product.upsert is not a function"}}
{"timestamp":"2026-05-06T16:25:01.971Z","level":"WARN","module":"ExcelService","message":"Error upserting product","data":{"product_id":"B09PNKXSKF","error":"Product.upsert is not a function"}}
{"timestamp":"2026-05-06T16:25:01.971Z","level":"WARN","module":"ExcelService","message":"Error upserting product","data":{"product_id":"B0B5DDJNH4","error":"Product.upsert is not a function"}}
{"timestamp":"2026-05-06T16:25:01.972Z","level":"WARN","module":"ExcelService","message":"Error upserting product","data":{"product_id":"B08HDJ86NZ","error":"Product.upsert is not a function"}}
{"timestamp":"2026-05-06T16:25:01.974Z","level":"WARN","module":"ExcelService","message":"Error upserting product","data":{"product_id":"B08CF3B7N1","error":"Product.upsert is not a function"}}
{"timestamp":"2026-05-06T16:25:01.976Z","level":"WARN","module":"ExcelService","message":"Error upserting product","data":{"product_id":"B07WDKLDRX","error":"Product.upsert is not a function"}}
{"timestamp":"2026-05-06T16:25:01.976Z","level":"WARN","module":"ExcelService","message":"Error upserting product","data":{"product_id":"B09MQSCJQ1","error":"Product.upsert is not a function"}}
{"timestamp":"2026-05-06T16:25:01.978Z","level":"WARN","module":"ExcelService","message":"Error upserting product","data":{"product_id":"B094YFFSMY","error":"Product.upsert is not a function"}}
{"timestamp":"2026-05-06T16:25:01.978Z","level":"WARN","module":"ExcelService","message":"Error upserting product","data":{"product_id":"B09MT84WV5","error":"Product.upsert is not a function"}}
{"timestamp":"2026-05-06T16:25:01.980Z","level":"WARN","module":"ExcelService","message":"Error upserting product","data":{"product_id":"B08VS3YLRK","error":"Product.upsert is not a function"}}
{"timestamp":"2026-05-06T16:25:01.980Z","level":"WARN","module":"ExcelService","message":"Error upserting product","data":{"product_id":"B0B4F3QNDM","error":"Product.upsert is not a function"}}
{"timestamp":"2026-05-06T16:25:01.981Z","level":"WARN","module":"ExcelService","message":"Error upserting product","data":{"product_id":"B07GQD4K6L","error":"Product.upsert is not a function"}}
{"timestamp":"2026-05-06T16:25:01.981Z","level":"WARN","module":"ExcelService","message":"Error upserting product","data":{"product_id":"B07WDKLRM4","error":"Product.upsert is not a function"}}
{"timestamp":"2026-05-06T16:25:01.982Z","level":"WARN","module":"ExcelService","message":"Error upserting product","data":{"product_id":"B0BP18W8TM","error":"Product.upsert is not a function"}}
{"timestamp":"2026-05-06T16:25:01.982Z","level":"WARN","module":"ExcelService","message":"Error upserting product","data":{"product_id":"B08Y1TFSP6","error":"Product.upsert is not a function"}}
{"timestamp":"2026-05-06T16:25:01.983Z","level":"WARN","module":"ExcelService","message":"Error upserting product","data":{"product_id":"B07GXHC691","error":"Product.upsert is not a function"}}
{"timestamp":"2026-05-06T16:25:01.983Z","level":"WARN","module":"ExcelService","message":"Error upserting product","data":{"product_id":"B08FN6WGDQ","error":"Product.upsert is not a function"}}
{"timestamp":"2026-05-06T16:25:01.984Z","level":"WARN","module":"ExcelService","message":"Error upserting product","data":{"product_id":"B0B3D39RKV","error":"Product.upsert is not a function"}}
{"timestamp":"2026-05-06T16:25:01.985Z","level":"WARN","module":"ExcelService","message":"Error upserting product","data":{"product_id":"B085HY1DGR","error":"Product.upsert is not a function"}}
{"timestamp":"2026-05-06T16:25:01.986Z","level":"WARN","module":"ExcelService","message":"Error upserting product","data":{"product_id":"B08D75R3Z1","error":"Product.upsert is not a function"}}
{"timestamp":"2026-05-06T16:25:01.987Z","level":"WARN","module":"ExcelService","message":"Error upserting product","data":{"product_id":"B0B4F2TTTS","error":"Product.upsert is not a function"}}
{"timestamp":"2026-05-06T16:25:01.987Z","level":"WARN","module":"ExcelService","message":"Error upserting product","data":{"product_id":"B09WRMNJ9G","error":"Product.upsert is not a function"}}
{"timestamp":"2026-05-06T16:25:01.988Z","level":"WARN","module":"ExcelService","message":"Error upserting product","data":{"product_id":"B0B14MR9L1","error":"Product.upsert is not a function"}}
{"timestamp":"2026-05-06T16:25:01.989Z","level":"WARN","module":"ExcelService","message":"Error upserting product","data":{"product_id":"B09ZPL5VYM","error":"Product.upsert is not a function"}}
{"timestamp":"2026-05-06T16:25:01.990Z","level":"WARN","module":"ExcelService","message":"Error upserting product","data":{"product_id":"B0993BB11X","error":"Product.upsert is not a function"}}
{"timestamp":"2026-05-06T16:25:01.991Z","level":"WARN","module":"ExcelService","message":"Error upserting product","data":{"product_id":"B09V2PZDX8","error":"Product.upsert is not a function"}}
{"timestamp":"2026-05-06T16:25:01.992Z","level":"WARN","module":"ExcelService","message":"Error upserting product","data":{"product_id":"B085W8CFLH","error":"Product.upsert is not a function"}}
{"timestamp":"2026-05-06T16:25:01.993Z","level":"WARN","module":"ExcelService","message":"Error upserting product","data":{"product_id":"B09MT6XSFW","error":"Product.upsert is not a function"}}
{"timestamp":"2026-05-06T16:25:01.994Z","level":"WARN","module":"ExcelService","message":"Error upserting product","data":{"product_id":"B07RD611Z8","error":"Product.upsert is not a function"}}
{"timestamp":"2026-05-06T16:25:01.995Z","level":"WARN","module":"ExcelService","message":"Error upserting product","data":{"product_id":"B08WRWPM22","error":"Product.upsert is not a function"}}
{"timestamp":"2026-05-06T16:25:01.996Z","level":"WARN","module":"ExcelService","message":"Error upserting product","data":{"product_id":"B0B4F52B5X","error":"Product.upsert is not a function"}}
{"timestamp":"2026-05-06T16:25:01.997Z","level":"WARN","module":"ExcelService","message":"Error upserting product","data":{"product_id":"B096VF5YYF","error":"Product.upsert is not a function"}}
{"timestamp":"2026-05-06T16:25:01.997Z","level":"WARN","module":"ExcelService","message":"Error upserting product","data":{"product_id":"B0B5D39BCD","error":"Product.upsert is not a function"}}
{"timestamp":"2026-05-06T16:25:01.998Z","level":"WARN","module":"ExcelService","message":"Error upserting product","data":{"product_id":"B08DDRGWTJ","error":"Product.upsert is not a function"}}
{"timestamp":"2026-05-06T16:25:01.999Z","level":"WARN","module":"ExcelService","message":"Error upserting product","data":{"product_id":"B082LZGK39","error":"Product.upsert is not a function"}}
{"timestamp":"2026-05-06T16:25:02.000Z","level":"WARN","module":"ExcelService","message":"Error upserting product","data":{"product_id":"B09XBJ1CTN","error":"Product.upsert is not a function"}}
{"timestamp":"2026-05-06T16:25:02.001Z","level":"WARN","module":"ExcelService","message":"Error upserting product","data":{"product_id":"B0B4F5L738","error":"Product.upsert is not a function"}}
{"timestamp":"2026-05-06T16:25:02.002Z","level":"WARN","module":"ExcelService","message":"Error upserting product","data":{"product_id":"B08MTCKDYN","error":"Product.upsert is not a function"}}
{"timestamp":"2026-05-06T16:25:02.003Z","level":"WARN","module":"ExcelService","message":"Error upserting product","data":{"product_id":"B09QS8V5N8","error":"Product.upsert is not a function"}}
{"timestamp":"2026-05-06T16:25:02.003Z","level":"WARN","module":"ExcelService","message":"Error upserting product","data":{"product_id":"B08CF3D7QR","error":"Product.upsert is not a function"}}
{"timestamp":"2026-05-06T16:25:02.004Z","level":"WARN","module":"ExcelService","message":"Error upserting product","data":{"product_id":"B09T2WRLJJ","error":"Product.upsert is not a function"}}
{"timestamp":"2026-05-06T16:25:02.005Z","level":"WARN","module":"ExcelService","message":"Error upserting product","data":{"product_id":"B089WB69Y1","error":"Product.upsert is not a function"}}
{"timestamp":"2026-05-06T16:25:02.006Z","level":"WARN","module":"ExcelService","message":"Error upserting product","data":{"product_id":"B0116MIKKC","error":"Product.upsert is not a function"}}
{"timestamp":"2026-05-06T16:25:02.008Z","level":"WARN","module":"ExcelService","message":"Error upserting product","data":{"product_id":"B09P858DK8","error":"Product.upsert is not a function"}}
{"timestamp":"2026-05-06T16:25:02.012Z","level":"WARN","module":"ExcelService","message":"Error upserting product","data":{"product_id":"B07DJLFMPS","error":"Product.upsert is not a function"}}
{"timestamp":"2026-05-06T16:25:02.013Z","level":"WARN","module":"ExcelService","message":"Error upserting product","data":{"product_id":"B07WHQWXL7","error":"Product.upsert is not a function"}}
{"timestamp":"2026-05-06T16:25:02.015Z","level":"WARN","module":"ExcelService","message":"Error upserting product","data":{"product_id":"B07WDK3ZS6","error":"Product.upsert is not a function"}}
{"timestamp":"2026-05-06T16:25:02.015Z","level":"WARN","module":"ExcelService","message":"Error upserting product","data":{"product_id":"B09T2S8X9C","error":"Product.upsert is not a function"}}
{"timestamp":"2026-05-06T16:25:02.016Z","level":"WARN","module":"ExcelService","message":"Error upserting product","data":{"product_id":"B07S9S86BF","error":"Product.upsert is not a function"}}
{"timestamp":"2026-05-06T16:25:02.017Z","level":"WARN","module":"ExcelService","message":"Error upserting product","data":{"product_id":"B07N8RQ6W7","error":"Product.upsert is not a function"}}
{"timestamp":"2026-05-06T16:25:02.017Z","level":"WARN","module":"ExcelService","message":"Error upserting product","data":{"product_id":"B09FKDH6FS","error":"Product.upsert is not a function"}}
{"timestamp":"2026-05-06T16:25:02.018Z","level":"WARN","module":"ExcelService","message":"Error upserting product","data":{"product_id":"B08HVJCW95","error":"Product.upsert is not a function"}}
{"timestamp":"2026-05-06T16:25:02.018Z","level":"WARN","module":"ExcelService","message":"Error upserting product","data":{"product_id":"B09YDFDVNS","error":"Product.upsert is not a function"}}
{"timestamp":"2026-05-06T16:25:02.019Z","level":"WARN","module":"ExcelService","message":"Error upserting product","data":{"product_id":"B07WGPKTS4","error":"Product.upsert is not a function"}}
{"timestamp":"2026-05-06T16:25:02.019Z","level":"WARN","module":"ExcelService","message":"Error upserting product","data":{"product_id":"B0789LZTCJ","error":"Product.upsert is not a function"}}
{"timestamp":"2026-05-06T16:25:02.020Z","level":"WARN","module":"ExcelService","message":"Error upserting product","data":{"product_id":"B09MZCQYHZ","error":"Product.upsert is not a function"}}
{"timestamp":"2026-05-06T16:25:02.021Z","level":"WARN","module":"ExcelService","message":"Error upserting product","data":{"product_id":"B0B4F2ZWL3","error":"Product.upsert is not a function"}}
{"timestamp":"2026-05-06T16:25:02.022Z","level":"WARN","module":"ExcelService","message":"Error upserting product","data":{"product_id":"B08VB2CMR3","error":"Product.upsert is not a function"}}
{"timestamp":"2026-05-06T16:25:02.023Z","level":"WARN","module":"ExcelService","message":"Error upserting product","data":{"product_id":"B095RTJH1M","error":"Product.upsert is not a function"}}
{"timestamp":"2026-05-06T16:25:02.025Z","level":"WARN","module":"ExcelService","message":"Error upserting product","data":{"product_id":"B097R25DP7","error":"Product.upsert is not a function"}}
{"timestamp":"2026-05-06T16:25:02.026Z","level":"WARN","module":"ExcelService","message":"Error upserting product","data":{"product_id":"B09YDFKJF8","error":"Product.upsert is not a function"}}
{"timestamp":"2026-05-06T16:25:02.027Z","level":"WARN","module":"ExcelService","message":"Error upserting product","data":{"product_id":"B07WDK3ZS2","error":"Product.upsert is not a function"}}
{"timestamp":"2026-05-06T16:25:02.028Z","level":"WARN","module":"ExcelService","message":"Error upserting product","data":{"product_id":"B08RZ5K9YH","error":"Product.upsert is not a function"}}
{"timestamp":"2026-05-06T16:25:02.028Z","level":"WARN","module":"ExcelService","message":"Error upserting product","data":{"product_id":"B08444S68L","error":"Product.upsert is not a function"}}
{"timestamp":"2026-05-06T16:25:02.029Z","level":"WARN","module":"ExcelService","message":"Error upserting product","data":{"product_id":"B07WHQBZLS","error":"Product.upsert is not a function"}}
{"timestamp":"2026-05-06T16:25:02.030Z","level":"WARN","module":"ExcelService","message":"Error upserting product","data":{"product_id":"B085DTN6R2","error":"Product.upsert is not a function"}}
{"timestamp":"2026-05-06T16:25:02.031Z","level":"WARN","module":"ExcelService","message":"Error upserting product","data":{"product_id":"B09JS562TP","error":"Product.upsert is not a function"}}
{"timestamp":"2026-05-06T16:25:02.032Z","level":"WARN","module":"ExcelService","message":"Error upserting product","data":{"product_id":"B09KLVMZ3B","error":"Product.upsert is not a function"}}
{"timestamp":"2026-05-06T16:25:02.032Z","level":"WARN","module":"ExcelService","message":"Error upserting product","data":{"product_id":"B09V17S2BG","error":"Product.upsert is not a function"}}
{"timestamp":"2026-05-06T16:25:02.033Z","level":"WARN","module":"ExcelService","message":"Error upserting product","data":{"product_id":"B0B5CGTBKV","error":"Product.upsert is not a function"}}
{"timestamp":"2026-05-06T16:25:02.034Z","level":"WARN","module":"ExcelService","message":"Error upserting product","data":{"product_id":"B0B23LW7NV","error":"Product.upsert is not a function"}}
{"timestamp":"2026-05-06T16:25:02.034Z","level":"WARN","module":"ExcelService","message":"Error upserting product","data":{"product_id":"B09KGV7WSV","error":"Product.upsert is not a function"}}
{"timestamp":"2026-05-06T16:25:02.036Z","level":"WARN","module":"ExcelService","message":"Error upserting product","data":{"product_id":"B0971DWFDT","error":"Product.upsert is not a function"}}
{"timestamp":"2026-05-06T16:25:02.037Z","level":"WARN","module":"ExcelService","message":"Error upserting product","data":{"product_id":"B0BNV7JM5Y","error":"Product.upsert is not a function"}}
{"timestamp":"2026-05-06T16:25:02.037Z","level":"WARN","module":"ExcelService","message":"Error upserting product","data":{"product_id":"B0B53QFZPY","error":"Product.upsert is not a function"}}
{"timestamp":"2026-05-06T16:25:02.038Z","level":"WARN","module":"ExcelService","message":"Error upserting product","data":{"product_id":"B083342NKJ","error":"Product.upsert is not a function"}}
{"timestamp":"2026-05-06T16:25:02.039Z","level":"WARN","module":"ExcelService","message":"Error upserting product","data":{"product_id":"B07WJWRNVK","error":"Product.upsert is not a function"}}
{"timestamp":"2026-05-06T16:25:02.040Z","level":"WARN","module":"ExcelService","message":"Error upserting product","data":{"product_id":"B01F25X6RQ","error":"Product.upsert is not a function"}}
{"timestamp":"2026-05-06T16:25:02.041Z","level":"WARN","module":"ExcelService","message":"Error upserting product","data":{"product_id":"B09C6HXFC1","error":"Product.upsert is not a function"}}
{"timestamp":"2026-05-06T16:25:02.043Z","level":"WARN","module":"ExcelService","message":"Error upserting product","data":{"product_id":"B0B244R4KB","error":"Product.upsert is not a function"}}
{"timestamp":"2026-05-06T16:25:02.043Z","level":"WARN","module":"ExcelService","message":"Error upserting product","data":{"product_id":"B0BMGG6NKT","error":"Product.upsert is not a function"}}
{"timestamp":"2026-05-06T16:25:02.044Z","level":"WARN","module":"ExcelService","message":"Error upserting product","data":{"product_id":"B082LSVT4B","error":"Product.upsert is not a function"}}
{"timestamp":"2026-05-06T16:25:02.045Z","level":"WARN","module":"ExcelService","message":"Error upserting product","data":{"product_id":"B092JHPL72","error":"Product.upsert is not a function"}}
{"timestamp":"2026-05-06T16:25:02.046Z","level":"WARN","module":"ExcelService","message":"Error upserting product","data":{"product_id":"B08WRBG3XW","error":"Product.upsert is not a function"}}
{"timestamp":"2026-05-06T16:25:02.047Z","level":"WARN","module":"ExcelService","message":"Error upserting product","data":{"product_id":"B09GFM8CGS","error":"Product.upsert is not a function"}}
{"timestamp":"2026-05-06T16:25:02.047Z","level":"WARN","module":"ExcelService","message":"Error upserting product","data":{"product_id":"B0B3MWYCHQ","error":"Product.upsert is not a function"}}
{"timestamp":"2026-05-06T16:25:02.048Z","level":"WARN","module":"ExcelService","message":"Error upserting product","data":{"product_id":"B09J2MM5C6","error":"Product.upsert is not a function"}}
{"timestamp":"2026-05-06T16:25:02.049Z","level":"WARN","module":"ExcelService","message":"Error upserting product","data":{"product_id":"B07Q4QV1DL","error":"Product.upsert is not a function"}}
{"timestamp":"2026-05-06T16:25:02.050Z","level":"WARN","module":"ExcelService","message":"Error upserting product","data":{"product_id":"B0B56YRBNT","error":"Product.upsert is not a function"}}
{"timestamp":"2026-05-06T16:25:02.051Z","level":"WARN","module":"ExcelService","message":"Error upserting product","data":{"product_id":"B09NHVCHS9","error":"Product.upsert is not a function"}}
{"timestamp":"2026-05-06T16:25:02.052Z","level":"WARN","module":"ExcelService","message":"Error upserting product","data":{"product_id":"B01DF26V7A","error":"Product.upsert is not a function"}}
{"timestamp":"2026-05-06T16:25:02.053Z","level":"WARN","module":"ExcelService","message":"Error upserting product","data":{"product_id":"B08K4PSZ3V","error":"Product.upsert is not a function"}}
{"timestamp":"2026-05-06T16:25:02.054Z","level":"WARN","module":"ExcelService","message":"Error upserting product","data":{"product_id":"B0B4F1YC3J","error":"Product.upsert is not a function"}}
{"timestamp":"2026-05-06T16:25:02.054Z","level":"WARN","module":"ExcelService","message":"Error upserting product","data":{"product_id":"B08K4RDQ71","error":"Product.upsert is not a function"}}
{"timestamp":"2026-05-06T16:25:02.056Z","level":"WARN","module":"ExcelService","message":"Error upserting product","data":{"product_id":"B085CZ3SR1","error":"Product.upsert is not a function"}}
{"timestamp":"2026-05-06T16:25:02.057Z","level":"WARN","module":"ExcelService","message":"Error upserting product","data":{"product_id":"B09YV3K34W","error":"Product.upsert is not a function"}}
{"timestamp":"2026-05-06T16:25:02.060Z","level":"WARN","module":"ExcelService","message":"Error upserting product","data":{"product_id":"B09Z6WH2N1","error":"Product.upsert is not a function"}}
{"timestamp":"2026-05-06T16:25:02.061Z","level":"WARN","module":"ExcelService","message":"Error upserting product","data":{"product_id":"B09NL4DJ2Z","error":"Product.upsert is not a function"}}
{"timestamp":"2026-05-06T16:25:02.062Z","level":"WARN","module":"ExcelService","message":"Error upserting product","data":{"product_id":"B0BGSV43WY","error":"Product.upsert is not a function"}}
{"timestamp":"2026-05-06T16:25:02.063Z","level":"WARN","module":"ExcelService","message":"Error upserting product","data":{"product_id":"B0926V9CTV","error":"Product.upsert is not a function"}}
{"timestamp":"2026-05-06T16:25:02.064Z","level":"WARN","module":"ExcelService","message":"Error upserting product","data":{"product_id":"B07WGPKMP5","error":"Product.upsert is not a function"}}
{"timestamp":"2026-05-06T16:25:02.064Z","level":"WARN","module":"ExcelService","message":"Error upserting product","data":{"product_id":"B0BBFJ9M3X","error":"Product.upsert is not a function"}}
{"timestamp":"2026-05-06T16:25:02.065Z","level":"WARN","module":"ExcelService","message":"Error upserting product","data":{"product_id":"B09PLFJ7ZW","error":"Product.upsert is not a function"}}
{"timestamp":"2026-05-06T16:25:02.065Z","level":"WARN","module":"ExcelService","message":"Error upserting product","data":{"product_id":"B0B53NXFFR","error":"Product.upsert is not a function"}}
{"timestamp":"2026-05-06T16:25:02.067Z","level":"WARN","module":"ExcelService","message":"Error upserting product","data":{"product_id":"B07GNC2592","error":"Product.upsert is not a function"}}
{"timestamp":"2026-05-06T16:25:02.068Z","level":"WARN","module":"ExcelService","message":"Error upserting product","data":{"product_id":"B09TP5KBN7","error":"Product.upsert is not a function"}}
{"timestamp":"2026-05-06T16:25:02.069Z","level":"WARN","module":"ExcelService","message":"Error upserting product","data":{"product_id":"B0949SBKMP","error":"Product.upsert is not a function"}}
{"timestamp":"2026-05-06T16:25:02.070Z","level":"WARN","module":"ExcelService","message":"Error upserting product","data":{"product_id":"B09V175NP7","error":"Product.upsert is not a function"}}
{"timestamp":"2026-05-06T16:25:02.071Z","level":"WARN","module":"ExcelService","message":"Error upserting product","data":{"product_id":"B07WHSJXLF","error":"Product.upsert is not a function"}}
{"timestamp":"2026-05-06T16:25:02.071Z","level":"WARN","module":"ExcelService","message":"Error upserting product","data":{"product_id":"B0BD3T6Z1D","error":"Product.upsert is not a function"}}
{"timestamp":"2026-05-06T16:25:02.072Z","level":"WARN","module":"ExcelService","message":"Error upserting product","data":{"product_id":"B09LHYZ3GJ","error":"Product.upsert is not a function"}}
{"timestamp":"2026-05-06T16:25:02.073Z","level":"WARN","module":"ExcelService","message":"Error upserting product","data":{"product_id":"B07WFPMGQQ","error":"Product.upsert is not a function"}}
{"timestamp":"2026-05-06T16:25:02.074Z","level":"WARN","module":"ExcelService","message":"Error upserting product","data":{"product_id":"B09QS9X9L8","error":"Product.upsert is not a function"}}
{"timestamp":"2026-05-06T16:25:02.076Z","level":"WARN","module":"ExcelService","message":"Error upserting product","data":{"product_id":"B0B6BLTGTT","error":"Product.upsert is not a function"}}
{"timestamp":"2026-05-06T16:25:02.076Z","level":"WARN","module":"ExcelService","message":"Error upserting product","data":{"product_id":"B077Z65HSD","error":"Product.upsert is not a function"}}
{"timestamp":"2026-05-06T16:25:02.077Z","level":"WARN","module":"ExcelService","message":"Error upserting product","data":{"product_id":"B09W5XR9RT","error":"Product.upsert is not a function"}}
{"timestamp":"2026-05-06T16:25:02.078Z","level":"WARN","module":"ExcelService","message":"Error upserting product","data":{"product_id":"B084DTMYWK","error":"Product.upsert is not a function"}}
{"timestamp":"2026-05-06T16:25:02.079Z","level":"WARN","module":"ExcelService","message":"Error upserting product","data":{"product_id":"B0B53QLB9H","error":"Product.upsert is not a function"}}
{"timestamp":"2026-05-06T16:25:02.080Z","level":"WARN","module":"ExcelService","message":"Error upserting product","data":{"product_id":"B0BDYW3RN3","error":"Product.upsert is not a function"}}
{"timestamp":"2026-05-06T16:25:02.080Z","level":"WARN","module":"ExcelService","message":"Error upserting product","data":{"product_id":"B0B3RS9DNF","error":"Product.upsert is not a function"}}
{"timestamp":"2026-05-06T16:25:02.081Z","level":"WARN","module":"ExcelService","message":"Error upserting product","data":{"product_id":"B09QS9X16F","error":"Product.upsert is not a function"}}
{"timestamp":"2026-05-06T16:25:02.082Z","level":"WARN","module":"ExcelService","message":"Error upserting product","data":{"product_id":"B08HV25BBQ","error":"Product.upsert is not a function"}}
{"timestamp":"2026-05-06T16:25:02.083Z","level":"WARN","module":"ExcelService","message":"Error upserting product","data":{"product_id":"B09LJ116B5","error":"Product.upsert is not a function"}}
{"timestamp":"2026-05-06T16:25:02.084Z","level":"WARN","module":"ExcelService","message":"Error upserting product","data":{"product_id":"B0BMVWKZ8G","error":"Product.upsert is not a function"}}
{"timestamp":"2026-05-06T16:25:02.086Z","level":"WARN","module":"ExcelService","message":"Error upserting product","data":{"product_id":"B0BD92GDQH","error":"Product.upsert is not a function"}}
{"timestamp":"2026-05-06T16:25:02.087Z","level":"WARN","module":"ExcelService","message":"Error upserting product","data":{"product_id":"B08Y1SJVV5","error":"Product.upsert is not a function"}}
{"timestamp":"2026-05-06T16:25:02.090Z","level":"WARN","module":"ExcelService","message":"Error upserting product","data":{"product_id":"B0B5GF6DQD","error":"Product.upsert is not a function"}}
{"timestamp":"2026-05-06T16:25:02.094Z","level":"WARN","module":"ExcelService","message":"Error upserting product","data":{"product_id":"B09JS94MBV","error":"Product.upsert is not a function"}}
{"timestamp":"2026-05-06T16:25:02.101Z","level":"WARN","module":"ExcelService","message":"Error upserting product","data":{"product_id":"B09YV463SW","error":"Product.upsert is not a function"}}
{"timestamp":"2026-05-06T16:25:02.103Z","level":"WARN","module":"ExcelService","message":"Error upserting product","data":{"product_id":"B07XLCFSSN","error":"Product.upsert is not a function"}}
{"timestamp":"2026-05-06T16:25:02.106Z","level":"WARN","module":"ExcelService","message":"Error upserting product","data":{"product_id":"B09NL4DCXK","error":"Product.upsert is not a function"}}
{"timestamp":"2026-05-06T16:25:02.109Z","level":"WARN","module":"ExcelService","message":"Error upserting product","data":{"product_id":"B0B8CHJLWJ","error":"Product.upsert is not a function"}}
{"timestamp":"2026-05-06T16:25:02.110Z","level":"WARN","module":"ExcelService","message":"Error upserting product","data":{"product_id":"B0B8ZWNR5T","error":"Product.upsert is not a function"}}
{"timestamp":"2026-05-06T16:25:02.111Z","level":"WARN","module":"ExcelService","message":"Error upserting product","data":{"product_id":"B0BBFJLP21","error":"Product.upsert is not a function"}}
{"timestamp":"2026-05-06T16:25:02.112Z","level":"WARN","module":"ExcelService","message":"Error upserting product","data":{"product_id":"B01F262EUU","error":"Product.upsert is not a function"}}
{"timestamp":"2026-05-06T16:25:02.113Z","level":"WARN","module":"ExcelService","message":"Error upserting product","data":{"product_id":"B09VZBGL1N","error":"Product.upsert is not a function"}}
{"timestamp":"2026-05-06T16:25:02.114Z","level":"WARN","module":"ExcelService","message":"Error upserting product","data":{"product_id":"B0BNVBJW2S","error":"Product.upsert is not a function"}}
{"timestamp":"2026-05-06T16:25:02.115Z","level":"WARN","module":"ExcelService","message":"Error upserting product","data":{"product_id":"B0B2DJ5RVQ","error":"Product.upsert is not a function"}}
{"timestamp":"2026-05-06T16:25:02.116Z","level":"WARN","module":"ExcelService","message":"Error upserting product","data":{"product_id":"B096TWZRJC","error":"Product.upsert is not a function"}}
{"timestamp":"2026-05-06T16:25:02.117Z","level":"WARN","module":"ExcelService","message":"Error upserting product","data":{"product_id":"B09GP6FBZT","error":"Product.upsert is not a function"}}
{"timestamp":"2026-05-06T16:25:02.118Z","level":"WARN","module":"ExcelService","message":"Error upserting product","data":{"product_id":"B0B3DV7S9B","error":"Product.upsert is not a function"}}
{"timestamp":"2026-05-06T16:25:02.119Z","level":"WARN","module":"ExcelService","message":"Error upserting product","data":{"product_id":"B09MKP344P","error":"Product.upsert is not a function"}}
{"timestamp":"2026-05-06T16:25:02.120Z","level":"WARN","module":"ExcelService","message":"Error upserting product","data":{"product_id":"B08JW1GVS7","error":"Product.upsert is not a function"}}
{"timestamp":"2026-05-06T16:25:02.121Z","level":"WARN","module":"ExcelService","message":"Error upserting product","data":{"product_id":"B09LHZSMRR","error":"Product.upsert is not a function"}}
{"timestamp":"2026-05-06T16:25:02.122Z","level":"WARN","module":"ExcelService","message":"Error upserting product","data":{"product_id":"B0B5V47VK4","error":"Product.upsert is not a function"}}
{"timestamp":"2026-05-06T16:25:02.123Z","level":"WARN","module":"ExcelService","message":"Error upserting product","data":{"product_id":"B08H21B6V7","error":"Product.upsert is not a function"}}
{"timestamp":"2026-05-06T16:25:02.125Z","level":"WARN","module":"ExcelService","message":"Error upserting product","data":{"product_id":"B09BNXQ6BR","error":"Product.upsert is not a function"}}
{"timestamp":"2026-05-06T16:25:02.125Z","level":"WARN","module":"ExcelService","message":"Error upserting product","data":{"product_id":"B01FSYQ2A4","error":"Product.upsert is not a function"}}
{"timestamp":"2026-05-06T16:25:02.126Z","level":"WARN","module":"ExcelService","message":"Error upserting product","data":{"product_id":"B08L5FM4JC","error":"Product.upsert is not a function"}}
{"timestamp":"2026-05-06T16:25:02.127Z","level":"WARN","module":"ExcelService","message":"Error upserting product","data":{"product_id":"B0B54Y2SNX","error":"Product.upsert is not a function"}}
{"timestamp":"2026-05-06T16:25:02.128Z","level":"WARN","module":"ExcelService","message":"Error upserting product","data":{"product_id":"B08BQ947H3","error":"Product.upsert is not a function"}}
{"timestamp":"2026-05-06T16:25:02.128Z","level":"WARN","module":"ExcelService","message":"Error upserting product","data":{"product_id":"B082T6V3DT","error":"Product.upsert is not a function"}}
{"timestamp":"2026-05-06T16:25:02.129Z","level":"WARN","module":"ExcelService","message":"Error upserting product","data":{"product_id":"B0B7DHSKS7","error":"Product.upsert is not a function"}}
{"timestamp":"2026-05-06T16:25:02.129Z","level":"WARN","module":"ExcelService","message":"Error upserting product","data":{"product_id":"B09SJ1FTYV","error":"Product.upsert is not a function"}}
{"timestamp":"2026-05-06T16:25:02.130Z","level":"WARN","module":"ExcelService","message":"Error upserting product","data":{"product_id":"B09XJ5LD6L","error":"Product.upsert is not a function"}}
{"timestamp":"2026-05-06T16:25:02.130Z","level":"WARN","module":"ExcelService","message":"Error upserting product","data":{"product_id":"B07WHS7MZ1","error":"Product.upsert is not a function"}}
{"timestamp":"2026-05-06T16:25:02.131Z","level":"WARN","module":"ExcelService","message":"Error upserting product","data":{"product_id":"B0BBVKRP7B","error":"Product.upsert is not a function"}}
{"timestamp":"2026-05-06T16:25:02.131Z","level":"WARN","module":"ExcelService","message":"Error upserting product","data":{"product_id":"B09NY7W8YD","error":"Product.upsert is not a function"}}
{"timestamp":"2026-05-06T16:25:02.132Z","level":"WARN","module":"ExcelService","message":"Error upserting product","data":{"product_id":"B0BMM7R92G","error":"Product.upsert is not a function"}}
{"timestamp":"2026-05-06T16:25:02.132Z","level":"WARN","module":"ExcelService","message":"Error upserting product","data":{"product_id":"B08M66K48D","error":"Product.upsert is not a function"}}
{"timestamp":"2026-05-06T16:25:02.133Z","level":"WARN","module":"ExcelService","message":"Error upserting product","data":{"product_id":"B09RFB2SJQ","error":"Product.upsert is not a function"}}
{"timestamp":"2026-05-06T16:25:02.133Z","level":"WARN","module":"ExcelService","message":"Error upserting product","data":{"product_id":"B0B82YGCF6","error":"Product.upsert is not a function"}}
{"timestamp":"2026-05-06T16:25:02.133Z","level":"WARN","module":"ExcelService","message":"Error upserting product","data":{"product_id":"B08HF4W2CT","error":"Product.upsert is not a function"}}
{"timestamp":"2026-05-06T16:25:02.134Z","level":"WARN","module":"ExcelService","message":"Error upserting product","data":{"product_id":"B08BCKN299","error":"Product.upsert is not a function"}}
{"timestamp":"2026-05-06T16:25:02.134Z","level":"WARN","module":"ExcelService","message":"Error upserting product","data":{"product_id":"B0B2X35B1K","error":"Product.upsert is not a function"}}
{"timestamp":"2026-05-06T16:25:02.135Z","level":"WARN","module":"ExcelService","message":"Error upserting product","data":{"product_id":"B09QS9CWLV","error":"Product.upsert is not a function"}}
{"timestamp":"2026-05-06T16:25:02.135Z","level":"WARN","module":"ExcelService","message":"Error upserting product","data":{"product_id":"B0B1NX6JTN","error":"Product.upsert is not a function"}}
{"timestamp":"2026-05-06T16:25:02.136Z","level":"WARN","module":"ExcelService","message":"Error upserting product","data":{"product_id":"B078G6ZF5Z","error":"Product.upsert is not a function"}}
{"timestamp":"2026-05-06T16:25:02.136Z","level":"WARN","module":"ExcelService","message":"Error upserting product","data":{"product_id":"B0BBW521YC","error":"Product.upsert is not a function"}}
{"timestamp":"2026-05-06T16:25:02.137Z","level":"WARN","module":"ExcelService","message":"Error upserting product","data":{"product_id":"B09HSKYMB3","error":"Product.upsert is not a function"}}
{"timestamp":"2026-05-06T16:25:02.137Z","level":"WARN","module":"ExcelService","message":"Error upserting product","data":{"product_id":"B09YV42QHZ","error":"Product.upsert is not a function"}}
{"timestamp":"2026-05-06T16:25:02.138Z","level":"WARN","module":"ExcelService","message":"Error upserting product","data":{"product_id":"B09BF8JBWX","error":"Product.upsert is not a function"}}
{"timestamp":"2026-05-06T16:25:02.138Z","level":"WARN","module":"ExcelService","message":"Error upserting product","data":{"product_id":"B0B5YBGCKD","error":"Product.upsert is not a function"}}
{"timestamp":"2026-05-06T16:25:02.139Z","level":"WARN","module":"ExcelService","message":"Error upserting product","data":{"product_id":"B01GGKYKQM","error":"Product.upsert is not a function"}}
{"timestamp":"2026-05-06T16:25:02.139Z","level":"WARN","module":"ExcelService","message":"Error upserting product","data":{"product_id":"B09MY4W73Q","error":"Product.upsert is not a function"}}
{"timestamp":"2026-05-06T16:25:02.139Z","level":"WARN","module":"ExcelService","message":"Error upserting product","data":{"product_id":"B08R69VDHT","error":"Product.upsert is not a function"}}
{"timestamp":"2026-05-06T16:25:02.140Z","level":"WARN","module":"ExcelService","message":"Error upserting product","data":{"product_id":"B09T37CKQ5","error":"Product.upsert is not a function"}}
{"timestamp":"2026-05-06T16:25:02.141Z","level":"WARN","module":"ExcelService","message":"Error upserting product","data":{"product_id":"B09GFPN6TP","error":"Product.upsert is not a function"}}
{"timestamp":"2026-05-06T16:25:02.143Z","level":"WARN","module":"ExcelService","message":"Error upserting product","data":{"product_id":"B0B298D54H","error":"Product.upsert is not a function"}}
{"timestamp":"2026-05-06T16:25:02.144Z","level":"WARN","module":"ExcelService","message":"Error upserting product","data":{"product_id":"B08VB57558","error":"Product.upsert is not a function"}}
{"timestamp":"2026-05-06T16:25:02.145Z","level":"WARN","module":"ExcelService","message":"Error upserting product","data":{"product_id":"B09CMP1SC8","error":"Product.upsert is not a function"}}
{"timestamp":"2026-05-06T16:25:02.146Z","level":"WARN","module":"ExcelService","message":"Error upserting product","data":{"product_id":"B09YLXYP7Y","error":"Product.upsert is not a function"}}
{"timestamp":"2026-05-06T16:25:02.146Z","level":"WARN","module":"ExcelService","message":"Error upserting product","data":{"product_id":"B0B9BXKBC7","error":"Product.upsert is not a function"}}
{"timestamp":"2026-05-06T16:25:02.147Z","level":"WARN","module":"ExcelService","message":"Error upserting product","data":{"product_id":"B09NY6TRXG","error":"Product.upsert is not a function"}}
{"timestamp":"2026-05-06T16:25:02.147Z","level":"WARN","module":"ExcelService","message":"Error upserting product","data":{"product_id":"B09NVPJ3P4","error":"Product.upsert is not a function"}}
{"timestamp":"2026-05-06T16:25:02.148Z","level":"WARN","module":"ExcelService","message":"Error upserting product","data":{"product_id":"B0B3NDPCS9","error":"Product.upsert is not a function"}}
{"timestamp":"2026-05-06T16:25:02.149Z","level":"WARN","module":"ExcelService","message":"Error upserting product","data":{"product_id":"B09VGKFM7Y","error":"Product.upsert is not a function"}}
{"timestamp":"2026-05-06T16:25:02.149Z","level":"WARN","module":"ExcelService","message":"Error upserting product","data":{"product_id":"B07QCWY5XV","error":"Product.upsert is not a function"}}
{"timestamp":"2026-05-06T16:25:02.150Z","level":"WARN","module":"ExcelService","message":"Error upserting product","data":{"product_id":"B098QXR9X2","error":"Product.upsert is not a function"}}
{"timestamp":"2026-05-06T16:25:02.151Z","level":"WARN","module":"ExcelService","message":"Error upserting product","data":{"product_id":"B07H1S7XW8","error":"Product.upsert is not a function"}}
{"timestamp":"2026-05-06T16:25:02.152Z","level":"WARN","module":"ExcelService","message":"Error upserting product","data":{"product_id":"B0BNXFDTZ2","error":"Product.upsert is not a function"}}
{"timestamp":"2026-05-06T16:25:02.153Z","level":"WARN","module":"ExcelService","message":"Error upserting product","data":{"product_id":"B088ZFJY82","error":"Product.upsert is not a function"}}
{"timestamp":"2026-05-06T16:25:02.153Z","level":"WARN","module":"ExcelService","message":"Error upserting product","data":{"product_id":"B0B4F4QZ1H","error":"Product.upsert is not a function"}}
{"timestamp":"2026-05-06T16:25:02.154Z","level":"WARN","module":"ExcelService","message":"Error upserting product","data":{"product_id":"B09BCNQ9R2","error":"Product.upsert is not a function"}}
{"timestamp":"2026-05-06T16:25:02.155Z","level":"WARN","module":"ExcelService","message":"Error upserting product","data":{"product_id":"B0B9BD2YL4","error":"Product.upsert is not a function"}}
{"timestamp":"2026-05-06T16:25:02.155Z","level":"WARN","module":"ExcelService","message":"Error upserting product","data":{"product_id":"B071Z8M4KX","error":"Product.upsert is not a function"}}
{"timestamp":"2026-05-06T16:25:02.157Z","level":"WARN","module":"ExcelService","message":"Error upserting product","data":{"product_id":"B09N3ZNHTY","error":"Product.upsert is not a function"}}
{"timestamp":"2026-05-06T16:25:02.158Z","level":"WARN","module":"ExcelService","message":"Error upserting product","data":{"product_id":"B0B3RRWSF6","error":"Product.upsert is not a function"}}
{"timestamp":"2026-05-06T16:25:02.159Z","level":"WARN","module":"ExcelService","message":"Error upserting product","data":{"product_id":"B0B5B6PQCT","error":"Product.upsert is not a function"}}
{"timestamp":"2026-05-06T16:25:02.159Z","level":"WARN","module":"ExcelService","message":"Error upserting product","data":{"product_id":"B005FYNT3G","error":"Product.upsert is not a function"}}
{"timestamp":"2026-05-06T16:25:02.160Z","level":"WARN","module":"ExcelService","message":"Error upserting product","data":{"product_id":"B01J0XWYKQ","error":"Product.upsert is not a function"}}
{"timestamp":"2026-05-06T16:25:02.161Z","level":"WARN","module":"ExcelService","message":"Error upserting product","data":{"product_id":"B09CTRPSJR","error":"Product.upsert is not a function"}}
{"timestamp":"2026-05-06T16:25:02.161Z","level":"WARN","module":"ExcelService","message":"Error upserting product","data":{"product_id":"B08JQN8DGZ","error":"Product.upsert is not a function"}}
{"timestamp":"2026-05-06T16:25:02.162Z","level":"WARN","module":"ExcelService","message":"Error upserting product","data":{"product_id":"B0B72BSW7K","error":"Product.upsert is not a function"}}
{"timestamp":"2026-05-06T16:25:02.163Z","level":"WARN","module":"ExcelService","message":"Error upserting product","data":{"product_id":"B0BDRVFDKP","error":"Product.upsert is not a function"}}
{"timestamp":"2026-05-06T16:25:02.164Z","level":"WARN","module":"ExcelService","message":"Error upserting product","data":{"product_id":"B0B5LVS732","error":"Product.upsert is not a function"}}
{"timestamp":"2026-05-06T16:25:02.164Z","level":"WARN","module":"ExcelService","message":"Error upserting product","data":{"product_id":"B08TV2P1N8","error":"Product.upsert is not a function"}}
{"timestamp":"2026-05-06T16:25:02.165Z","level":"WARN","module":"ExcelService","message":"Error upserting product","data":{"product_id":"B07XCM6T4N","error":"Product.upsert is not a function"}}
{"timestamp":"2026-05-06T16:25:02.166Z","level":"WARN","module":"ExcelService","message":"Error upserting product","data":{"product_id":"B07T5DKR5D","error":"Product.upsert is not a function"}}
{"timestamp":"2026-05-06T16:25:02.166Z","level":"WARN","module":"ExcelService","message":"Error upserting product","data":{"product_id":"B01DEWVZ2C","error":"Product.upsert is not a function"}}
{"timestamp":"2026-05-06T16:25:02.166Z","level":"WARN","module":"ExcelService","message":"Error upserting product","data":{"product_id":"B07PR1CL3S","error":"Product.upsert is not a function"}}
{"timestamp":"2026-05-06T16:25:02.167Z","level":"WARN","module":"ExcelService","message":"Error upserting product","data":{"product_id":"B09V12K8NT","error":"Product.upsert is not a function"}}
{"timestamp":"2026-05-06T16:25:02.167Z","level":"WARN","module":"ExcelService","message":"Error upserting product","data":{"product_id":"B07JQKQ91F","error":"Product.upsert is not a function"}}
{"timestamp":"2026-05-06T16:25:02.168Z","level":"WARN","module":"ExcelService","message":"Error upserting product","data":{"product_id":"B08W56G1K9","error":"Product.upsert is not a function"}}
{"timestamp":"2026-05-06T16:25:02.169Z","level":"WARN","module":"ExcelService","message":"Error upserting product","data":{"product_id":"B07WG8PDCW","error":"Product.upsert is not a function"}}
{"timestamp":"2026-05-06T16:25:02.169Z","level":"WARN","module":"ExcelService","message":"Error upserting product","data":{"product_id":"B01L8ZNWN2","error":"Product.upsert is not a function"}}
{"timestamp":"2026-05-06T16:25:02.170Z","level":"WARN","module":"ExcelService","message":"Error upserting product","data":{"product_id":"B009VCGPSY","error":"Product.upsert is not a function"}}
{"timestamp":"2026-05-06T16:25:02.170Z","level":"WARN","module":"ExcelService","message":"Error upserting product","data":{"product_id":"B0B296NTFV","error":"Product.upsert is not a function"}}
{"timestamp":"2026-05-06T16:25:02.171Z","level":"WARN","module":"ExcelService","message":"Error upserting product","data":{"product_id":"B09NVPSCQT","error":"Product.upsert is not a function"}}
{"timestamp":"2026-05-06T16:25:02.171Z","level":"WARN","module":"ExcelService","message":"Error upserting product","data":{"product_id":"B09YV4RG4D","error":"Product.upsert is not a function"}}
{"timestamp":"2026-05-06T16:25:02.172Z","level":"WARN","module":"ExcelService","message":"Error upserting product","data":{"product_id":"B07TCN5VR9","error":"Product.upsert is not a function"}}
{"timestamp":"2026-05-06T16:25:02.172Z","level":"WARN","module":"ExcelService","message":"Error upserting product","data":{"product_id":"B00ZYLMQH0","error":"Product.upsert is not a function"}}
{"timestamp":"2026-05-06T16:25:02.173Z","level":"WARN","module":"ExcelService","message":"Error upserting product","data":{"product_id":"B09YV4MW2T","error":"Product.upsert is not a function"}}
{"timestamp":"2026-05-06T16:25:02.173Z","level":"WARN","module":"ExcelService","message":"Error upserting product","data":{"product_id":"B01HJI0FS2","error":"Product.upsert is not a function"}}
{"timestamp":"2026-05-06T16:25:02.174Z","level":"WARN","module":"ExcelService","message":"Error upserting product","data":{"product_id":"B076B8G5D8","error":"Product.upsert is not a function"}}
{"timestamp":"2026-05-06T16:25:02.175Z","level":"WARN","module":"ExcelService","message":"Error upserting product","data":{"product_id":"B07JW9H4J1","error":"Product.upsert is not a function"}}
{"timestamp":"2026-05-06T16:25:02.175Z","level":"WARN","module":"ExcelService","message":"Error upserting product","data":{"product_id":"B014SZO90Y","error":"Product.upsert is not a function"}}
{"timestamp":"2026-05-06T16:25:02.176Z","level":"WARN","module":"ExcelService","message":"Error upserting product","data":{"product_id":"B07KCMR8D6","error":"Product.upsert is not a function"}}
{"timestamp":"2026-05-06T16:25:02.177Z","level":"WARN","module":"ExcelService","message":"Error upserting product","data":{"product_id":"B00N1U9AJS","error":"Product.upsert is not a function"}}
{"timestamp":"2026-05-06T16:25:02.177Z","level":"WARN","module":"ExcelService","message":"Error upserting product","data":{"product_id":"B07KY3FNQP","error":"Product.upsert is not a function"}}
{"timestamp":"2026-05-06T16:25:02.178Z","level":"WARN","module":"ExcelService","message":"Error upserting product","data":{"product_id":"B0B3N7LR6K","error":"Product.upsert is not a function"}}
{"timestamp":"2026-05-06T16:25:02.179Z","level":"WARN","module":"ExcelService","message":"Error upserting product","data":{"product_id":"B07QZ3CZ48","error":"Product.upsert is not a function"}}
{"timestamp":"2026-05-06T16:25:02.179Z","level":"WARN","module":"ExcelService","message":"Error upserting product","data":{"product_id":"B09T3H12GV","error":"Product.upsert is not a function"}}
{"timestamp":"2026-05-06T16:25:02.180Z","level":"WARN","module":"ExcelService","message":"Error upserting product","data":{"product_id":"B098NS6PVG","error":"Product.upsert is not a function"}}
{"timestamp":"2026-05-06T16:25:02.180Z","level":"WARN","module":"ExcelService","message":"Error upserting product","data":{"product_id":"B096MSW6CT","error":"Product.upsert is not a function"}}
{"timestamp":"2026-05-06T16:25:02.180Z","level":"WARN","module":"ExcelService","message":"Error upserting product","data":{"product_id":"B09ZQK9X8G","error":"Product.upsert is not a function"}}
{"timestamp":"2026-05-06T16:25:02.181Z","level":"WARN","module":"ExcelService","message":"Error upserting product","data":{"product_id":"B08ZJDWTJ1","error":"Product.upsert is not a function"}}
{"timestamp":"2026-05-06T16:25:02.181Z","level":"WARN","module":"ExcelService","message":"Error upserting product","data":{"product_id":"B08FTFXNNB","error":"Product.upsert is not a function"}}
{"timestamp":"2026-05-06T16:25:02.182Z","level":"WARN","module":"ExcelService","message":"Error upserting product","data":{"product_id":"B08YDFX7Y1","error":"Product.upsert is not a function"}}
{"timestamp":"2026-05-06T16:25:02.182Z","level":"WARN","module":"ExcelService","message":"Error upserting product","data":{"product_id":"B08HDJ86NZ","error":"Product.upsert is not a function"}}
{"timestamp":"2026-05-06T16:25:02.183Z","level":"WARN","module":"ExcelService","message":"Error upserting product","data":{"product_id":"B087FXHB6J","error":"Product.upsert is not a function"}}
{"timestamp":"2026-05-06T16:25:02.183Z","level":"WARN","module":"ExcelService","message":"Error upserting product","data":{"product_id":"B07N42JB4S","error":"Product.upsert is not a function"}}
{"timestamp":"2026-05-06T16:25:02.183Z","level":"WARN","module":"ExcelService","message":"Error upserting product","data":{"product_id":"B0B31BYXQQ","error":"Product.upsert is not a function"}}
{"timestamp":"2026-05-06T16:25:02.184Z","level":"WARN","module":"ExcelService","message":"Error upserting product","data":{"product_id":"B08CF3B7N1","error":"Product.upsert is not a function"}}
{"timestamp":"2026-05-06T16:25:02.184Z","level":"WARN","module":"ExcelService","message":"Error upserting product","data":{"product_id":"B07SLMR1K6","error":"Product.upsert is not a function"}}
{"timestamp":"2026-05-06T16:25:02.185Z","level":"WARN","module":"ExcelService","message":"Error upserting product","data":{"product_id":"B09MQSCJQ1","error":"Product.upsert is not a function"}}
{"timestamp":"2026-05-06T16:25:02.186Z","level":"WARN","module":"ExcelService","message":"Error upserting product","data":{"product_id":"B094YFFSMY","error":"Product.upsert is not a function"}}
{"timestamp":"2026-05-06T16:25:02.186Z","level":"WARN","module":"ExcelService","message":"Error upserting product","data":{"product_id":"B092X94QNQ","error":"Product.upsert is not a function"}}
{"timestamp":"2026-05-06T16:25:02.187Z","level":"WARN","module":"ExcelService","message":"Error upserting product","data":{"product_id":"B0846D5CBP","error":"Product.upsert is not a function"}}
{"timestamp":"2026-05-06T16:25:02.187Z","level":"WARN","module":"ExcelService","message":"Error upserting product","data":{"product_id":"B00KXULGJQ","error":"Product.upsert is not a function"}}
{"timestamp":"2026-05-06T16:25:02.188Z","level":"WARN","module":"ExcelService","message":"Error upserting product","data":{"product_id":"B08H9Z3XQW","error":"Product.upsert is not a function"}}
{"timestamp":"2026-05-06T16:25:02.189Z","level":"WARN","module":"ExcelService","message":"Error upserting product","data":{"product_id":"B08LPJZSSW","error":"Product.upsert is not a function"}}
{"timestamp":"2026-05-06T16:25:02.189Z","level":"WARN","module":"ExcelService","message":"Error upserting product","data":{"product_id":"B09MT84WV5","error":"Product.upsert is not a function"}}
{"timestamp":"2026-05-06T16:25:02.190Z","level":"WARN","module":"ExcelService","message":"Error upserting product","data":{"product_id":"B08Y1TFSP6","error":"Product.upsert is not a function"}}
{"timestamp":"2026-05-06T16:25:02.190Z","level":"WARN","module":"ExcelService","message":"Error upserting product","data":{"product_id":"B08CYPB15D","error":"Product.upsert is not a function"}}
{"timestamp":"2026-05-06T16:25:02.191Z","level":"WARN","module":"ExcelService","message":"Error upserting product","data":{"product_id":"B085HY1DGR","error":"Product.upsert is not a function"}}
{"timestamp":"2026-05-06T16:25:02.192Z","level":"WARN","module":"ExcelService","message":"Error upserting product","data":{"product_id":"B00MFPCY5C","error":"Product.upsert is not a function"}}
{"timestamp":"2026-05-06T16:25:02.192Z","level":"WARN","module":"ExcelService","message":"Error upserting product","data":{"product_id":"B07JJFSG2B","error":"Product.upsert is not a function"}}
{"timestamp":"2026-05-06T16:25:02.193Z","level":"WARN","module":"ExcelService","message":"Error upserting product","data":{"product_id":"B09NR6G588","error":"Product.upsert is not a function"}}
{"timestamp":"2026-05-06T16:25:02.193Z","level":"WARN","module":"ExcelService","message":"Error upserting product","data":{"product_id":"B07JPX9CR7","error":"Product.upsert is not a function"}}
{"timestamp":"2026-05-06T16:25:02.194Z","level":"WARN","module":"ExcelService","message":"Error upserting product","data":{"product_id":"B08D11DZ2W","error":"Product.upsert is not a function"}}
{"timestamp":"2026-05-06T16:25:02.196Z","level":"WARN","module":"ExcelService","message":"Error upserting product","data":{"product_id":"B07Q7561HD","error":"Product.upsert is not a function"}}
{"timestamp":"2026-05-06T16:25:02.196Z","level":"WARN","module":"ExcelService","message":"Error upserting product","data":{"product_id":"B0819HZPXL","error":"Product.upsert is not a function"}}
{"timestamp":"2026-05-06T16:25:02.197Z","level":"WARN","module":"ExcelService","message":"Error upserting product","data":{"product_id":"B00LXTFMRS","error":"Product.upsert is not a function"}}
{"timestamp":"2026-05-06T16:25:02.198Z","level":"WARN","module":"ExcelService","message":"Error upserting product","data":{"product_id":"B0B9LDCX89","error":"Product.upsert is not a function"}}
{"timestamp":"2026-05-06T16:25:02.199Z","level":"WARN","module":"ExcelService","message":"Error upserting product","data":{"product_id":"B0765B3TH7","error":"Product.upsert is not a function"}}
{"timestamp":"2026-05-06T16:25:02.199Z","level":"WARN","module":"ExcelService","message":"Error upserting product","data":{"product_id":"B0B1F6GQPS","error":"Product.upsert is not a function"}}
{"timestamp":"2026-05-06T16:25:02.200Z","level":"WARN","module":"ExcelService","message":"Error upserting product","data":{"product_id":"B07LG59NPV","error":"Product.upsert is not a function"}}
{"timestamp":"2026-05-06T16:25:02.200Z","level":"WARN","module":"ExcelService","message":"Error upserting product","data":{"product_id":"B07RD611Z8","error":"Product.upsert is not a function"}}
{"timestamp":"2026-05-06T16:25:02.201Z","level":"WARN","module":"ExcelService","message":"Error upserting product","data":{"product_id":"B08WRWPM22","error":"Product.upsert is not a function"}}
{"timestamp":"2026-05-06T16:25:02.201Z","level":"WARN","module":"ExcelService","message":"Error upserting product","data":{"product_id":"B00AXHBBXU","error":"Product.upsert is not a function"}}
{"timestamp":"2026-05-06T16:25:02.201Z","level":"WARN","module":"ExcelService","message":"Error upserting product","data":{"product_id":"B08MCD9JFY","error":"Product.upsert is not a function"}}
{"timestamp":"2026-05-06T16:25:02.202Z","level":"WARN","module":"ExcelService","message":"Error upserting product","data":{"product_id":"B083RCTXLL","error":"Product.upsert is not a function"}}
{"timestamp":"2026-05-06T16:25:02.202Z","level":"WARN","module":"ExcelService","message":"Error upserting product","data":{"product_id":"B08HLZ28QC","error":"Product.upsert is not a function"}}
{"timestamp":"2026-05-06T16:25:02.203Z","level":"WARN","module":"ExcelService","message":"Error upserting product","data":{"product_id":"B07GVR9TG7","error":"Product.upsert is not a function"}}
{"timestamp":"2026-05-06T16:25:02.204Z","level":"WARN","module":"ExcelService","message":"Error upserting product","data":{"product_id":"B0856HY85J","error":"Product.upsert is not a function"}}
{"timestamp":"2026-05-06T16:25:02.204Z","level":"WARN","module":"ExcelService","message":"Error upserting product","data":{"product_id":"B07CD2BN46","error":"Product.upsert is not a function"}}
{"timestamp":"2026-05-06T16:25:02.205Z","level":"WARN","module":"ExcelService","message":"Error upserting product","data":{"product_id":"B07PLHTTB4","error":"Product.upsert is not a function"}}
{"timestamp":"2026-05-06T16:25:02.205Z","level":"WARN","module":"ExcelService","message":"Error upserting product","data":{"product_id":"B077T3BG5L","error":"Product.upsert is not a function"}}
{"timestamp":"2026-05-06T16:25:02.206Z","level":"WARN","module":"ExcelService","message":"Error upserting product","data":{"product_id":"B08DDRGWTJ","error":"Product.upsert is not a function"}}
{"timestamp":"2026-05-06T16:25:02.207Z","level":"WARN","module":"ExcelService","message":"Error upserting product","data":{"product_id":"B079Y6JZC8","error":"Product.upsert is not a function"}}
{"timestamp":"2026-05-06T16:25:02.207Z","level":"WARN","module":"ExcelService","message":"Error upserting product","data":{"product_id":"B0856HNMR7","error":"Product.upsert is not a function"}}
{"timestamp":"2026-05-06T16:25:02.208Z","level":"WARN","module":"ExcelService","message":"Error upserting product","data":{"product_id":"B0B12K5BPM","error":"Product.upsert is not a function"}}
{"timestamp":"2026-05-06T16:25:02.209Z","level":"WARN","module":"ExcelService","message":"Error upserting product","data":{"product_id":"B08MTCKDYN","error":"Product.upsert is not a function"}}
{"timestamp":"2026-05-06T16:25:02.210Z","level":"WARN","module":"ExcelService","message":"Error upserting product","data":{"product_id":"B08CF3D7QR","error":"Product.upsert is not a function"}}
{"timestamp":"2026-05-06T16:25:02.211Z","level":"WARN","module":"ExcelService","message":"Error upserting product","data":{"product_id":"B00LVMTA2A","error":"Product.upsert is not a function"}}
{"timestamp":"2026-05-06T16:25:02.212Z","level":"WARN","module":"ExcelService","message":"Error upserting product","data":{"product_id":"B07TR5HSR9","error":"Product.upsert is not a function"}}
{"timestamp":"2026-05-06T16:25:02.212Z","level":"WARN","module":"ExcelService","message":"Error upserting product","data":{"product_id":"B0819ZZK5K","error":"Product.upsert is not a function"}}
{"timestamp":"2026-05-06T16:25:02.213Z","level":"WARN","module":"ExcelService","message":"Error upserting product","data":{"product_id":"B096VF5YYF","error":"Product.upsert is not a function"}}
{"timestamp":"2026-05-06T16:25:02.213Z","level":"WARN","module":"ExcelService","message":"Error upserting product","data":{"product_id":"B08QJJCY2Q","error":"Product.upsert is not a function"}}
{"timestamp":"2026-05-06T16:25:02.214Z","level":"WARN","module":"ExcelService","message":"Error upserting product","data":{"product_id":"B07L5L4GTB","error":"Product.upsert is not a function"}}
{"timestamp":"2026-05-06T16:25:02.214Z","level":"WARN","module":"ExcelService","message":"Error upserting product","data":{"product_id":"B07L8KNP5F","error":"Product.upsert is not a function"}}
{"timestamp":"2026-05-06T16:25:02.215Z","level":"WARN","module":"ExcelService","message":"Error upserting product","data":{"product_id":"B08CF4SCNP","error":"Product.upsert is not a function"}}
{"timestamp":"2026-05-06T16:25:02.215Z","level":"WARN","module":"ExcelService","message":"Error upserting product","data":{"product_id":"B09XX51X2G","error":"Product.upsert is not a function"}}
{"timestamp":"2026-05-06T16:25:02.216Z","level":"WARN","module":"ExcelService","message":"Error upserting product","data":{"product_id":"B01M72LILF","error":"Product.upsert is not a function"}}
{"timestamp":"2026-05-06T16:25:02.217Z","level":"WARN","module":"ExcelService","message":"Error upserting product","data":{"product_id":"B07KSMBL2H","error":"Product.upsert is not a function"}}
{"timestamp":"2026-05-06T16:25:02.217Z","level":"WARN","module":"ExcelService","message":"Error upserting product","data":{"product_id":"B00LZLQ624","error":"Product.upsert is not a function"}}
{"timestamp":"2026-05-06T16:25:02.218Z","level":"WARN","module":"ExcelService","message":"Error upserting product","data":{"product_id":"B07DJLFMPS","error":"Product.upsert is not a function"}}
{"timestamp":"2026-05-06T16:25:02.218Z","level":"WARN","module":"ExcelService","message":"Error upserting product","data":{"product_id":"B09GB5B4BK","error":"Product.upsert is not a function"}}
{"timestamp":"2026-05-06T16:25:02.219Z","level":"WARN","module":"ExcelService","message":"Error upserting product","data":{"product_id":"B015ZXUDD0","error":"Product.upsert is not a function"}}
{"timestamp":"2026-05-06T16:25:02.219Z","level":"WARN","module":"ExcelService","message":"Error upserting product","data":{"product_id":"B085DTN6R2","error":"Product.upsert is not a function"}}
{"timestamp":"2026-05-06T16:25:02.220Z","level":"WARN","module":"ExcelService","message":"Error upserting product","data":{"product_id":"B09PL79D2X","error":"Product.upsert is not a function"}}
{"timestamp":"2026-05-06T16:25:02.220Z","level":"WARN","module":"ExcelService","message":"Error upserting product","data":{"product_id":"B098K3H92Z","error":"Product.upsert is not a function"}}
{"timestamp":"2026-05-06T16:25:02.221Z","level":"WARN","module":"ExcelService","message":"Error upserting product","data":{"product_id":"B09KLVMZ3B","error":"Product.upsert is not a function"}}
{"timestamp":"2026-05-06T16:25:02.221Z","level":"WARN","module":"ExcelService","message":"Error upserting product","data":{"product_id":"B084PJSSQ1","error":"Product.upsert is not a function"}}
{"timestamp":"2026-05-06T16:25:02.222Z","level":"WARN","module":"ExcelService","message":"Error upserting product","data":{"product_id":"B097R25DP7","error":"Product.upsert is not a function"}}
{"timestamp":"2026-05-06T16:25:02.222Z","level":"WARN","module":"ExcelService","message":"Error upserting product","data":{"product_id":"B097C564GC","error":"Product.upsert is not a function"}}
{"timestamp":"2026-05-06T16:25:02.224Z","level":"WARN","module":"ExcelService","message":"Error upserting product","data":{"product_id":"B08CYNJ5KY","error":"Product.upsert is not a function"}}
{"timestamp":"2026-05-06T16:25:02.224Z","level":"WARN","module":"ExcelService","message":"Error upserting product","data":{"product_id":"B00Y4ORQ46","error":"Product.upsert is not a function"}}
{"timestamp":"2026-05-06T16:25:02.225Z","level":"WARN","module":"ExcelService","message":"Error upserting product","data":{"product_id":"B074CWD7MS","error":"Product.upsert is not a function"}}
{"timestamp":"2026-05-06T16:25:02.225Z","level":"WARN","module":"ExcelService","message":"Error upserting product","data":{"product_id":"B083342NKJ","error":"Product.upsert is not a function"}}
{"timestamp":"2026-05-06T16:25:02.226Z","level":"WARN","module":"ExcelService","message":"Error upserting product","data":{"product_id":"B09C6HXFC1","error":"Product.upsert is not a function"}}
{"timestamp":"2026-05-06T16:25:02.226Z","level":"WARN","module":"ExcelService","message":"Error upserting product","data":{"product_id":"B00A0VCJPI","error":"Product.upsert is not a function"}}
{"timestamp":"2026-05-06T16:25:02.227Z","level":"WARN","module":"ExcelService","message":"Error upserting product","data":{"product_id":"B00UGZWM2I","error":"Product.upsert is not a function"}}
{"timestamp":"2026-05-06T16:25:02.228Z","level":"WARN","module":"ExcelService","message":"Error upserting product","data":{"product_id":"B00R1P3B4O","error":"Product.upsert is not a function"}}
{"timestamp":"2026-05-06T16:25:02.228Z","level":"WARN","module":"ExcelService","message":"Error upserting product","data":{"product_id":"B0B3MWYCHQ","error":"Product.upsert is not a function"}}
{"timestamp":"2026-05-06T16:25:02.229Z","level":"WARN","module":"ExcelService","message":"Error upserting product","data":{"product_id":"B09DG9VNWB","error":"Product.upsert is not a function"}}
{"timestamp":"2026-05-06T16:25:02.229Z","level":"WARN","module":"ExcelService","message":"Error upserting product","data":{"product_id":"B09Y5MP7C4","error":"Product.upsert is not a function"}}
{"timestamp":"2026-05-06T16:25:02.230Z","level":"WARN","module":"ExcelService","message":"Error upserting product","data":{"product_id":"B01DJJVFPC","error":"Product.upsert is not a function"}}
{"timestamp":"2026-05-06T16:25:02.230Z","level":"WARN","module":"ExcelService","message":"Error upserting product","data":{"product_id":"B07DFYJRQV","error":"Product.upsert is not a function"}}
{"timestamp":"2026-05-06T16:25:02.230Z","level":"WARN","module":"ExcelService","message":"Error upserting product","data":{"product_id":"B08L879JSN","error":"Product.upsert is not a function"}}
{"timestamp":"2026-05-06T16:25:02.231Z","level":"WARN","module":"ExcelService","message":"Error upserting product","data":{"product_id":"B08TDJNM3G","error":"Product.upsert is not a function"}}
{"timestamp":"2026-05-06T16:25:02.231Z","level":"WARN","module":"ExcelService","message":"Error upserting product","data":{"product_id":"B06XSK3XL6","error":"Product.upsert is not a function"}}
{"timestamp":"2026-05-06T16:25:02.232Z","level":"WARN","module":"ExcelService","message":"Error upserting product","data":{"product_id":"B07YNTJ8ZM","error":"Product.upsert is not a function"}}
{"timestamp":"2026-05-06T16:25:02.232Z","level":"WARN","module":"ExcelService","message":"Error upserting product","data":{"product_id":"B09KGV7WSV","error":"Product.upsert is not a function"}}
{"timestamp":"2026-05-06T16:25:02.233Z","level":"WARN","module":"ExcelService","message":"Error upserting product","data":{"product_id":"B08DPLCM6T","error":"Product.upsert is not a function"}}
{"timestamp":"2026-05-06T16:25:02.233Z","level":"WARN","module":"ExcelService","message":"Error upserting product","data":{"product_id":"B07KR5P3YD","error":"Product.upsert is not a function"}}
{"timestamp":"2026-05-06T16:25:02.234Z","level":"WARN","module":"ExcelService","message":"Error upserting product","data":{"product_id":"B08FB2LNSZ","error":"Product.upsert is not a function"}}
{"timestamp":"2026-05-06T16:25:02.234Z","level":"WARN","module":"ExcelService","message":"Error upserting product","data":{"product_id":"B01IBRHE3E","error":"Product.upsert is not a function"}}
{"timestamp":"2026-05-06T16:25:02.234Z","level":"WARN","module":"ExcelService","message":"Error upserting product","data":{"product_id":"B01N6LU1VF","error":"Product.upsert is not a function"}}
{"timestamp":"2026-05-06T16:25:02.235Z","level":"WARN","module":"ExcelService","message":"Error upserting product","data":{"product_id":"B07XLML2YS","error":"Product.upsert is not a function"}}
{"timestamp":"2026-05-06T16:25:02.235Z","level":"WARN","module":"ExcelService","message":"Error upserting product","data":{"product_id":"B086WMSCN3","error":"Product.upsert is not a function"}}
{"timestamp":"2026-05-06T16:25:02.235Z","level":"WARN","module":"ExcelService","message":"Error upserting product","data":{"product_id":"B003B00484","error":"Product.upsert is not a function"}}
{"timestamp":"2026-05-06T16:25:02.236Z","level":"WARN","module":"ExcelService","message":"Error upserting product","data":{"product_id":"B085194JFL","error":"Product.upsert is not a function"}}
{"timestamp":"2026-05-06T16:25:02.236Z","level":"WARN","module":"ExcelService","message":"Error upserting product","data":{"product_id":"B09F6S8BT6","error":"Product.upsert is not a function"}}
{"timestamp":"2026-05-06T16:25:02.237Z","level":"WARN","module":"ExcelService","message":"Error upserting product","data":{"product_id":"B003L62T7W","error":"Product.upsert is not a function"}}
{"timestamp":"2026-05-06T16:25:02.237Z","level":"WARN","module":"ExcelService","message":"Error upserting product","data":{"product_id":"B09P18XVW6","error":"Product.upsert is not a function"}}
{"timestamp":"2026-05-06T16:25:02.237Z","level":"WARN","module":"ExcelService","message":"Error upserting product","data":{"product_id":"B00LZLPYHW","error":"Product.upsert is not a function"}}
{"timestamp":"2026-05-06T16:25:02.238Z","level":"WARN","module":"ExcelService","message":"Error upserting product","data":{"product_id":"B09NHVCHS9","error":"Product.upsert is not a function"}}
{"timestamp":"2026-05-06T16:25:02.238Z","level":"WARN","module":"ExcelService","message":"Error upserting product","data":{"product_id":"B00NNQMYNE","error":"Product.upsert is not a function"}}
{"timestamp":"2026-05-06T16:25:02.238Z","level":"WARN","module":"ExcelService","message":"Error upserting product","data":{"product_id":"B0B217Z5VK","error":"Product.upsert is not a function"}}
{"timestamp":"2026-05-06T16:25:02.239Z","level":"WARN","module":"ExcelService","message":"Error upserting product","data":{"product_id":"B07B88KQZ8","error":"Product.upsert is not a function"}}
{"timestamp":"2026-05-06T16:25:02.239Z","level":"WARN","module":"ExcelService","message":"Error upserting product","data":{"product_id":"B01M4GGIVU","error":"Product.upsert is not a function"}}
{"timestamp":"2026-05-06T16:25:02.240Z","level":"WARN","module":"ExcelService","message":"Error upserting product","data":{"product_id":"B07Z3K96FR","error":"Product.upsert is not a function"}}
{"timestamp":"2026-05-06T16:25:02.240Z","level":"WARN","module":"ExcelService","message":"Error upserting product","data":{"product_id":"B0756CLQWL","error":"Product.upsert is not a function"}}
{"timestamp":"2026-05-06T16:25:02.241Z","level":"WARN","module":"ExcelService","message":"Error upserting product","data":{"product_id":"B004IO5BMQ","error":"Product.upsert is not a function"}}
{"timestamp":"2026-05-06T16:25:02.242Z","level":"WARN","module":"ExcelService","message":"Error upserting product","data":{"product_id":"B09Z6WH2N1","error":"Product.upsert is not a function"}}
{"timestamp":"2026-05-06T16:25:02.242Z","level":"WARN","module":"ExcelService","message":"Error upserting product","data":{"product_id":"B01HGCLUH6","error":"Product.upsert is not a function"}}
{"timestamp":"2026-05-06T16:25:02.242Z","level":"WARN","module":"ExcelService","message":"Error upserting product","data":{"product_id":"B01N4EV2TL","error":"Product.upsert is not a function"}}
{"timestamp":"2026-05-06T16:25:02.243Z","level":"WARN","module":"ExcelService","message":"Error upserting product","data":{"product_id":"B08MZQBFLN","error":"Product.upsert is not a function"}}
{"timestamp":"2026-05-06T16:25:02.243Z","level":"WARN","module":"ExcelService","message":"Error upserting product","data":{"product_id":"B0752LL57V","error":"Product.upsert is not a function"}}
{"timestamp":"2026-05-06T16:25:02.244Z","level":"WARN","module":"ExcelService","message":"Error upserting product","data":{"product_id":"B08K4PSZ3V","error":"Product.upsert is not a function"}}
{"timestamp":"2026-05-06T16:25:02.245Z","level":"WARN","module":"ExcelService","message":"Error upserting product","data":{"product_id":"B09Z28BQZT","error":"Product.upsert is not a function"}}
{"timestamp":"2026-05-06T16:25:02.246Z","level":"WARN","module":"ExcelService","message":"Error upserting product","data":{"product_id":"B094DQWV9B","error":"Product.upsert is not a function"}}
{"timestamp":"2026-05-06T16:25:02.247Z","level":"WARN","module":"ExcelService","message":"Error upserting product","data":{"product_id":"B0BBMPH39N","error":"Product.upsert is not a function"}}
{"timestamp":"2026-05-06T16:25:02.247Z","level":"WARN","module":"ExcelService","message":"Error upserting product","data":{"product_id":"B097JQ1J5G","error":"Product.upsert is not a function"}}
{"timestamp":"2026-05-06T16:25:02.248Z","level":"WARN","module":"ExcelService","message":"Error upserting product","data":{"product_id":"B07YY1BY5B","error":"Product.upsert is not a function"}}
{"timestamp":"2026-05-06T16:25:02.248Z","level":"WARN","module":"ExcelService","message":"Error upserting product","data":{"product_id":"B08VRMK55F","error":"Product.upsert is not a function"}}
{"timestamp":"2026-05-06T16:25:02.248Z","level":"WARN","module":"ExcelService","message":"Error upserting product","data":{"product_id":"B08CHZ3ZQ7","error":"Product.upsert is not a function"}}
{"timestamp":"2026-05-06T16:25:02.249Z","level":"WARN","module":"ExcelService","message":"Error upserting product","data":{"product_id":"B08SCCG9D4","error":"Product.upsert is not a function"}}
{"timestamp":"2026-05-06T16:25:02.249Z","level":"WARN","module":"ExcelService","message":"Error upserting product","data":{"product_id":"B0972BQ2RS","error":"Product.upsert is not a function"}}
{"timestamp":"2026-05-06T16:25:02.250Z","level":"WARN","module":"ExcelService","message":"Error upserting product","data":{"product_id":"B00ZRBWPA0","error":"Product.upsert is not a function"}}
{"timestamp":"2026-05-06T16:25:02.250Z","level":"WARN","module":"ExcelService","message":"Error upserting product","data":{"product_id":"B0B2DD66GS","error":"Product.upsert is not a function"}}
{"timestamp":"2026-05-06T16:25:02.250Z","level":"WARN","module":"ExcelService","message":"Error upserting product","data":{"product_id":"B09M869Z5V","error":"Product.upsert is not a function"}}
{"timestamp":"2026-05-06T16:25:02.251Z","level":"WARN","module":"ExcelService","message":"Error upserting product","data":{"product_id":"B07W6VWZ8C","error":"Product.upsert is not a function"}}
{"timestamp":"2026-05-06T16:25:02.251Z","level":"WARN","module":"ExcelService","message":"Error upserting product","data":{"product_id":"B07Z1X6VFC","error":"Product.upsert is not a function"}}
{"timestamp":"2026-05-06T16:25:02.252Z","level":"WARN","module":"ExcelService","message":"Error upserting product","data":{"product_id":"B07YL54NVJ","error":"Product.upsert is not a function"}}
{"timestamp":"2026-05-06T16:25:02.252Z","level":"WARN","module":"ExcelService","message":"Error upserting product","data":{"product_id":"B0759QMF85","error":"Product.upsert is not a function"}}
{"timestamp":"2026-05-06T16:25:02.253Z","level":"WARN","module":"ExcelService","message":"Error upserting product","data":{"product_id":"B00LM4X0KU","error":"Product.upsert is not a function"}}
{"timestamp":"2026-05-06T16:25:02.253Z","level":"WARN","module":"ExcelService","message":"Error upserting product","data":{"product_id":"B08PFSZ7FH","error":"Product.upsert is not a function"}}
{"timestamp":"2026-05-06T16:25:02.253Z","level":"WARN","module":"ExcelService","message":"Error upserting product","data":{"product_id":"B012MQS060","error":"Product.upsert is not a function"}}
{"timestamp":"2026-05-06T16:25:02.254Z","level":"WARN","module":"ExcelService","message":"Error upserting product","data":{"product_id":"B01MF8MB65","error":"Product.upsert is not a function"}}
{"timestamp":"2026-05-06T16:25:02.254Z","level":"WARN","module":"ExcelService","message":"Error upserting product","data":{"product_id":"B00LHZWD0C","error":"Product.upsert is not a function"}}
{"timestamp":"2026-05-06T16:25:02.254Z","level":"WARN","module":"ExcelService","message":"Error upserting product","data":{"product_id":"B08QDPB1SL","error":"Product.upsert is not a function"}}
{"timestamp":"2026-05-06T16:25:02.255Z","level":"WARN","module":"ExcelService","message":"Error upserting product","data":{"product_id":"B07BRKK9JQ","error":"Product.upsert is not a function"}}
{"timestamp":"2026-05-06T16:25:02.255Z","level":"WARN","module":"ExcelService","message":"Error upserting product","data":{"product_id":"B01EZ0X3L8","error":"Product.upsert is not a function"}}
{"timestamp":"2026-05-06T16:25:02.255Z","level":"WARN","module":"ExcelService","message":"Error upserting product","data":{"product_id":"B00LM4W1N2","error":"Product.upsert is not a function"}}
{"timestamp":"2026-05-06T16:25:02.256Z","level":"WARN","module":"ExcelService","message":"Error upserting product","data":{"product_id":"B0949SBKMP","error":"Product.upsert is not a function"}}
{"timestamp":"2026-05-06T16:25:02.257Z","level":"WARN","module":"ExcelService","message":"Error upserting product","data":{"product_id":"B08YD264ZS","error":"Product.upsert is not a function"}}
{"timestamp":"2026-05-06T16:25:02.258Z","level":"WARN","module":"ExcelService","message":"Error upserting product","data":{"product_id":"B094JNXNPV","error":"Product.upsert is not a function"}}
{"timestamp":"2026-05-06T16:25:02.258Z","level":"WARN","module":"ExcelService","message":"Error upserting product","data":{"product_id":"B00GZLB57U","error":"Product.upsert is not a function"}}
{"timestamp":"2026-05-06T16:25:02.259Z","level":"WARN","module":"ExcelService","message":"Error upserting product","data":{"product_id":"B07V82W5CN","error":"Product.upsert is not a function"}}
{"timestamp":"2026-05-06T16:25:02.260Z","level":"WARN","module":"ExcelService","message":"Error upserting product","data":{"product_id":"B077Z65HSD","error":"Product.upsert is not a function"}}
{"timestamp":"2026-05-06T16:25:02.261Z","level":"WARN","module":"ExcelService","message":"Error upserting product","data":{"product_id":"B08HD7JQHX","error":"Product.upsert is not a function"}}
{"timestamp":"2026-05-06T16:25:02.261Z","level":"WARN","module":"ExcelService","message":"Error upserting product","data":{"product_id":"B0B31FR4Y2","error":"Product.upsert is not a function"}}
{"timestamp":"2026-05-06T16:25:02.263Z","level":"WARN","module":"ExcelService","message":"Error upserting product","data":{"product_id":"B09Y14JLP3","error":"Product.upsert is not a function"}}
{"timestamp":"2026-05-06T16:25:02.263Z","level":"WARN","module":"ExcelService","message":"Error upserting product","data":{"product_id":"B09ZHCJDP1","error":"Product.upsert is not a function"}}
{"timestamp":"2026-05-06T16:25:02.264Z","level":"WARN","module":"ExcelService","message":"Error upserting product","data":{"product_id":"B08C4Z69LN","error":"Product.upsert is not a function"}}
{"timestamp":"2026-05-06T16:25:02.265Z","level":"WARN","module":"ExcelService","message":"Error upserting product","data":{"product_id":"B016XVRKZM","error":"Product.upsert is not a function"}}
{"timestamp":"2026-05-06T16:25:02.265Z","level":"WARN","module":"ExcelService","message":"Error upserting product","data":{"product_id":"B00LHZW3XY","error":"Product.upsert is not a function"}}
{"timestamp":"2026-05-06T16:25:02.266Z","level":"WARN","module":"ExcelService","message":"Error upserting product","data":{"product_id":"B098JYT4SY","error":"Product.upsert is not a function"}}
{"timestamp":"2026-05-06T16:25:02.266Z","level":"WARN","module":"ExcelService","message":"Error upserting product","data":{"product_id":"B08CFCK6CW","error":"Product.upsert is not a function"}}
{"timestamp":"2026-05-06T16:25:02.266Z","level":"WARN","module":"ExcelService","message":"Error upserting product","data":{"product_id":"B09P564ZTJ","error":"Product.upsert is not a function"}}
{"timestamp":"2026-05-06T16:25:02.267Z","level":"WARN","module":"ExcelService","message":"Error upserting product","data":{"product_id":"B07MSLTW8Z","error":"Product.upsert is not a function"}}
{"timestamp":"2026-05-06T16:25:02.267Z","level":"WARN","module":"ExcelService","message":"Error upserting product","data":{"product_id":"B09N6TTHT6","error":"Product.upsert is not a function"}}
{"timestamp":"2026-05-06T16:25:02.268Z","level":"WARN","module":"ExcelService","message":"Error upserting product","data":{"product_id":"B09W5XR9RT","error":"Product.upsert is not a function"}}
{"timestamp":"2026-05-06T16:25:02.268Z","level":"WARN","module":"ExcelService","message":"Error upserting product","data":{"product_id":"B098R25TGC","error":"Product.upsert is not a function"}}
{"timestamp":"2026-05-06T16:25:02.268Z","level":"WARN","module":"ExcelService","message":"Error upserting product","data":{"product_id":"B0B2PQL5N3","error":"Product.upsert is not a function"}}
{"timestamp":"2026-05-06T16:25:02.269Z","level":"WARN","module":"ExcelService","message":"Error upserting product","data":{"product_id":"B07DKZCZ89","error":"Product.upsert is not a function"}}
{"timestamp":"2026-05-06T16:25:02.269Z","level":"WARN","module":"ExcelService","message":"Error upserting product","data":{"product_id":"B08GYG6T12","error":"Product.upsert is not a function"}}
{"timestamp":"2026-05-06T16:25:02.270Z","level":"WARN","module":"ExcelService","message":"Error upserting product","data":{"product_id":"B09BN2NPBD","error":"Product.upsert is not a function"}}
{"timestamp":"2026-05-06T16:25:02.270Z","level":"WARN","module":"ExcelService","message":"Error upserting product","data":{"product_id":"B00J4YG0PC","error":"Product.upsert is not a function"}}
{"timestamp":"2026-05-06T16:25:02.271Z","level":"WARN","module":"ExcelService","message":"Error upserting product","data":{"product_id":"B073BRXPZX","error":"Product.upsert is not a function"}}
{"timestamp":"2026-05-06T16:25:02.271Z","level":"WARN","module":"ExcelService","message":"Error upserting product","data":{"product_id":"B08LHTJTBB","error":"Product.upsert is not a function"}}
{"timestamp":"2026-05-06T16:25:02.273Z","level":"WARN","module":"ExcelService","message":"Error upserting product","data":{"product_id":"B07VTFN6HM","error":"Product.upsert is not a function"}}
{"timestamp":"2026-05-06T16:25:02.274Z","level":"WARN","module":"ExcelService","message":"Error upserting product","data":{"product_id":"B008QS9J6Y","error":"Product.upsert is not a function"}}
{"timestamp":"2026-05-06T16:25:02.275Z","level":"WARN","module":"ExcelService","message":"Error upserting product","data":{"product_id":"B09M8888DM","error":"Product.upsert is not a function"}}
{"timestamp":"2026-05-06T16:25:02.277Z","level":"WARN","module":"ExcelService","message":"Error upserting product","data":{"product_id":"B07Z1YVP72","error":"Product.upsert is not a function"}}
{"timestamp":"2026-05-06T16:25:02.278Z","level":"WARN","module":"ExcelService","message":"Error upserting product","data":{"product_id":"B082FTPRSK","error":"Product.upsert is not a function"}}
{"timestamp":"2026-05-06T16:25:02.278Z","level":"WARN","module":"ExcelService","message":"Error upserting product","data":{"product_id":"B09RF2QXGX","error":"Product.upsert is not a function"}}
{"timestamp":"2026-05-06T16:25:02.279Z","level":"WARN","module":"ExcelService","message":"Error upserting product","data":{"product_id":"B01KK0HU3Y","error":"Product.upsert is not a function"}}
{"timestamp":"2026-05-06T16:25:02.280Z","level":"WARN","module":"ExcelService","message":"Error upserting product","data":{"product_id":"B07JF9B592","error":"Product.upsert is not a function"}}
{"timestamp":"2026-05-06T16:25:02.280Z","level":"WARN","module":"ExcelService","message":"Error upserting product","data":{"product_id":"B086394NY5","error":"Product.upsert is not a function"}}
{"timestamp":"2026-05-06T16:25:02.281Z","level":"WARN","module":"ExcelService","message":"Error upserting product","data":{"product_id":"B00NH11PEY","error":"Product.upsert is not a function"}}
{"timestamp":"2026-05-06T16:25:02.281Z","level":"WARN","module":"ExcelService","message":"Error upserting product","data":{"product_id":"B017PDR9N0","error":"Product.upsert is not a function"}}
{"timestamp":"2026-05-06T16:25:02.281Z","level":"WARN","module":"ExcelService","message":"Error upserting product","data":{"product_id":"B07NC12T2R","error":"Product.upsert is not a function"}}
{"timestamp":"2026-05-06T16:25:02.282Z","level":"WARN","module":"ExcelService","message":"Error upserting product","data":{"product_id":"B07WKBD37W","error":"Product.upsert is not a function"}}
{"timestamp":"2026-05-06T16:25:02.283Z","level":"WARN","module":"ExcelService","message":"Error upserting product","data":{"product_id":"B08JMC1988","error":"Product.upsert is not a function"}}
{"timestamp":"2026-05-06T16:25:02.283Z","level":"WARN","module":"ExcelService","message":"Error upserting product","data":{"product_id":"B09GFN8WZL","error":"Product.upsert is not a function"}}
{"timestamp":"2026-05-06T16:25:02.283Z","level":"WARN","module":"ExcelService","message":"Error upserting product","data":{"product_id":"B095X38CJS","error":"Product.upsert is not a function"}}
{"timestamp":"2026-05-06T16:25:02.284Z","level":"WARN","module":"ExcelService","message":"Error upserting product","data":{"product_id":"B07ZKD8T1Q","error":"Product.upsert is not a function"}}
{"timestamp":"2026-05-06T16:25:02.284Z","level":"WARN","module":"ExcelService","message":"Error upserting product","data":{"product_id":"B07G3YNLJB","error":"Product.upsert is not a function"}}
{"timestamp":"2026-05-06T16:25:02.285Z","level":"WARN","module":"ExcelService","message":"Error upserting product","data":{"product_id":"B00P93X2H6","error":"Product.upsert is not a function"}}
{"timestamp":"2026-05-06T16:25:02.285Z","level":"WARN","module":"ExcelService","message":"Error upserting product","data":{"product_id":"B0798PJPCL","error":"Product.upsert is not a function"}}
{"timestamp":"2026-05-06T16:25:02.286Z","level":"WARN","module":"ExcelService","message":"Error upserting product","data":{"product_id":"B09GFWJDY1","error":"Product.upsert is not a function"}}
{"timestamp":"2026-05-06T16:25:02.286Z","level":"WARN","module":"ExcelService","message":"Error upserting product","data":{"product_id":"B09MZ6WZ6V","error":"Product.upsert is not a function"}}
{"timestamp":"2026-05-06T16:25:02.287Z","level":"WARN","module":"ExcelService","message":"Error upserting product","data":{"product_id":"B094QZLJQ6","error":"Product.upsert is not a function"}}
{"timestamp":"2026-05-06T16:25:02.287Z","level":"WARN","module":"ExcelService","message":"Error upserting product","data":{"product_id":"B07L3NDN24","error":"Product.upsert is not a function"}}
{"timestamp":"2026-05-06T16:25:02.288Z","level":"WARN","module":"ExcelService","message":"Error upserting product","data":{"product_id":"B08WD18LJZ","error":"Product.upsert is not a function"}}
{"timestamp":"2026-05-06T16:25:02.288Z","level":"WARN","module":"ExcelService","message":"Error upserting product","data":{"product_id":"B09CMM3VGK","error":"Product.upsert is not a function"}}
{"timestamp":"2026-05-06T16:25:02.288Z","level":"WARN","module":"ExcelService","message":"Error upserting product","data":{"product_id":"B06XDKWLJH","error":"Product.upsert is not a function"}}
{"timestamp":"2026-05-06T16:25:02.289Z","level":"WARN","module":"ExcelService","message":"Error upserting product","data":{"product_id":"B01J1CFO5I","error":"Product.upsert is not a function"}}
{"timestamp":"2026-05-06T16:25:02.289Z","level":"WARN","module":"ExcelService","message":"Error upserting product","data":{"product_id":"B07J2NGB69","error":"Product.upsert is not a function"}}
{"timestamp":"2026-05-06T16:25:02.289Z","level":"WARN","module":"ExcelService","message":"Error upserting product","data":{"product_id":"B00MUTWLW4","error":"Product.upsert is not a function"}}
{"timestamp":"2026-05-06T16:25:02.290Z","level":"WARN","module":"ExcelService","message":"Error upserting product","data":{"product_id":"B08QSC1XY8","error":"Product.upsert is not a function"}}
{"timestamp":"2026-05-06T16:25:02.291Z","level":"WARN","module":"ExcelService","message":"Error upserting product","data":{"product_id":"B017NC2IPM","error":"Product.upsert is not a function"}}
{"timestamp":"2026-05-06T16:25:02.292Z","level":"WARN","module":"ExcelService","message":"Error upserting product","data":{"product_id":"B00N1U7JXM","error":"Product.upsert is not a function"}}
{"timestamp":"2026-05-06T16:25:02.292Z","level":"WARN","module":"ExcelService","message":"Error upserting product","data":{"product_id":"B08HQL67D6","error":"Product.upsert is not a function"}}
{"timestamp":"2026-05-06T16:25:02.293Z","level":"WARN","module":"ExcelService","message":"Error upserting product","data":{"product_id":"B09RKFBCV7","error":"Product.upsert is not a function"}}
{"timestamp":"2026-05-06T16:25:02.293Z","level":"WARN","module":"ExcelService","message":"Error upserting product","data":{"product_id":"B08KHM9VBJ","error":"Product.upsert is not a function"}}
{"timestamp":"2026-05-06T16:25:02.294Z","level":"WARN","module":"ExcelService","message":"Error upserting product","data":{"product_id":"B01IOZUHRS","error":"Product.upsert is not a function"}}
{"timestamp":"2026-05-06T16:25:02.294Z","level":"WARN","module":"ExcelService","message":"Error upserting product","data":{"product_id":"B00CEQEGPI","error":"Product.upsert is not a function"}}
{"timestamp":"2026-05-06T16:25:02.295Z","level":"WARN","module":"ExcelService","message":"Error upserting product","data":{"product_id":"B08B6XWQ1C","error":"Product.upsert is not a function"}}
{"timestamp":"2026-05-06T16:25:02.295Z","level":"WARN","module":"ExcelService","message":"Error upserting product","data":{"product_id":"B01DGVKBC6","error":"Product.upsert is not a function"}}
{"timestamp":"2026-05-06T16:25:02.296Z","level":"WARN","module":"ExcelService","message":"Error upserting product","data":{"product_id":"B008FWZGSG","error":"Product.upsert is not a function"}}
{"timestamp":"2026-05-06T16:25:02.296Z","level":"WARN","module":"ExcelService","message":"Error upserting product","data":{"product_id":"B08JD36C6H","error":"Product.upsert is not a function"}}
{"timestamp":"2026-05-06T16:25:02.296Z","level":"WARN","module":"ExcelService","message":"Error upserting product","data":{"product_id":"B00E3DVQFS","error":"Product.upsert is not a function"}}
{"timestamp":"2026-05-06T16:25:02.297Z","level":"WARN","module":"ExcelService","message":"Error upserting product","data":{"product_id":"B0B4HJNPV4","error":"Product.upsert is not a function"}}
{"timestamp":"2026-05-06T16:25:02.297Z","level":"WARN","module":"ExcelService","message":"Error upserting product","data":{"product_id":"B00BN5SNF0","error":"Product.upsert is not a function"}}
{"timestamp":"2026-05-06T16:25:02.298Z","level":"WARN","module":"ExcelService","message":"Error upserting product","data":{"product_id":"B09SGGRKV8","error":"Product.upsert is not a function"}}
{"timestamp":"2026-05-06T16:25:02.298Z","level":"WARN","module":"ExcelService","message":"Error upserting product","data":{"product_id":"B07XLCFSSN","error":"Product.upsert is not a function"}}
{"timestamp":"2026-05-06T16:25:02.298Z","level":"WARN","module":"ExcelService","message":"Error upserting product","data":{"product_id":"B09RZS1NQT","error":"Product.upsert is not a function"}}
{"timestamp":"2026-05-06T16:25:02.299Z","level":"WARN","module":"ExcelService","message":"Error upserting product","data":{"product_id":"B084BR3QX8","error":"Product.upsert is not a function"}}
{"timestamp":"2026-05-06T16:25:02.299Z","level":"WARN","module":"ExcelService","message":"Error upserting product","data":{"product_id":"B09VC2D2WG","error":"Product.upsert is not a function"}}
{"timestamp":"2026-05-06T16:25:02.299Z","level":"WARN","module":"ExcelService","message":"Error upserting product","data":{"product_id":"B09163Q5CD","error":"Product.upsert is not a function"}}
{"timestamp":"2026-05-06T16:25:02.300Z","level":"WARN","module":"ExcelService","message":"Error upserting product","data":{"product_id":"B08K9PX15C","error":"Product.upsert is not a function"}}
{"timestamp":"2026-05-06T16:25:02.300Z","level":"WARN","module":"ExcelService","message":"Error upserting product","data":{"product_id":"B083RD1J99","error":"Product.upsert is not a function"}}
{"timestamp":"2026-05-06T16:25:02.301Z","level":"WARN","module":"ExcelService","message":"Error upserting product","data":{"product_id":"B09Z7YGV3R","error":"Product.upsert is not a function"}}
{"timestamp":"2026-05-06T16:25:02.301Z","level":"WARN","module":"ExcelService","message":"Error upserting product","data":{"product_id":"B00N3XLDW0","error":"Product.upsert is not a function"}}
{"timestamp":"2026-05-06T16:25:02.301Z","level":"WARN","module":"ExcelService","message":"Error upserting product","data":{"product_id":"B07Z53L5QL","error":"Product.upsert is not a function"}}
{"timestamp":"2026-05-06T16:25:02.302Z","level":"WARN","module":"ExcelService","message":"Error upserting product","data":{"product_id":"B00P93X0VO","error":"Product.upsert is not a function"}}
{"timestamp":"2026-05-06T16:25:02.302Z","level":"WARN","module":"ExcelService","message":"Error upserting product","data":{"product_id":"B07SBGFDX9","error":"Product.upsert is not a function"}}
{"timestamp":"2026-05-06T16:25:02.302Z","level":"WARN","module":"ExcelService","message":"Error upserting product","data":{"product_id":"B09C6HWG18","error":"Product.upsert is not a function"}}
{"timestamp":"2026-05-06T16:25:02.303Z","level":"WARN","module":"ExcelService","message":"Error upserting product","data":{"product_id":"B00NH11KIK","error":"Product.upsert is not a function"}}
{"timestamp":"2026-05-06T16:25:02.303Z","level":"WARN","module":"ExcelService","message":"Error upserting product","data":{"product_id":"B07X2L5Z8C","error":"Product.upsert is not a function"}}
{"timestamp":"2026-05-06T16:25:02.303Z","level":"WARN","module":"ExcelService","message":"Error upserting product","data":{"product_id":"B00VA7YYUO","error":"Product.upsert is not a function"}}
{"timestamp":"2026-05-06T16:25:02.304Z","level":"WARN","module":"ExcelService","message":"Error upserting product","data":{"product_id":"B07L9FW9GF","error":"Product.upsert is not a function"}}
{"timestamp":"2026-05-06T16:25:02.304Z","level":"WARN","module":"ExcelService","message":"Error upserting product","data":{"product_id":"B08D64C9FN","error":"Product.upsert is not a function"}}
{"timestamp":"2026-05-06T16:25:02.305Z","level":"WARN","module":"ExcelService","message":"Error upserting product","data":{"product_id":"B07XJYYH7L","error":"Product.upsert is not a function"}}
{"timestamp":"2026-05-06T16:25:02.305Z","level":"WARN","module":"ExcelService","message":"Error upserting product","data":{"product_id":"B00LOD70SC","error":"Product.upsert is not a function"}}
{"timestamp":"2026-05-06T16:25:02.306Z","level":"WARN","module":"ExcelService","message":"Error upserting product","data":{"product_id":"B09X76VL5L","error":"Product.upsert is not a function"}}
{"timestamp":"2026-05-06T16:25:02.306Z","level":"WARN","module":"ExcelService","message":"Error upserting product","data":{"product_id":"B091JF2TFD","error":"Product.upsert is not a function"}}
{"timestamp":"2026-05-06T16:25:02.307Z","level":"WARN","module":"ExcelService","message":"Error upserting product","data":{"product_id":"B07S7DCJKS","error":"Product.upsert is not a function"}}
{"timestamp":"2026-05-06T16:25:02.308Z","level":"WARN","module":"ExcelService","message":"Error upserting product","data":{"product_id":"B09NC2TY11","error":"Product.upsert is not a function"}}
{"timestamp":"2026-05-06T16:25:02.309Z","level":"WARN","module":"ExcelService","message":"Error upserting product","data":{"product_id":"B0BDS8MY8J","error":"Product.upsert is not a function"}}
{"timestamp":"2026-05-06T16:25:02.309Z","level":"WARN","module":"ExcelService","message":"Error upserting product","data":{"product_id":"B09X7DY7Q4","error":"Product.upsert is not a function"}}
{"timestamp":"2026-05-06T16:25:02.310Z","level":"WARN","module":"ExcelService","message":"Error upserting product","data":{"product_id":"B09YV575RK","error":"Product.upsert is not a function"}}
{"timestamp":"2026-05-06T16:25:02.310Z","level":"WARN","module":"ExcelService","message":"Error upserting product","data":{"product_id":"B08LW31NQ6","error":"Product.upsert is not a function"}}
{"timestamp":"2026-05-06T16:25:02.311Z","level":"WARN","module":"ExcelService","message":"Error upserting product","data":{"product_id":"B09ND94ZRG","error":"Product.upsert is not a function"}}
{"timestamp":"2026-05-06T16:25:02.311Z","level":"WARN","module":"ExcelService","message":"Error upserting product","data":{"product_id":"B00P93X6EK","error":"Product.upsert is not a function"}}
{"timestamp":"2026-05-06T16:25:02.312Z","level":"WARN","module":"ExcelService","message":"Error upserting product","data":{"product_id":"B07KRCW6LZ","error":"Product.upsert is not a function"}}
{"timestamp":"2026-05-06T16:25:02.312Z","level":"WARN","module":"ExcelService","message":"Error upserting product","data":{"product_id":"B0994GP1CX","error":"Product.upsert is not a function"}}
{"timestamp":"2026-05-06T16:25:02.313Z","level":"WARN","module":"ExcelService","message":"Error upserting product","data":{"product_id":"B07H8W9PB6","error":"Product.upsert is not a function"}}
{"timestamp":"2026-05-06T16:25:02.313Z","level":"WARN","module":"ExcelService","message":"Error upserting product","data":{"product_id":"B09NNHFSSF","error":"Product.upsert is not a function"}}
{"timestamp":"2026-05-06T16:25:02.314Z","level":"WARN","module":"ExcelService","message":"Error upserting product","data":{"product_id":"B08D9NDZ1Y","error":"Product.upsert is not a function"}}
{"timestamp":"2026-05-06T16:25:02.314Z","level":"WARN","module":"ExcelService","message":"Error upserting product","data":{"product_id":"B0085IATT6","error":"Product.upsert is not a function"}}
{"timestamp":"2026-05-06T16:25:02.314Z","level":"WARN","module":"ExcelService","message":"Error upserting product","data":{"product_id":"B08WJ86PV2","error":"Product.upsert is not a function"}}
{"timestamp":"2026-05-06T16:25:02.315Z","level":"WARN","module":"ExcelService","message":"Error upserting product","data":{"product_id":"B078HRR1XV","error":"Product.upsert is not a function"}}
{"timestamp":"2026-05-06T16:25:02.316Z","level":"WARN","module":"ExcelService","message":"Error upserting product","data":{"product_id":"B09P22HXH6","error":"Product.upsert is not a function"}}
{"timestamp":"2026-05-06T16:25:02.316Z","level":"WARN","module":"ExcelService","message":"Error upserting product","data":{"product_id":"B00LM4X3XE","error":"Product.upsert is not a function"}}
{"timestamp":"2026-05-06T16:25:02.317Z","level":"WARN","module":"ExcelService","message":"Error upserting product","data":{"product_id":"B09YLFHFDW","error":"Product.upsert is not a function"}}
{"timestamp":"2026-05-06T16:25:02.317Z","level":"WARN","module":"ExcelService","message":"Error upserting product","data":{"product_id":"B07YWS9SP9","error":"Product.upsert is not a function"}}
{"timestamp":"2026-05-06T16:25:02.318Z","level":"WARN","module":"ExcelService","message":"Error upserting product","data":{"product_id":"B002PD61Y4","error":"Product.upsert is not a function"}}
{"timestamp":"2026-05-06T16:25:02.318Z","level":"WARN","module":"ExcelService","message":"Error upserting product","data":{"product_id":"B08WLY8V9S","error":"Product.upsert is not a function"}}
{"timestamp":"2026-05-06T16:25:02.318Z","level":"WARN","module":"ExcelService","message":"Error upserting product","data":{"product_id":"B0873L7J6X","error":"Product.upsert is not a function"}}
{"timestamp":"2026-05-06T16:25:02.319Z","level":"WARN","module":"ExcelService","message":"Error upserting product","data":{"product_id":"B07YNHCW6N","error":"Product.upsert is not a function"}}
{"timestamp":"2026-05-06T16:25:02.319Z","level":"WARN","module":"ExcelService","message":"Error upserting product","data":{"product_id":"B07232M876","error":"Product.upsert is not a function"}}
{"timestamp":"2026-05-06T16:25:02.319Z","level":"WARN","module":"ExcelService","message":"Error upserting product","data":{"product_id":"B01MQ2A86A","error":"Product.upsert is not a function"}}
{"timestamp":"2026-05-06T16:25:02.320Z","level":"WARN","module":"ExcelService","message":"Error upserting product","data":{"product_id":"B00KIE28X0","error":"Product.upsert is not a function"}}
{"timestamp":"2026-05-06T16:25:02.321Z","level":"WARN","module":"ExcelService","message":"Error upserting product","data":{"product_id":"B08BQ947H3","error":"Product.upsert is not a function"}}
{"timestamp":"2026-05-06T16:25:02.321Z","level":"WARN","module":"ExcelService","message":"Error upserting product","data":{"product_id":"B0BHYJ8CVF","error":"Product.upsert is not a function"}}
{"timestamp":"2026-05-06T16:25:02.322Z","level":"WARN","module":"ExcelService","message":"Error upserting product","data":{"product_id":"B0BCVJ3PVP","error":"Product.upsert is not a function"}}
{"timestamp":"2026-05-06T16:25:02.322Z","level":"WARN","module":"ExcelService","message":"Error upserting product","data":{"product_id":"B0B2931FCV","error":"Product.upsert is not a function"}}
{"timestamp":"2026-05-06T16:25:02.323Z","level":"WARN","module":"ExcelService","message":"Error upserting product","data":{"product_id":"B09TMZ1MF8","error":"Product.upsert is not a function"}}
{"timestamp":"2026-05-06T16:25:02.324Z","level":"WARN","module":"ExcelService","message":"Error upserting product","data":{"product_id":"B07VV37FT4","error":"Product.upsert is not a function"}}
{"timestamp":"2026-05-06T16:25:02.324Z","level":"WARN","module":"ExcelService","message":"Error upserting product","data":{"product_id":"B07P681N66","error":"Product.upsert is not a function"}}
{"timestamp":"2026-05-06T16:25:02.325Z","level":"WARN","module":"ExcelService","message":"Error upserting product","data":{"product_id":"B07JB2Y4SR","error":"Product.upsert is not a function"}}
{"timestamp":"2026-05-06T16:25:02.325Z","level":"WARN","module":"ExcelService","message":"Error upserting product","data":{"product_id":"B08KRMK9LZ","error":"Product.upsert is not a function"}}
{"timestamp":"2026-05-06T16:25:02.326Z","level":"WARN","module":"ExcelService","message":"Error upserting product","data":{"product_id":"B08LT9BMPP","error":"Product.upsert is not a function"}}
{"timestamp":"2026-05-06T16:25:02.327Z","level":"WARN","module":"ExcelService","message":"Error upserting product","data":{"product_id":"B082T6V3DT","error":"Product.upsert is not a function"}}
{"timestamp":"2026-05-06T16:25:02.328Z","level":"WARN","module":"ExcelService","message":"Error upserting product","data":{"product_id":"B0814ZY6FP","error":"Product.upsert is not a function"}}
{"timestamp":"2026-05-06T16:25:02.329Z","level":"WARN","module":"ExcelService","message":"Error upserting product","data":{"product_id":"B09F3PDDRF","error":"Product.upsert is not a function"}}
{"timestamp":"2026-05-06T16:25:02.329Z","level":"WARN","module":"ExcelService","message":"Error upserting product","data":{"product_id":"B07X963JNS","error":"Product.upsert is not a function"}}
{"timestamp":"2026-05-06T16:25:02.330Z","level":"WARN","module":"ExcelService","message":"Error upserting product","data":{"product_id":"B09LD3116F","error":"Product.upsert is not a function"}}
{"timestamp":"2026-05-06T16:25:02.330Z","level":"WARN","module":"ExcelService","message":"Error upserting product","data":{"product_id":"B08Y5QJTVK","error":"Product.upsert is not a function"}}
{"timestamp":"2026-05-06T16:25:02.331Z","level":"WARN","module":"ExcelService","message":"Error upserting product","data":{"product_id":"B00LY1FN1K","error":"Product.upsert is not a function"}}
{"timestamp":"2026-05-06T16:25:02.331Z","level":"WARN","module":"ExcelService","message":"Error upserting product","data":{"product_id":"B07DJ5KYDZ","error":"Product.upsert is not a function"}}
{"timestamp":"2026-05-06T16:25:02.332Z","level":"WARN","module":"ExcelService","message":"Error upserting product","data":{"product_id":"B009LJ2BXA","error":"Product.upsert is not a function"}}
{"timestamp":"2026-05-06T16:25:02.332Z","level":"WARN","module":"ExcelService","message":"Error upserting product","data":{"product_id":"B09BVCVTBC","error":"Product.upsert is not a function"}}
{"timestamp":"2026-05-06T16:25:02.333Z","level":"WARN","module":"ExcelService","message":"Error upserting product","data":{"product_id":"B0BFWGBX61","error":"Product.upsert is not a function"}}
{"timestamp":"2026-05-06T16:25:02.333Z","level":"WARN","module":"ExcelService","message":"Error upserting product","data":{"product_id":"B07SY4C3TD","error":"Product.upsert is not a function"}}
{"timestamp":"2026-05-06T16:25:02.334Z","level":"WARN","module":"ExcelService","message":"Error upserting product","data":{"product_id":"B094JB13XL","error":"Product.upsert is not a function"}}
{"timestamp":"2026-05-06T16:25:02.334Z","level":"WARN","module":"ExcelService","message":"Error upserting product","data":{"product_id":"B08CRRQK6Z","error":"Product.upsert is not a function"}}
{"timestamp":"2026-05-06T16:25:02.334Z","level":"WARN","module":"ExcelService","message":"Error upserting product","data":{"product_id":"B08MTLLSL8","error":"Product.upsert is not a function"}}
{"timestamp":"2026-05-06T16:25:02.335Z","level":"WARN","module":"ExcelService","message":"Error upserting product","data":{"product_id":"B08Y57TPDM","error":"Product.upsert is not a function"}}
{"timestamp":"2026-05-06T16:25:02.335Z","level":"WARN","module":"ExcelService","message":"Error upserting product","data":{"product_id":"B09CYTJV3N","error":"Product.upsert is not a function"}}
{"timestamp":"2026-05-06T16:25:02.335Z","level":"WARN","module":"ExcelService","message":"Error upserting product","data":{"product_id":"B07GLNJC25","error":"Product.upsert is not a function"}}
{"timestamp":"2026-05-06T16:25:02.336Z","level":"WARN","module":"ExcelService","message":"Error upserting product","data":{"product_id":"B08FY4FG5X","error":"Product.upsert is not a function"}}
{"timestamp":"2026-05-06T16:25:02.336Z","level":"WARN","module":"ExcelService","message":"Error upserting product","data":{"product_id":"B07TMCXRFV","error":"Product.upsert is not a function"}}
{"timestamp":"2026-05-06T16:25:02.336Z","level":"WARN","module":"ExcelService","message":"Error upserting product","data":{"product_id":"B01FSYQ2A4","error":"Product.upsert is not a function"}}
{"timestamp":"2026-05-06T16:25:02.337Z","level":"WARN","module":"ExcelService","message":"Error upserting product","data":{"product_id":"B00LZPQVMK","error":"Product.upsert is not a function"}}
{"timestamp":"2026-05-06T16:25:02.337Z","level":"WARN","module":"ExcelService","message":"Error upserting product","data":{"product_id":"B08X77LM8C","error":"Product.upsert is not a function"}}
{"timestamp":"2026-05-06T16:25:02.338Z","level":"WARN","module":"ExcelService","message":"Error upserting product","data":{"product_id":"B01EJ5MM5M","error":"Product.upsert is not a function"}}
{"timestamp":"2026-05-06T16:25:02.338Z","level":"WARN","module":"ExcelService","message":"Error upserting product","data":{"product_id":"B08J82K4GX","error":"Product.upsert is not a function"}}
{"timestamp":"2026-05-06T16:25:02.338Z","level":"WARN","module":"ExcelService","message":"Error upserting product","data":{"product_id":"B07Z1Z77ZZ","error":"Product.upsert is not a function"}}
{"timestamp":"2026-05-06T16:25:02.339Z","level":"WARN","module":"ExcelService","message":"Error upserting product","data":{"product_id":"B00DJ5N9VK","error":"Product.upsert is not a function"}}
{"timestamp":"2026-05-06T16:25:02.339Z","level":"WARN","module":"ExcelService","message":"Error upserting product","data":{"product_id":"B0B4DT8MKT","error":"Product.upsert is not a function"}}
{"timestamp":"2026-05-06T16:25:02.340Z","level":"WARN","module":"ExcelService","message":"Error upserting product","data":{"product_id":"B08FGNPQ9X","error":"Product.upsert is not a function"}}
{"timestamp":"2026-05-06T16:25:02.341Z","level":"WARN","module":"ExcelService","message":"Error upserting product","data":{"product_id":"B07NTKGW45","error":"Product.upsert is not a function"}}
{"timestamp":"2026-05-06T16:25:02.342Z","level":"WARN","module":"ExcelService","message":"Error upserting product","data":{"product_id":"B08CDKQ8T6","error":"Product.upsert is not a function"}}
{"timestamp":"2026-05-06T16:25:02.342Z","level":"WARN","module":"ExcelService","message":"Error upserting product","data":{"product_id":"B08J4PL1Z3","error":"Product.upsert is not a function"}}
{"timestamp":"2026-05-06T16:25:02.343Z","level":"WARN","module":"ExcelService","message":"Error upserting product","data":{"product_id":"B07XJWTYM2","error":"Product.upsert is not a function"}}
{"timestamp":"2026-05-06T16:25:02.344Z","level":"WARN","module":"ExcelService","message":"Error upserting product","data":{"product_id":"B09939XJX8","error":"Product.upsert is not a function"}}
{"timestamp":"2026-05-06T16:25:02.344Z","level":"WARN","module":"ExcelService","message":"Error upserting product","data":{"product_id":"B09MDCZJXS","error":"Product.upsert is not a function"}}
{"timestamp":"2026-05-06T16:25:02.345Z","level":"WARN","module":"ExcelService","message":"Error upserting product","data":{"product_id":"B08CTQP51L","error":"Product.upsert is not a function"}}
{"timestamp":"2026-05-06T16:25:02.345Z","level":"WARN","module":"ExcelService","message":"Error upserting product","data":{"product_id":"B0BG62HMDJ","error":"Product.upsert is not a function"}}
{"timestamp":"2026-05-06T16:25:02.346Z","level":"WARN","module":"ExcelService","message":"Error upserting product","data":{"product_id":"B08GTYFC37","error":"Product.upsert is not a function"}}
{"timestamp":"2026-05-06T16:25:02.346Z","level":"WARN","module":"ExcelService","message":"Error upserting product","data":{"product_id":"B08SBH499M","error":"Product.upsert is not a function"}}
{"timestamp":"2026-05-06T16:25:02.346Z","level":"WARN","module":"ExcelService","message":"Error upserting product","data":{"product_id":"B08FYB5HHK","error":"Product.upsert is not a function"}}
{"timestamp":"2026-05-06T16:25:02.346Z","level":"WARN","module":"ExcelService","message":"Error upserting product","data":{"product_id":"B0994GFWBH","error":"Product.upsert is not a function"}}
{"timestamp":"2026-05-06T16:25:02.347Z","level":"WARN","module":"ExcelService","message":"Error upserting product","data":{"product_id":"B0B5GJRTHB","error":"Product.upsert is not a function"}}
{"timestamp":"2026-05-06T16:25:02.347Z","level":"WARN","module":"ExcelService","message":"Error upserting product","data":{"product_id":"B09GBBJV72","error":"Product.upsert is not a function"}}
{"timestamp":"2026-05-06T16:25:02.348Z","level":"WARN","module":"ExcelService","message":"Error upserting product","data":{"product_id":"B07P434WJY","error":"Product.upsert is not a function"}}
{"timestamp":"2026-05-06T16:25:02.348Z","level":"WARN","module":"ExcelService","message":"Error upserting product","data":{"product_id":"B07T9FV9YP","error":"Product.upsert is not a function"}}
{"timestamp":"2026-05-06T16:25:02.349Z","level":"WARN","module":"ExcelService","message":"Error upserting product","data":{"product_id":"B01GGKZ0V6","error":"Product.upsert is not a function"}}
{"timestamp":"2026-05-06T16:25:02.349Z","level":"WARN","module":"ExcelService","message":"Error upserting product","data":{"product_id":"B08WKFSN84","error":"Product.upsert is not a function"}}
{"timestamp":"2026-05-06T16:25:02.349Z","level":"WARN","module":"ExcelService","message":"Error upserting product","data":{"product_id":"B09TBCVJS3","error":"Product.upsert is not a function"}}
{"timestamp":"2026-05-06T16:25:02.350Z","level":"WARN","module":"ExcelService","message":"Error upserting product","data":{"product_id":"B08TR61BVK","error":"Product.upsert is not a function"}}
{"timestamp":"2026-05-06T16:25:02.350Z","level":"WARN","module":"ExcelService","message":"Error upserting product","data":{"product_id":"B0B2CPVXHX","error":"Product.upsert is not a function"}}
{"timestamp":"2026-05-06T16:25:02.350Z","level":"WARN","module":"ExcelService","message":"Error upserting product","data":{"product_id":"B08XNL93PL","error":"Product.upsert is not a function"}}
{"timestamp":"2026-05-06T16:25:02.351Z","level":"WARN","module":"ExcelService","message":"Error upserting product","data":{"product_id":"B088GXTJM3","error":"Product.upsert is not a function"}}
{"timestamp":"2026-05-06T16:25:02.351Z","level":"WARN","module":"ExcelService","message":"Error upserting product","data":{"product_id":"B099S26HWG","error":"Product.upsert is not a function"}}
{"timestamp":"2026-05-06T16:25:02.351Z","level":"WARN","module":"ExcelService","message":"Error upserting product","data":{"product_id":"B08461VC1Z","error":"Product.upsert is not a function"}}
{"timestamp":"2026-05-06T16:25:02.352Z","level":"WARN","module":"ExcelService","message":"Error upserting product","data":{"product_id":"B00K32PEW4","error":"Product.upsert is not a function"}}
{"timestamp":"2026-05-06T16:25:02.352Z","level":"WARN","module":"ExcelService","message":"Error upserting product","data":{"product_id":"B09F9YQQ7B","error":"Product.upsert is not a function"}}
{"timestamp":"2026-05-06T16:25:02.353Z","level":"WARN","module":"ExcelService","message":"Error upserting product","data":{"product_id":"B07LFWP97N","error":"Product.upsert is not a function"}}
{"timestamp":"2026-05-06T16:25:02.353Z","level":"WARN","module":"ExcelService","message":"Error upserting product","data":{"product_id":"B0746N6WML","error":"Product.upsert is not a function"}}
{"timestamp":"2026-05-06T16:25:02.354Z","level":"WARN","module":"ExcelService","message":"Error upserting product","data":{"product_id":"B07W9KYT62","error":"Product.upsert is not a function"}}
{"timestamp":"2026-05-06T16:25:02.354Z","level":"WARN","module":"ExcelService","message":"Error upserting product","data":{"product_id":"B0B5ZF3NRK","error":"Product.upsert is not a function"}}
{"timestamp":"2026-05-06T16:25:02.354Z","level":"WARN","module":"ExcelService","message":"Error upserting product","data":{"product_id":"B08D9MNH4B","error":"Product.upsert is not a function"}}
{"timestamp":"2026-05-06T16:25:02.355Z","level":"WARN","module":"ExcelService","message":"Error upserting product","data":{"product_id":"B078G6ZF5Z","error":"Product.upsert is not a function"}}
{"timestamp":"2026-05-06T16:25:02.355Z","level":"WARN","module":"ExcelService","message":"Error upserting product","data":{"product_id":"B09MKG4ZCM","error":"Product.upsert is not a function"}}
{"timestamp":"2026-05-06T16:25:02.355Z","level":"WARN","module":"ExcelService","message":"Error upserting product","data":{"product_id":"B07RZZ1QSW","error":"Product.upsert is not a function"}}
{"timestamp":"2026-05-06T16:25:02.355Z","level":"WARN","module":"ExcelService","message":"Error upserting product","data":{"product_id":"B08BCKN299","error":"Product.upsert is not a function"}}
{"timestamp":"2026-05-06T16:25:02.356Z","level":"WARN","module":"ExcelService","message":"Error upserting product","data":{"product_id":"B07222HQKP","error":"Product.upsert is not a function"}}
{"timestamp":"2026-05-06T16:25:02.357Z","level":"WARN","module":"ExcelService","message":"Error upserting product","data":{"product_id":"B00NFD0ETQ","error":"Product.upsert is not a function"}}
{"timestamp":"2026-05-06T16:25:02.358Z","level":"WARN","module":"ExcelService","message":"Error upserting product","data":{"product_id":"B075DB1F13","error":"Product.upsert is not a function"}}
{"timestamp":"2026-05-06T16:25:02.359Z","level":"WARN","module":"ExcelService","message":"Error upserting product","data":{"product_id":"B0148NPH9I","error":"Product.upsert is not a function"}}
{"timestamp":"2026-05-06T16:25:02.359Z","level":"WARN","module":"ExcelService","message":"Error upserting product","data":{"product_id":"B01JOFKL0A","error":"Product.upsert is not a function"}}
{"timestamp":"2026-05-06T16:25:02.360Z","level":"WARN","module":"ExcelService","message":"Error upserting product","data":{"product_id":"B09Q8HMKZX","error":"Product.upsert is not a function"}}
{"timestamp":"2026-05-06T16:25:02.360Z","level":"WARN","module":"ExcelService","message":"Error upserting product","data":{"product_id":"B079S811J3","error":"Product.upsert is not a function"}}
{"timestamp":"2026-05-06T16:25:02.361Z","level":"WARN","module":"ExcelService","message":"Error upserting product","data":{"product_id":"B0083T231O","error":"Product.upsert is not a function"}}
{"timestamp":"2026-05-06T16:25:02.361Z","level":"WARN","module":"ExcelService","message":"Error upserting product","data":{"product_id":"B086PXQ2R4","error":"Product.upsert is not a function"}}
{"timestamp":"2026-05-06T16:25:02.362Z","level":"WARN","module":"ExcelService","message":"Error upserting product","data":{"product_id":"B07L1N3TJX","error":"Product.upsert is not a function"}}
{"timestamp":"2026-05-06T16:25:02.362Z","level":"WARN","module":"ExcelService","message":"Error upserting product","data":{"product_id":"B07YFWVRCM","error":"Product.upsert is not a function"}}
{"timestamp":"2026-05-06T16:25:02.362Z","level":"WARN","module":"ExcelService","message":"Error upserting product","data":{"product_id":"B01GGKYKQM","error":"Product.upsert is not a function"}}
{"timestamp":"2026-05-06T16:25:02.363Z","level":"WARN","module":"ExcelService","message":"Error upserting product","data":{"product_id":"B08TDJ5BVF","error":"Product.upsert is not a function"}}
{"timestamp":"2026-05-06T16:25:02.363Z","level":"WARN","module":"ExcelService","message":"Error upserting product","data":{"product_id":"B09XXZXQC1","error":"Product.upsert is not a function"}}
{"timestamp":"2026-05-06T16:25:02.364Z","level":"WARN","module":"ExcelService","message":"Error upserting product","data":{"product_id":"B083T5G5PM","error":"Product.upsert is not a function"}}
{"timestamp":"2026-05-06T16:25:02.364Z","level":"WARN","module":"ExcelService","message":"Error upserting product","data":{"product_id":"B0BHVPTM2C","error":"Product.upsert is not a function"}}
{"timestamp":"2026-05-06T16:25:02.365Z","level":"WARN","module":"ExcelService","message":"Error upserting product","data":{"product_id":"B0B86CDHL1","error":"Product.upsert is not a function"}}
{"timestamp":"2026-05-06T16:25:02.366Z","level":"WARN","module":"ExcelService","message":"Error upserting product","data":{"product_id":"B01NBX5RSB","error":"Product.upsert is not a function"}}
{"timestamp":"2026-05-06T16:25:02.366Z","level":"WARN","module":"ExcelService","message":"Error upserting product","data":{"product_id":"B08MWJTST6","error":"Product.upsert is not a function"}}
{"timestamp":"2026-05-06T16:25:02.366Z","level":"WARN","module":"ExcelService","message":"Error upserting product","data":{"product_id":"B07R99NBVB","error":"Product.upsert is not a function"}}
{"timestamp":"2026-05-06T16:25:02.367Z","level":"WARN","module":"ExcelService","message":"Error upserting product","data":{"product_id":"B08R69VDHT","error":"Product.upsert is not a function"}}
{"timestamp":"2026-05-06T16:25:02.367Z","level":"WARN","module":"ExcelService","message":"Error upserting product","data":{"product_id":"B00LY12TH6","error":"Product.upsert is not a function"}}
{"timestamp":"2026-05-06T16:25:02.368Z","level":"WARN","module":"ExcelService","message":"Error upserting product","data":{"product_id":"B09RWZRCP1","error":"Product.upsert is not a function"}}
{"timestamp":"2026-05-06T16:25:02.368Z","level":"WARN","module":"ExcelService","message":"Error upserting product","data":{"product_id":"B08497Z1MQ","error":"Product.upsert is not a function"}}
{"timestamp":"2026-05-06T16:25:02.369Z","level":"WARN","module":"ExcelService","message":"Error upserting product","data":{"product_id":"B07KNM95JK","error":"Product.upsert is not a function"}}
{"timestamp":"2026-05-06T16:25:02.369Z","level":"WARN","module":"ExcelService","message":"Error upserting product","data":{"product_id":"B09Q3M3WLJ","error":"Product.upsert is not a function"}}
{"timestamp":"2026-05-06T16:25:02.369Z","level":"WARN","module":"ExcelService","message":"Error upserting product","data":{"product_id":"B09B9SPC7F","error":"Product.upsert is not a function"}}
{"timestamp":"2026-05-06T16:25:02.370Z","level":"WARN","module":"ExcelService","message":"Error upserting product","data":{"product_id":"B09CMP1SC8","error":"Product.upsert is not a function"}}
{"timestamp":"2026-05-06T16:25:02.370Z","level":"WARN","module":"ExcelService","message":"Error upserting product","data":{"product_id":"B099SD8PRP","error":"Product.upsert is not a function"}}
{"timestamp":"2026-05-06T16:25:02.370Z","level":"WARN","module":"ExcelService","message":"Error upserting product","data":{"product_id":"B09YLXYP7Y","error":"Product.upsert is not a function"}}
{"timestamp":"2026-05-06T16:25:02.371Z","level":"WARN","module":"ExcelService","message":"Error upserting product","data":{"product_id":"B00S2SEV7K","error":"Product.upsert is not a function"}}
{"timestamp":"2026-05-06T16:25:02.371Z","level":"WARN","module":"ExcelService","message":"Error upserting product","data":{"product_id":"B08WKCTFF3","error":"Product.upsert is not a function"}}
{"timestamp":"2026-05-06T16:25:02.371Z","level":"WARN","module":"ExcelService","message":"Error upserting product","data":{"product_id":"B08498D67S","error":"Product.upsert is not a function"}}
{"timestamp":"2026-05-06T16:25:02.372Z","level":"WARN","module":"ExcelService","message":"Error upserting product","data":{"product_id":"B00C3GBCIS","error":"Product.upsert is not a function"}}
{"timestamp":"2026-05-06T16:25:02.372Z","level":"WARN","module":"ExcelService","message":"Error upserting product","data":{"product_id":"B00URH5E34","error":"Product.upsert is not a function"}}
{"timestamp":"2026-05-06T16:25:02.372Z","level":"WARN","module":"ExcelService","message":"Error upserting product","data":{"product_id":"B00EYW1U68","error":"Product.upsert is not a function"}}
{"timestamp":"2026-05-06T16:25:02.373Z","level":"WARN","module":"ExcelService","message":"Error upserting product","data":{"product_id":"B08SMJT55F","error":"Product.upsert is not a function"}}
{"timestamp":"2026-05-06T16:25:02.373Z","level":"WARN","module":"ExcelService","message":"Error upserting product","data":{"product_id":"B0B2DJDCPX","error":"Product.upsert is not a function"}}
{"timestamp":"2026-05-06T16:25:02.374Z","level":"WARN","module":"ExcelService","message":"Error upserting product","data":{"product_id":"B08Y7MXFMK","error":"Product.upsert is not a function"}}
{"timestamp":"2026-05-06T16:25:02.375Z","level":"WARN","module":"ExcelService","message":"Error upserting product","data":{"product_id":"B086Q3QMFS","error":"Product.upsert is not a function"}}
{"timestamp":"2026-05-06T16:25:02.376Z","level":"WARN","module":"ExcelService","message":"Error upserting product","data":{"product_id":"B08498H13H","error":"Product.upsert is not a function"}}
{"timestamp":"2026-05-06T16:25:02.376Z","level":"WARN","module":"ExcelService","message":"Error upserting product","data":{"product_id":"B07LFQLKFZ","error":"Product.upsert is not a function"}}
{"timestamp":"2026-05-06T16:25:02.377Z","level":"WARN","module":"ExcelService","message":"Error upserting product","data":{"product_id":"B00LY17RHI","error":"Product.upsert is not a function"}}
{"timestamp":"2026-05-06T16:25:02.378Z","level":"WARN","module":"ExcelService","message":"Error upserting product","data":{"product_id":"B07W14CHV8","error":"Product.upsert is not a function"}}
{"timestamp":"2026-05-06T16:25:02.378Z","level":"WARN","module":"ExcelService","message":"Error upserting product","data":{"product_id":"B0B9BXKBC7","error":"Product.upsert is not a function"}}
{"timestamp":"2026-05-06T16:25:02.379Z","level":"WARN","module":"ExcelService","message":"Error upserting product","data":{"product_id":"B09F5Z694W","error":"Product.upsert is not a function"}}
{"timestamp":"2026-05-06T16:25:02.379Z","level":"WARN","module":"ExcelService","message":"Error upserting product","data":{"product_id":"B0B25LQQPC","error":"Product.upsert is not a function"}}
{"timestamp":"2026-05-06T16:25:02.379Z","level":"WARN","module":"ExcelService","message":"Error upserting product","data":{"product_id":"B07GVGTSLN","error":"Product.upsert is not a function"}}
{"timestamp":"2026-05-06T16:25:02.380Z","level":"WARN","module":"ExcelService","message":"Error upserting product","data":{"product_id":"B01LYLJ99X","error":"Product.upsert is not a function"}}
{"timestamp":"2026-05-06T16:25:02.380Z","level":"WARN","module":"ExcelService","message":"Error upserting product","data":{"product_id":"B014SZPBM4","error":"Product.upsert is not a function"}}
{"timestamp":"2026-05-06T16:25:02.381Z","level":"WARN","module":"ExcelService","message":"Error upserting product","data":{"product_id":"B08CZHGHKH","error":"Product.upsert is not a function"}}
{"timestamp":"2026-05-06T16:25:02.381Z","level":"WARN","module":"ExcelService","message":"Error upserting product","data":{"product_id":"B0B2RBP83P","error":"Product.upsert is not a function"}}
{"timestamp":"2026-05-06T16:25:02.382Z","level":"WARN","module":"ExcelService","message":"Error upserting product","data":{"product_id":"B078W65FJ7","error":"Product.upsert is not a function"}}
{"timestamp":"2026-05-06T16:25:02.382Z","level":"WARN","module":"ExcelService","message":"Error upserting product","data":{"product_id":"B08S74GTBT","error":"Product.upsert is not a function"}}
{"timestamp":"2026-05-06T16:25:02.382Z","level":"WARN","module":"ExcelService","message":"Error upserting product","data":{"product_id":"B0B9BD2YL4","error":"Product.upsert is not a function"}}
{"timestamp":"2026-05-06T16:25:02.383Z","level":"WARN","module":"ExcelService","message":"Error upserting product","data":{"product_id":"B0BMXMLSMM","error":"Product.upsert is not a function"}}
{"timestamp":"2026-05-06T16:25:02.383Z","level":"WARN","module":"ExcelService","message":"Error upserting product","data":{"product_id":"B0141EZMAI","error":"Product.upsert is not a function"}}
{"timestamp":"2026-05-06T16:25:02.383Z","level":"WARN","module":"ExcelService","message":"Error upserting product","data":{"product_id":"B07QMRHWJD","error":"Product.upsert is not a function"}}
{"timestamp":"2026-05-06T16:25:02.384Z","level":"WARN","module":"ExcelService","message":"Error upserting product","data":{"product_id":"B07W7Z6DVL","error":"Product.upsert is not a function"}}
{"timestamp":"2026-05-06T16:25:02.384Z","level":"WARN","module":"ExcelService","message":"Error upserting product","data":{"product_id":"B07WMS7TWB","error":"Product.upsert is not a function"}}
{"timestamp":"2026-05-06T16:25:02.385Z","level":"WARN","module":"ExcelService","message":"Error upserting product","data":{"product_id":"B00H47GVGY","error":"Product.upsert is not a function"}}
{"timestamp":"2026-05-06T16:25:02.385Z","level":"WARN","module":"ExcelService","message":"Error upserting product","data":{"product_id":"B07VX71FZP","error":"Product.upsert is not a function"}}
{"timestamp":"2026-05-06T16:25:02.385Z","level":"WARN","module":"ExcelService","message":"Error upserting product","data":{"product_id":"B07NCKMXVZ","error":"Product.upsert is not a function"}}
{"timestamp":"2026-05-06T16:25:02.386Z","level":"WARN","module":"ExcelService","message":"Error upserting product","data":{"product_id":"B0B61DSF17","error":"Product.upsert is not a function"}}
{"timestamp":"2026-05-06T16:25:02.386Z","level":"WARN","module":"ExcelService","message":"Error upserting product","data":{"product_id":"B07VQGVL68","error":"Product.upsert is not a function"}}
{"timestamp":"2026-05-06T16:25:02.386Z","level":"WARN","module":"ExcelService","message":"Error upserting product","data":{"product_id":"B01LWYDEQ7","error":"Product.upsert is not a function"}}
{"timestamp":"2026-05-06T16:25:02.387Z","level":"WARN","module":"ExcelService","message":"Error upserting product","data":{"product_id":"B07VNFP3C2","error":"Product.upsert is not a function"}}
{"timestamp":"2026-05-06T16:25:02.387Z","level":"WARN","module":"ExcelService","message":"Error upserting product","data":{"product_id":"B00LUGTJGO","error":"Product.upsert is not a function"}}
{"timestamp":"2026-05-06T16:25:02.387Z","level":"WARN","module":"ExcelService","message":"Error upserting product","data":{"product_id":"B01MQZ7J8K","error":"Product.upsert is not a function"}}
{"timestamp":"2026-05-06T16:25:02.388Z","level":"WARN","module":"ExcelService","message":"Error upserting product","data":{"product_id":"B01GFTEV5Y","error":"Product.upsert is not a function"}}
{"timestamp":"2026-05-06T16:25:02.388Z","level":"WARN","module":"ExcelService","message":"Error upserting product","data":{"product_id":"B00NW4UWN6","error":"Product.upsert is not a function"}}
{"timestamp":"2026-05-06T16:25:02.388Z","level":"WARN","module":"ExcelService","message":"Error upserting product","data":{"product_id":"B01NCVJMKX","error":"Product.upsert is not a function"}}
{"timestamp":"2026-05-06T16:25:02.389Z","level":"WARN","module":"ExcelService","message":"Error upserting product","data":{"product_id":"B00O24PUO6","error":"Product.upsert is not a function"}}
{"timestamp":"2026-05-06T16:25:02.389Z","level":"WARN","module":"ExcelService","message":"Error upserting product","data":{"product_id":"B07GXPDLYQ","error":"Product.upsert is not a function"}}
{"timestamp":"2026-05-06T16:25:02.390Z","level":"WARN","module":"ExcelService","message":"Error upserting product","data":{"product_id":"B01C8P29N0","error":"Product.upsert is not a function"}}
{"timestamp":"2026-05-06T16:25:02.391Z","level":"WARN","module":"ExcelService","message":"Error upserting product","data":{"product_id":"B08KDBLMQP","error":"Product.upsert is not a function"}}
{"timestamp":"2026-05-06T16:25:02.391Z","level":"WARN","module":"ExcelService","message":"Error upserting product","data":{"product_id":"B078JDNZJ8","error":"Product.upsert is not a function"}}
{"timestamp":"2026-05-06T16:25:02.392Z","level":"WARN","module":"ExcelService","message":"Error upserting product","data":{"product_id":"B01M5F614J","error":"Product.upsert is not a function"}}
{"timestamp":"2026-05-06T16:25:02.393Z","level":"WARN","module":"ExcelService","message":"Error upserting product","data":{"product_id":"B083GKDRKR","error":"Product.upsert is not a function"}}
{"timestamp":"2026-05-06T16:25:02.393Z","level":"WARN","module":"ExcelService","message":"Error upserting product","data":{"product_id":"B097R2V1W8","error":"Product.upsert is not a function"}}
{"timestamp":"2026-05-06T16:25:02.394Z","level":"WARN","module":"ExcelService","message":"Error upserting product","data":{"product_id":"B07YR26BJ3","error":"Product.upsert is not a function"}}
{"timestamp":"2026-05-06T16:25:02.394Z","level":"WARN","module":"ExcelService","message":"Error upserting product","data":{"product_id":"B097R45BH8","error":"Product.upsert is not a function"}}
{"timestamp":"2026-05-06T16:25:02.395Z","level":"WARN","module":"ExcelService","message":"Error upserting product","data":{"product_id":"B09X5C9VLK","error":"Product.upsert is not a function"}}
{"timestamp":"2026-05-06T16:25:02.395Z","level":"WARN","module":"ExcelService","message":"Error upserting product","data":{"product_id":"B01C8P29T4","error":"Product.upsert is not a function"}}
{"timestamp":"2026-05-06T16:25:02.396Z","level":"WARN","module":"ExcelService","message":"Error upserting product","data":{"product_id":"B00HVXS7WC","error":"Product.upsert is not a function"}}
{"timestamp":"2026-05-06T16:25:02.396Z","level":"WARN","module":"ExcelService","message":"Error upserting product","data":{"product_id":"B096YCN3SD","error":"Product.upsert is not a function"}}
{"timestamp":"2026-05-06T16:25:02.397Z","level":"WARN","module":"ExcelService","message":"Error upserting product","data":{"product_id":"B09LQH3SD9","error":"Product.upsert is not a function"}}
{"timestamp":"2026-05-06T16:25:02.397Z","level":"WARN","module":"ExcelService","message":"Error upserting product","data":{"product_id":"B09KNMLH4Y","error":"Product.upsert is not a function"}}
{"timestamp":"2026-05-06T16:25:02.397Z","level":"WARN","module":"ExcelService","message":"Error upserting product","data":{"product_id":"B00ABMASXG","error":"Product.upsert is not a function"}}
{"timestamp":"2026-05-06T16:25:02.398Z","level":"WARN","module":"ExcelService","message":"Error upserting product","data":{"product_id":"B07QDSN9V6","error":"Product.upsert is not a function"}}
{"timestamp":"2026-05-06T16:25:02.398Z","level":"WARN","module":"ExcelService","message":"Error upserting product","data":{"product_id":"B00YMJ0OI8","error":"Product.upsert is not a function"}}
{"timestamp":"2026-05-06T16:25:02.399Z","level":"WARN","module":"ExcelService","message":"Error upserting product","data":{"product_id":"B0B8XNPQPN","error":"Product.upsert is not a function"}}
{"timestamp":"2026-05-06T16:25:02.399Z","level":"WARN","module":"ExcelService","message":"Error upserting product","data":{"product_id":"B0814P4L98","error":"Product.upsert is not a function"}}
{"timestamp":"2026-05-06T16:25:02.399Z","level":"WARN","module":"ExcelService","message":"Error upserting product","data":{"product_id":"B008QTK47Q","error":"Product.upsert is not a function"}}
{"timestamp":"2026-05-06T16:25:02.400Z","level":"WARN","module":"ExcelService","message":"Error upserting product","data":{"product_id":"B088ZTJT2R","error":"Product.upsert is not a function"}}
{"timestamp":"2026-05-06T16:25:02.400Z","level":"WARN","module":"ExcelService","message":"Error upserting product","data":{"product_id":"B0BK1K598K","error":"Product.upsert is not a function"}}
{"timestamp":"2026-05-06T16:25:02.400Z","level":"WARN","module":"ExcelService","message":"Error upserting product","data":{"product_id":"B09Y5FZK9N","error":"Product.upsert is not a function"}}
{"timestamp":"2026-05-06T16:25:02.401Z","level":"WARN","module":"ExcelService","message":"Error upserting product","data":{"product_id":"B09J2SCVQT","error":"Product.upsert is not a function"}}
{"timestamp":"2026-05-06T16:25:02.401Z","level":"WARN","module":"ExcelService","message":"Error upserting product","data":{"product_id":"B00TDD0YM4","error":"Product.upsert is not a function"}}
{"timestamp":"2026-05-06T16:25:02.401Z","level":"WARN","module":"ExcelService","message":"Error upserting product","data":{"product_id":"B078KRFWQB","error":"Product.upsert is not a function"}}
{"timestamp":"2026-05-06T16:25:02.402Z","level":"WARN","module":"ExcelService","message":"Error upserting product","data":{"product_id":"B07SRM58TP","error":"Product.upsert is not a function"}}
{"timestamp":"2026-05-06T16:25:02.402Z","level":"WARN","module":"ExcelService","message":"Error upserting product","data":{"product_id":"B00EDJJ7FS","error":"Product.upsert is not a function"}}
{"timestamp":"2026-05-06T16:25:02.402Z","level":"WARN","module":"ExcelService","message":"Error upserting product","data":{"product_id":"B0832W3B7Q","error":"Product.upsert is not a function"}}
{"timestamp":"2026-05-06T16:25:02.403Z","level":"WARN","module":"ExcelService","message":"Error upserting product","data":{"product_id":"B07WNK1FFN","error":"Product.upsert is not a function"}}
{"timestamp":"2026-05-06T16:25:02.403Z","level":"WARN","module":"ExcelService","message":"Error upserting product","data":{"product_id":"B009P2LK08","error":"Product.upsert is not a function"}}
{"timestamp":"2026-05-06T16:25:02.403Z","level":"WARN","module":"ExcelService","message":"Error upserting product","data":{"product_id":"B07DGD4Z4C","error":"Product.upsert is not a function"}}
{"timestamp":"2026-05-06T16:25:02.404Z","level":"WARN","module":"ExcelService","message":"Error upserting product","data":{"product_id":"B07GMFY9QM","error":"Product.upsert is not a function"}}
{"timestamp":"2026-05-06T16:25:02.404Z","level":"WARN","module":"ExcelService","message":"Error upserting product","data":{"product_id":"B0BGPN4GGH","error":"Product.upsert is not a function"}}
{"timestamp":"2026-05-06T16:25:02.405Z","level":"WARN","module":"ExcelService","message":"Error upserting product","data":{"product_id":"B0B2DZ5S6R","error":"Product.upsert is not a function"}}
{"timestamp":"2026-05-06T16:25:02.405Z","level":"WARN","module":"ExcelService","message":"Error upserting product","data":{"product_id":"B07S851WX5","error":"Product.upsert is not a function"}}
{"timestamp":"2026-05-06T16:25:02.406Z","level":"WARN","module":"ExcelService","message":"Error upserting product","data":{"product_id":"B01MY839VW","error":"Product.upsert is not a function"}}
{"timestamp":"2026-05-06T16:25:02.406Z","level":"WARN","module":"ExcelService","message":"Error upserting product","data":{"product_id":"B09LV1CMGH","error":"Product.upsert is not a function"}}
{"timestamp":"2026-05-06T16:25:02.406Z","level":"WARN","module":"ExcelService","message":"Error upserting product","data":{"product_id":"B01EY310UM","error":"Product.upsert is not a function"}}
{"timestamp":"2026-05-06T16:25:02.407Z","level":"WARN","module":"ExcelService","message":"Error upserting product","data":{"product_id":"B09NL7LBWT","error":"Product.upsert is not a function"}}
{"timestamp":"2026-05-06T16:25:02.408Z","level":"WARN","module":"ExcelService","message":"Error upserting product","data":{"product_id":"B008YW8M0G","error":"Product.upsert is not a function"}}
{"timestamp":"2026-05-06T16:25:02.409Z","level":"WARN","module":"ExcelService","message":"Error upserting product","data":{"product_id":"B097R3XH9R","error":"Product.upsert is not a function"}}
{"timestamp":"2026-05-06T16:25:02.409Z","level":"WARN","module":"ExcelService","message":"Error upserting product","data":{"product_id":"B08TM71L54","error":"Product.upsert is not a function"}}
{"timestamp":"2026-05-06T16:25:02.410Z","level":"WARN","module":"ExcelService","message":"Error upserting product","data":{"product_id":"B0BPBXNQQT","error":"Product.upsert is not a function"}}
{"timestamp":"2026-05-06T16:25:02.410Z","level":"WARN","module":"ExcelService","message":"Error upserting product","data":{"product_id":"B00W56GLOQ","error":"Product.upsert is not a function"}}
{"timestamp":"2026-05-06T16:25:02.411Z","level":"WARN","module":"ExcelService","message":"Error upserting product","data":{"product_id":"B0883KDSXC","error":"Product.upsert is not a function"}}
{"timestamp":"2026-05-06T16:25:02.411Z","level":"WARN","module":"ExcelService","message":"Error upserting product","data":{"product_id":"B078V8R9BS","error":"Product.upsert is not a function"}}
{"timestamp":"2026-05-06T16:25:02.411Z","level":"WARN","module":"ExcelService","message":"Error upserting product","data":{"product_id":"B08GSQXLJ2","error":"Product.upsert is not a function"}}
{"timestamp":"2026-05-06T16:25:02.412Z","level":"WARN","module":"ExcelService","message":"Error upserting product","data":{"product_id":"B01M5B0TPW","error":"Product.upsert is not a function"}}
{"timestamp":"2026-05-06T16:25:02.413Z","level":"WARN","module":"ExcelService","message":"Error upserting product","data":{"product_id":"B082KVTRW8","error":"Product.upsert is not a function"}}
{"timestamp":"2026-05-06T16:25:02.413Z","level":"WARN","module":"ExcelService","message":"Error upserting product","data":{"product_id":"B08CFJBZRK","error":"Product.upsert is not a function"}}
{"timestamp":"2026-05-06T16:25:02.414Z","level":"WARN","module":"ExcelService","message":"Error upserting product","data":{"product_id":"B07H3WDC4X","error":"Product.upsert is not a function"}}
{"timestamp":"2026-05-06T16:25:02.414Z","level":"WARN","module":"ExcelService","message":"Error upserting product","data":{"product_id":"B09ZTZ9N3Q","error":"Product.upsert is not a function"}}
{"timestamp":"2026-05-06T16:25:02.414Z","level":"WARN","module":"ExcelService","message":"Error upserting product","data":{"product_id":"B083P71WKK","error":"Product.upsert is not a function"}}
{"timestamp":"2026-05-06T16:25:02.415Z","level":"WARN","module":"ExcelService","message":"Error upserting product","data":{"product_id":"B097R4D42G","error":"Product.upsert is not a function"}}
{"timestamp":"2026-05-06T16:25:02.415Z","level":"WARN","module":"ExcelService","message":"Error upserting product","data":{"product_id":"B07MKMFKPG","error":"Product.upsert is not a function"}}
{"timestamp":"2026-05-06T16:25:02.415Z","level":"WARN","module":"ExcelService","message":"Error upserting product","data":{"product_id":"B0949FPSFY","error":"Product.upsert is not a function"}}
{"timestamp":"2026-05-06T16:25:02.416Z","level":"WARN","module":"ExcelService","message":"Error upserting product","data":{"product_id":"B08F47T4X5","error":"Product.upsert is not a function"}}
{"timestamp":"2026-05-06T16:25:02.416Z","level":"WARN","module":"ExcelService","message":"Error upserting product","data":{"product_id":"B01M0505SJ","error":"Product.upsert is not a function"}}
{"timestamp":"2026-05-06T16:25:02.417Z","level":"WARN","module":"ExcelService","message":"Error upserting product","data":{"product_id":"B08D6RCM3Q","error":"Product.upsert is not a function"}}
{"timestamp":"2026-05-06T16:25:02.417Z","level":"WARN","module":"ExcelService","message":"Error upserting product","data":{"product_id":"B009P2LITG","error":"Product.upsert is not a function"}}
{"timestamp":"2026-05-06T16:25:02.417Z","level":"WARN","module":"ExcelService","message":"Error upserting product","data":{"product_id":"B00V9NHDI4","error":"Product.upsert is not a function"}}
{"timestamp":"2026-05-06T16:25:02.418Z","level":"WARN","module":"ExcelService","message":"Error upserting product","data":{"product_id":"B07WGPBXY9","error":"Product.upsert is not a function"}}
{"timestamp":"2026-05-06T16:25:02.418Z","level":"WARN","module":"ExcelService","message":"Error upserting product","data":{"product_id":"B00KRCBA6E","error":"Product.upsert is not a function"}}
{"timestamp":"2026-05-06T16:25:02.418Z","level":"WARN","module":"ExcelService","message":"Error upserting product","data":{"product_id":"B0B3X2BY3M","error":"Product.upsert is not a function"}}
{"timestamp":"2026-05-06T16:25:02.419Z","level":"WARN","module":"ExcelService","message":"Error upserting product","data":{"product_id":"B00F159RIK","error":"Product.upsert is not a function"}}
{"timestamp":"2026-05-06T16:25:02.419Z","level":"WARN","module":"ExcelService","message":"Error upserting product","data":{"product_id":"B08MV82R99","error":"Product.upsert is not a function"}}
{"timestamp":"2026-05-06T16:25:02.420Z","level":"WARN","module":"ExcelService","message":"Error upserting product","data":{"product_id":"B09VKWGZD7","error":"Product.upsert is not a function"}}
{"timestamp":"2026-05-06T16:25:02.420Z","level":"WARN","module":"ExcelService","message":"Error upserting product","data":{"product_id":"B009P2LK80","error":"Product.upsert is not a function"}}
{"timestamp":"2026-05-06T16:25:02.421Z","level":"WARN","module":"ExcelService","message":"Error upserting product","data":{"product_id":"B00A7PLVU6","error":"Product.upsert is not a function"}}
{"timestamp":"2026-05-06T16:25:02.421Z","level":"WARN","module":"ExcelService","message":"Error upserting product","data":{"product_id":"B0B25DJ352","error":"Product.upsert is not a function"}}
{"timestamp":"2026-05-06T16:25:02.421Z","level":"WARN","module":"ExcelService","message":"Error upserting product","data":{"product_id":"B013B2WGT6","error":"Product.upsert is not a function"}}
{"timestamp":"2026-05-06T16:25:02.422Z","level":"WARN","module":"ExcelService","message":"Error upserting product","data":{"product_id":"B097RJ867P","error":"Product.upsert is not a function"}}
{"timestamp":"2026-05-06T16:25:02.422Z","level":"WARN","module":"ExcelService","message":"Error upserting product","data":{"product_id":"B091V8HK8Z","error":"Product.upsert is not a function"}}
{"timestamp":"2026-05-06T16:25:02.422Z","level":"WARN","module":"ExcelService","message":"Error upserting product","data":{"product_id":"B071VNHMX2","error":"Product.upsert is not a function"}}
{"timestamp":"2026-05-06T16:25:02.423Z","level":"WARN","module":"ExcelService","message":"Error upserting product","data":{"product_id":"B08MVSGXMY","error":"Product.upsert is not a function"}}
{"timestamp":"2026-05-06T16:25:02.424Z","level":"WARN","module":"ExcelService","message":"Error upserting product","data":{"product_id":"B00H0B29DI","error":"Product.upsert is not a function"}}
{"timestamp":"2026-05-06T16:25:02.424Z","level":"WARN","module":"ExcelService","message":"Error upserting product","data":{"product_id":"B01GZSQJPA","error":"Product.upsert is not a function"}}
{"timestamp":"2026-05-06T16:25:02.426Z","level":"WARN","module":"ExcelService","message":"Error upserting product","data":{"product_id":"B08VGFX2B6","error":"Product.upsert is not a function"}}
{"timestamp":"2026-05-06T16:25:02.426Z","level":"WARN","module":"ExcelService","message":"Error upserting product","data":{"product_id":"B09GYBZPHF","error":"Product.upsert is not a function"}}
{"timestamp":"2026-05-06T16:25:02.427Z","level":"WARN","module":"ExcelService","message":"Error upserting product","data":{"product_id":"B0B4KPCBSH","error":"Product.upsert is not a function"}}
{"timestamp":"2026-05-06T16:25:02.427Z","level":"WARN","module":"ExcelService","message":"Error upserting product","data":{"product_id":"B09CGLY5CX","error":"Product.upsert is not a function"}}
{"timestamp":"2026-05-06T16:25:02.429Z","level":"WARN","module":"ExcelService","message":"Error upserting product","data":{"product_id":"B09JN37WBX","error":"Product.upsert is not a function"}}
{"timestamp":"2026-05-06T16:25:02.429Z","level":"WARN","module":"ExcelService","message":"Error upserting product","data":{"product_id":"B01I1LDZGA","error":"Product.upsert is not a function"}}
{"timestamp":"2026-05-06T16:25:02.430Z","level":"WARN","module":"ExcelService","message":"Error upserting product","data":{"product_id":"B0BN2576GQ","error":"Product.upsert is not a function"}}
{"timestamp":"2026-05-06T16:25:02.430Z","level":"WARN","module":"ExcelService","message":"Error upserting product","data":{"product_id":"B06XPYRWV5","error":"Product.upsert is not a function"}}
{"timestamp":"2026-05-06T16:25:02.431Z","level":"WARN","module":"ExcelService","message":"Error upserting product","data":{"product_id":"B01N1XVVLC","error":"Product.upsert is not a function"}}
{"timestamp":"2026-05-06T16:25:02.431Z","level":"WARN","module":"ExcelService","message":"Error upserting product","data":{"product_id":"B00O2R38C4","error":"Product.upsert is not a function"}}
{"timestamp":"2026-05-06T16:25:02.431Z","level":"WARN","module":"ExcelService","message":"Error upserting product","data":{"product_id":"B0B2CZTCL2","error":"Product.upsert is not a function"}}
{"timestamp":"2026-05-06T16:25:02.432Z","level":"WARN","module":"ExcelService","message":"Error upserting product","data":{"product_id":"B00PVT30YI","error":"Product.upsert is not a function"}}
{"timestamp":"2026-05-06T16:25:02.433Z","level":"WARN","module":"ExcelService","message":"Error upserting product","data":{"product_id":"B00SH18114","error":"Product.upsert is not a function"}}
{"timestamp":"2026-05-06T16:25:02.433Z","level":"WARN","module":"ExcelService","message":"Error upserting product","data":{"product_id":"B00E9G8KOY","error":"Product.upsert is not a function"}}
{"timestamp":"2026-05-06T16:25:02.433Z","level":"WARN","module":"ExcelService","message":"Error upserting product","data":{"product_id":"B00H3H03Q4","error":"Product.upsert is not a function"}}
{"timestamp":"2026-05-06T16:25:02.434Z","level":"WARN","module":"ExcelService","message":"Error upserting product","data":{"product_id":"B0756K5DYZ","error":"Product.upsert is not a function"}}
{"timestamp":"2026-05-06T16:25:02.434Z","level":"WARN","module":"ExcelService","message":"Error upserting product","data":{"product_id":"B0188KPKB2","error":"Product.upsert is not a function"}}
{"timestamp":"2026-05-06T16:25:02.435Z","level":"WARN","module":"ExcelService","message":"Error upserting product","data":{"product_id":"B091KNVNS9","error":"Product.upsert is not a function"}}
{"timestamp":"2026-05-06T16:25:02.435Z","level":"WARN","module":"ExcelService","message":"Error upserting product","data":{"product_id":"B075JJ5NQC","error":"Product.upsert is not a function"}}
{"timestamp":"2026-05-06T16:25:02.436Z","level":"WARN","module":"ExcelService","message":"Error upserting product","data":{"product_id":"B0B5KZ3C53","error":"Product.upsert is not a function"}}
{"timestamp":"2026-05-06T16:25:02.437Z","level":"WARN","module":"ExcelService","message":"Error upserting product","data":{"product_id":"B09NTHQRW3","error":"Product.upsert is not a function"}}
{"timestamp":"2026-05-06T16:25:02.437Z","level":"WARN","module":"ExcelService","message":"Error upserting product","data":{"product_id":"B008YW3CYM","error":"Product.upsert is not a function"}}
{"timestamp":"2026-05-06T16:25:02.438Z","level":"WARN","module":"ExcelService","message":"Error upserting product","data":{"product_id":"B07QHHCB27","error":"Product.upsert is not a function"}}
{"timestamp":"2026-05-06T16:25:02.439Z","level":"WARN","module":"ExcelService","message":"Error upserting product","data":{"product_id":"B0BMFD94VD","error":"Product.upsert is not a function"}}
{"timestamp":"2026-05-06T16:25:02.439Z","level":"WARN","module":"ExcelService","message":"Error upserting product","data":{"product_id":"B00HZIOGXW","error":"Product.upsert is not a function"}}
{"timestamp":"2026-05-06T16:25:02.440Z","level":"WARN","module":"ExcelService","message":"Error upserting product","data":{"product_id":"B09CKSYBLR","error":"Product.upsert is not a function"}}
{"timestamp":"2026-05-06T16:25:02.440Z","level":"WARN","module":"ExcelService","message":"Error upserting product","data":{"product_id":"B072J83V9W","error":"Product.upsert is not a function"}}
{"timestamp":"2026-05-06T16:25:02.441Z","level":"WARN","module":"ExcelService","message":"Error upserting product","data":{"product_id":"B09MTLG4TP","error":"Product.upsert is not a function"}}
{"timestamp":"2026-05-06T16:25:02.442Z","level":"WARN","module":"ExcelService","message":"Error upserting product","data":{"product_id":"B097XJQZ8H","error":"Product.upsert is not a function"}}
{"timestamp":"2026-05-06T16:25:02.442Z","level":"WARN","module":"ExcelService","message":"Error upserting product","data":{"product_id":"B00935MD1C","error":"Product.upsert is not a function"}}
{"timestamp":"2026-05-06T16:25:02.443Z","level":"WARN","module":"ExcelService","message":"Error upserting product","data":{"product_id":"B0BR4F878Q","error":"Product.upsert is not a function"}}
{"timestamp":"2026-05-06T16:25:02.443Z","level":"WARN","module":"ExcelService","message":"Error upserting product","data":{"product_id":"B0B3G5XZN5","error":"Product.upsert is not a function"}}
{"timestamp":"2026-05-06T16:25:02.444Z","level":"WARN","module":"ExcelService","message":"Error upserting product","data":{"product_id":"B07WKB69RS","error":"Product.upsert is not a function"}}
{"timestamp":"2026-05-06T16:25:02.444Z","level":"WARN","module":"ExcelService","message":"Error upserting product","data":{"product_id":"B09DL9978Y","error":"Product.upsert is not a function"}}
{"timestamp":"2026-05-06T16:25:02.444Z","level":"WARN","module":"ExcelService","message":"Error upserting product","data":{"product_id":"B06XMZV7RH","error":"Product.upsert is not a function"}}
{"timestamp":"2026-05-06T16:25:02.445Z","level":"WARN","module":"ExcelService","message":"Error upserting product","data":{"product_id":"B09WMTJPG7","error":"Product.upsert is not a function"}}
{"timestamp":"2026-05-06T16:25:02.446Z","level":"WARN","module":"ExcelService","message":"Error upserting product","data":{"product_id":"B09ZK6THRR","error":"Product.upsert is not a function"}}
{"timestamp":"2026-05-06T16:25:02.446Z","level":"WARN","module":"ExcelService","message":"Error upserting product","data":{"product_id":"B07MP21WJD","error":"Product.upsert is not a function"}}
{"timestamp":"2026-05-06T16:25:02.447Z","level":"WARN","module":"ExcelService","message":"Error upserting product","data":{"product_id":"B09XB1R2F3","error":"Product.upsert is not a function"}}
{"timestamp":"2026-05-06T16:25:02.447Z","level":"WARN","module":"ExcelService","message":"Error upserting product","data":{"product_id":"B08Y5QJXSR","error":"Product.upsert is not a function"}}
{"timestamp":"2026-05-06T16:25:02.448Z","level":"WARN","module":"ExcelService","message":"Error upserting product","data":{"product_id":"B07WJXCTG9","error":"Product.upsert is not a function"}}
{"timestamp":"2026-05-06T16:25:02.448Z","level":"WARN","module":"ExcelService","message":"Error upserting product","data":{"product_id":"B09NBZ36F7","error":"Product.upsert is not a function"}}
{"timestamp":"2026-05-06T16:25:02.448Z","level":"WARN","module":"ExcelService","message":"Error upserting product","data":{"product_id":"B0912WJ87V","error":"Product.upsert is not a function"}}
{"timestamp":"2026-05-06T16:25:02.449Z","level":"WARN","module":"ExcelService","message":"Error upserting product","data":{"product_id":"B0BMTZ4T1D","error":"Product.upsert is not a function"}}
{"timestamp":"2026-05-06T16:25:02.449Z","level":"WARN","module":"ExcelService","message":"Error upserting product","data":{"product_id":"B07Z51CGGH","error":"Product.upsert is not a function"}}
{"timestamp":"2026-05-06T16:25:02.449Z","level":"WARN","module":"ExcelService","message":"Error upserting product","data":{"product_id":"B0BDG6QDYD","error":"Product.upsert is not a function"}}
{"timestamp":"2026-05-06T16:25:02.450Z","level":"WARN","module":"ExcelService","message":"Error upserting product","data":{"product_id":"B00YQLG7GK","error":"Product.upsert is not a function"}}
{"timestamp":"2026-05-06T16:25:02.450Z","level":"WARN","module":"ExcelService","message":"Error upserting product","data":{"product_id":"B00SMJPA9C","error":"Product.upsert is not a function"}}
{"timestamp":"2026-05-06T16:25:02.450Z","level":"WARN","module":"ExcelService","message":"Error upserting product","data":{"product_id":"B0B9RN5X8B","error":"Product.upsert is not a function"}}
{"timestamp":"2026-05-06T16:25:02.451Z","level":"WARN","module":"ExcelService","message":"Error upserting product","data":{"product_id":"B08QW937WV","error":"Product.upsert is not a function"}}
{"timestamp":"2026-05-06T16:25:02.451Z","level":"WARN","module":"ExcelService","message":"Error upserting product","data":{"product_id":"B0B4PPD89B","error":"Product.upsert is not a function"}}
{"timestamp":"2026-05-06T16:25:02.451Z","level":"WARN","module":"ExcelService","message":"Error upserting product","data":{"product_id":"B08GM5S4CQ","error":"Product.upsert is not a function"}}
{"timestamp":"2026-05-06T16:25:02.452Z","level":"WARN","module":"ExcelService","message":"Error upserting product","data":{"product_id":"B00NM6MO26","error":"Product.upsert is not a function"}}
{"timestamp":"2026-05-06T16:25:02.452Z","level":"WARN","module":"ExcelService","message":"Error upserting product","data":{"product_id":"B083M7WPZD","error":"Product.upsert is not a function"}}
{"timestamp":"2026-05-06T16:25:02.453Z","level":"WARN","module":"ExcelService","message":"Error upserting product","data":{"product_id":"B07GLSKXS1","error":"Product.upsert is not a function"}}
{"timestamp":"2026-05-06T16:25:02.453Z","level":"WARN","module":"ExcelService","message":"Error upserting product","data":{"product_id":"B09F6KL23R","error":"Product.upsert is not a function"}}
{"timestamp":"2026-05-06T16:25:02.453Z","level":"WARN","module":"ExcelService","message":"Error upserting product","data":{"product_id":"B094G9L9LT","error":"Product.upsert is not a function"}}
{"timestamp":"2026-05-06T16:25:02.454Z","level":"WARN","module":"ExcelService","message":"Error upserting product","data":{"product_id":"B09FZ89DK6","error":"Product.upsert is not a function"}}
{"timestamp":"2026-05-06T16:25:02.454Z","level":"WARN","module":"ExcelService","message":"Error upserting product","data":{"product_id":"B0811VCGL5","error":"Product.upsert is not a function"}}
{"timestamp":"2026-05-06T16:25:02.454Z","level":"WARN","module":"ExcelService","message":"Error upserting product","data":{"product_id":"B07FXLC2G2","error":"Product.upsert is not a function"}}
{"timestamp":"2026-05-06T16:25:02.455Z","level":"WARN","module":"ExcelService","message":"Error upserting product","data":{"product_id":"B01LYU3BZF","error":"Product.upsert is not a function"}}
{"timestamp":"2026-05-06T16:25:02.455Z","level":"WARN","module":"ExcelService","message":"Error upserting product","data":{"product_id":"B083RC4WFJ","error":"Product.upsert is not a function"}}
{"timestamp":"2026-05-06T16:25:02.455Z","level":"WARN","module":"ExcelService","message":"Error upserting product","data":{"product_id":"B09SFRNKSR","error":"Product.upsert is not a function"}}
{"timestamp":"2026-05-06T16:25:02.456Z","level":"WARN","module":"ExcelService","message":"Error upserting product","data":{"product_id":"B07NRTCDS5","error":"Product.upsert is not a function"}}
{"timestamp":"2026-05-06T16:25:02.456Z","level":"WARN","module":"ExcelService","message":"Error upserting product","data":{"product_id":"B07SPVMSC6","error":"Product.upsert is not a function"}}
{"timestamp":"2026-05-06T16:25:02.457Z","level":"WARN","module":"ExcelService","message":"Error upserting product","data":{"product_id":"B09H3BXWTK","error":"Product.upsert is not a function"}}
{"timestamp":"2026-05-06T16:25:02.457Z","level":"WARN","module":"ExcelService","message":"Error upserting product","data":{"product_id":"B0073QGKAS","error":"Product.upsert is not a function"}}
{"timestamp":"2026-05-06T16:25:02.458Z","level":"WARN","module":"ExcelService","message":"Error upserting product","data":{"product_id":"B08GJ57MKL","error":"Product.upsert is not a function"}}
{"timestamp":"2026-05-06T16:25:02.458Z","level":"WARN","module":"ExcelService","message":"Error upserting product","data":{"product_id":"B009DA69W6","error":"Product.upsert is not a function"}}
{"timestamp":"2026-05-06T16:25:02.459Z","level":"WARN","module":"ExcelService","message":"Error upserting product","data":{"product_id":"B099PR2GQJ","error":"Product.upsert is not a function"}}
{"timestamp":"2026-05-06T16:25:02.459Z","level":"WARN","module":"ExcelService","message":"Error upserting product","data":{"product_id":"B08G8H8DPL","error":"Product.upsert is not a function"}}
{"timestamp":"2026-05-06T16:25:02.460Z","level":"WARN","module":"ExcelService","message":"Error upserting product","data":{"product_id":"B08VGM3YMF","error":"Product.upsert is not a function"}}
{"timestamp":"2026-05-06T16:25:02.461Z","level":"WARN","module":"ExcelService","message":"Error upserting product","data":{"product_id":"B08TTRVWKY","error":"Product.upsert is not a function"}}
{"timestamp":"2026-05-06T16:25:02.461Z","level":"WARN","module":"ExcelService","message":"Error upserting product","data":{"product_id":"B07T4D9FNY","error":"Product.upsert is not a function"}}
{"timestamp":"2026-05-06T16:25:02.462Z","level":"WARN","module":"ExcelService","message":"Error upserting product","data":{"product_id":"B07RX42D3D","error":"Product.upsert is not a function"}}
{"timestamp":"2026-05-06T16:25:02.462Z","level":"WARN","module":"ExcelService","message":"Error upserting product","data":{"product_id":"B08WRKSF9D","error":"Product.upsert is not a function"}}
{"timestamp":"2026-05-06T16:25:02.462Z","level":"WARN","module":"ExcelService","message":"Error upserting product","data":{"product_id":"B09R83SFYV","error":"Product.upsert is not a function"}}
{"timestamp":"2026-05-06T16:25:02.463Z","level":"WARN","module":"ExcelService","message":"Error upserting product","data":{"product_id":"B07989VV5K","error":"Product.upsert is not a function"}}
{"timestamp":"2026-05-06T16:25:02.463Z","level":"WARN","module":"ExcelService","message":"Error upserting product","data":{"product_id":"B07FL3WRX5","error":"Product.upsert is not a function"}}
{"timestamp":"2026-05-06T16:25:02.464Z","level":"WARN","module":"ExcelService","message":"Error upserting product","data":{"product_id":"B0BPCJM7TB","error":"Product.upsert is not a function"}}
{"timestamp":"2026-05-06T16:25:02.464Z","level":"WARN","module":"ExcelService","message":"Error upserting product","data":{"product_id":"B08H673XKN","error":"Product.upsert is not a function"}}
{"timestamp":"2026-05-06T16:25:02.465Z","level":"WARN","module":"ExcelService","message":"Error upserting product","data":{"product_id":"B07DXRGWDJ","error":"Product.upsert is not a function"}}
{"timestamp":"2026-05-06T16:25:02.465Z","level":"WARN","module":"ExcelService","message":"Error upserting product","data":{"product_id":"B08243SKCK","error":"Product.upsert is not a function"}}
{"timestamp":"2026-05-06T16:25:02.465Z","level":"WARN","module":"ExcelService","message":"Error upserting product","data":{"product_id":"B09SPTNG58","error":"Product.upsert is not a function"}}
{"timestamp":"2026-05-06T16:25:02.466Z","level":"WARN","module":"ExcelService","message":"Error upserting product","data":{"product_id":"B083J64CBB","error":"Product.upsert is not a function"}}
{"timestamp":"2026-05-06T16:25:02.466Z","level":"WARN","module":"ExcelService","message":"Error upserting product","data":{"product_id":"B08JV91JTK","error":"Product.upsert is not a function"}}
{"timestamp":"2026-05-06T16:25:02.467Z","level":"WARN","module":"ExcelService","message":"Error upserting product","data":{"product_id":"B0BQ3K23Y1","error":"Product.upsert is not a function"}}
{"timestamp":"2026-05-06T16:25:02.467Z","level":"WARN","module":"ExcelService","message":"Error upserting product","data":{"product_id":"B09MT94QLL","error":"Product.upsert is not a function"}}
{"timestamp":"2026-05-06T16:25:02.467Z","level":"WARN","module":"ExcelService","message":"Error upserting product","data":{"product_id":"B07NKNBTT3","error":"Product.upsert is not a function"}}
{"timestamp":"2026-05-06T16:25:02.468Z","level":"WARN","module":"ExcelService","message":"Error upserting product","data":{"product_id":"B09KPXTZXN","error":"Product.upsert is not a function"}}
{"timestamp":"2026-05-06T16:25:02.468Z","level":"WARN","module":"ExcelService","message":"Error upserting product","data":{"product_id":"B078HG2ZPS","error":"Product.upsert is not a function"}}
{"timestamp":"2026-05-06T16:25:02.469Z","level":"WARN","module":"ExcelService","message":"Error upserting product","data":{"product_id":"B07N2MGB3G","error":"Product.upsert is not a function"}}
{"timestamp":"2026-05-06T16:25:02.469Z","level":"WARN","module":"ExcelService","message":"Error upserting product","data":{"product_id":"B008LN8KDM","error":"Product.upsert is not a function"}}
{"timestamp":"2026-05-06T16:25:02.469Z","level":"WARN","module":"ExcelService","message":"Error upserting product","data":{"product_id":"B08MZNT7GP","error":"Product.upsert is not a function"}}
{"timestamp":"2026-05-06T16:25:02.470Z","level":"WARN","module":"ExcelService","message":"Error upserting product","data":{"product_id":"B009P2L7CO","error":"Product.upsert is not a function"}}
{"timestamp":"2026-05-06T16:25:02.470Z","level":"WARN","module":"ExcelService","message":"Error upserting product","data":{"product_id":"B07YC8JHMB","error":"Product.upsert is not a function"}}
{"timestamp":"2026-05-06T16:25:02.470Z","level":"WARN","module":"ExcelService","message":"Error upserting product","data":{"product_id":"B0BNQMF152","error":"Product.upsert is not a function"}}
{"timestamp":"2026-05-06T16:25:02.471Z","level":"WARN","module":"ExcelService","message":"Error upserting product","data":{"product_id":"B08J7VCT12","error":"Product.upsert is not a function"}}
{"timestamp":"2026-05-06T16:25:02.471Z","level":"WARN","module":"ExcelService","message":"Error upserting product","data":{"product_id":"B0989W6J2F","error":"Product.upsert is not a function"}}
{"timestamp":"2026-05-06T16:25:02.471Z","level":"WARN","module":"ExcelService","message":"Error upserting product","data":{"product_id":"B0B84KSH3X","error":"Product.upsert is not a function"}}
{"timestamp":"2026-05-06T16:25:02.472Z","level":"WARN","module":"ExcelService","message":"Error upserting product","data":{"product_id":"B08HLC7Z3G","error":"Product.upsert is not a function"}}
{"timestamp":"2026-05-06T16:25:02.472Z","level":"WARN","module":"ExcelService","message":"Error upserting product","data":{"product_id":"B0BN6M3TCM","error":"Product.upsert is not a function"}}
{"timestamp":"2026-05-06T16:25:02.473Z","level":"WARN","module":"ExcelService","message":"Error upserting product","data":{"product_id":"B01L6MT7E0","error":"Product.upsert is not a function"}}
{"timestamp":"2026-05-06T16:25:02.473Z","level":"WARN","module":"ExcelService","message":"Error upserting product","data":{"product_id":"B0B9F9PT8R","error":"Product.upsert is not a function"}}
{"timestamp":"2026-05-06T16:25:02.474Z","level":"WARN","module":"ExcelService","message":"Error upserting product","data":{"product_id":"B0883LQJ6B","error":"Product.upsert is not a function"}}
{"timestamp":"2026-05-06T16:25:02.474Z","level":"WARN","module":"ExcelService","message":"Error upserting product","data":{"product_id":"B099Z83VRC","error":"Product.upsert is not a function"}}
{"timestamp":"2026-05-06T16:25:02.475Z","level":"WARN","module":"ExcelService","message":"Error upserting product","data":{"product_id":"B00S9BSJC8","error":"Product.upsert is not a function"}}
{"timestamp":"2026-05-06T16:25:02.476Z","level":"WARN","module":"ExcelService","message":"Error upserting product","data":{"product_id":"B0B4SJKRDF","error":"Product.upsert is not a function"}}
{"timestamp":"2026-05-06T16:25:02.476Z","level":"WARN","module":"ExcelService","message":"Error upserting product","data":{"product_id":"B0BM4KTNL1","error":"Product.upsert is not a function"}}
{"timestamp":"2026-05-06T16:25:02.477Z","level":"WARN","module":"ExcelService","message":"Error upserting product","data":{"product_id":"B08S6RKT4L","error":"Product.upsert is not a function"}}
{"timestamp":"2026-05-06T16:25:02.477Z","level":"WARN","module":"ExcelService","message":"Error upserting product","data":{"product_id":"B09SZ5TWHW","error":"Product.upsert is not a function"}}
{"timestamp":"2026-05-06T16:25:02.478Z","level":"WARN","module":"ExcelService","message":"Error upserting product","data":{"product_id":"B0BLC2BYPX","error":"Product.upsert is not a function"}}
{"timestamp":"2026-05-06T16:25:02.478Z","level":"WARN","module":"ExcelService","message":"Error upserting product","data":{"product_id":"B00P0R95EA","error":"Product.upsert is not a function"}}
{"timestamp":"2026-05-06T16:25:02.478Z","level":"WARN","module":"ExcelService","message":"Error upserting product","data":{"product_id":"B07W4HTS8Q","error":"Product.upsert is not a function"}}
{"timestamp":"2026-05-06T16:25:02.479Z","level":"WARN","module":"ExcelService","message":"Error upserting product","data":{"product_id":"B078JBK4GX","error":"Product.upsert is not a function"}}
{"timestamp":"2026-05-06T16:25:02.479Z","level":"WARN","module":"ExcelService","message":"Error upserting product","data":{"product_id":"B08S7V8YTN","error":"Product.upsert is not a function"}}
{"timestamp":"2026-05-06T16:25:02.480Z","level":"WARN","module":"ExcelService","message":"Error upserting product","data":{"product_id":"B07H5PBN54","error":"Product.upsert is not a function"}}
{"timestamp":"2026-05-06T16:25:02.480Z","level":"WARN","module":"ExcelService","message":"Error upserting product","data":{"product_id":"B07YCBSCYB","error":"Product.upsert is not a function"}}
{"timestamp":"2026-05-06T16:25:02.480Z","level":"WARN","module":"ExcelService","message":"Error upserting product","data":{"product_id":"B098T9CJVQ","error":"Product.upsert is not a function"}}
{"timestamp":"2026-05-06T16:25:02.481Z","level":"WARN","module":"ExcelService","message":"Error upserting product","data":{"product_id":"B01KCSGBU2","error":"Product.upsert is not a function"}}
{"timestamp":"2026-05-06T16:25:02.481Z","level":"WARN","module":"ExcelService","message":"Error upserting product","data":{"product_id":"B095XCRDQW","error":"Product.upsert is not a function"}}
{"timestamp":"2026-05-06T16:25:02.481Z","level":"WARN","module":"ExcelService","message":"Error upserting product","data":{"product_id":"B09CTWFV5W","error":"Product.upsert is not a function"}}
{"timestamp":"2026-05-06T16:25:02.482Z","level":"WARN","module":"ExcelService","message":"Error upserting product","data":{"product_id":"B0B7NWGXS6","error":"Product.upsert is not a function"}}
{"timestamp":"2026-05-06T16:25:02.482Z","level":"WARN","module":"ExcelService","message":"Error upserting product","data":{"product_id":"B07DZ986Q2","error":"Product.upsert is not a function"}}
{"timestamp":"2026-05-06T16:25:02.482Z","level":"WARN","module":"ExcelService","message":"Error upserting product","data":{"product_id":"B07KKJPTWB","error":"Product.upsert is not a function"}}
{"timestamp":"2026-05-06T16:25:02.483Z","level":"WARN","module":"ExcelService","message":"Error upserting product","data":{"product_id":"B071R3LHFM","error":"Product.upsert is not a function"}}
{"timestamp":"2026-05-06T16:25:02.483Z","level":"WARN","module":"ExcelService","message":"Error upserting product","data":{"product_id":"B086X18Q71","error":"Product.upsert is not a function"}}
{"timestamp":"2026-05-06T16:25:02.483Z","level":"WARN","module":"ExcelService","message":"Error upserting product","data":{"product_id":"B07WVQG8WZ","error":"Product.upsert is not a function"}}
{"timestamp":"2026-05-06T16:25:02.484Z","level":"WARN","module":"ExcelService","message":"Error upserting product","data":{"product_id":"B0BFBNXS94","error":"Product.upsert is not a function"}}
{"timestamp":"2026-05-06T16:25:02.484Z","level":"WARN","module":"ExcelService","message":"Error upserting product","data":{"product_id":"B071113J7M","error":"Product.upsert is not a function"}}
{"timestamp":"2026-05-06T16:25:02.484Z","level":"WARN","module":"ExcelService","message":"Error upserting product","data":{"product_id":"B09YLWT89W","error":"Product.upsert is not a function"}}
{"timestamp":"2026-05-06T16:25:02.485Z","level":"WARN","module":"ExcelService","message":"Error upserting product","data":{"product_id":"B0814LP6S9","error":"Product.upsert is not a function"}}
{"timestamp":"2026-05-06T16:25:02.485Z","level":"WARN","module":"ExcelService","message":"Error upserting product","data":{"product_id":"B07BKSSDR2","error":"Product.upsert is not a function"}}
{"timestamp":"2026-05-06T16:25:02.486Z","level":"WARN","module":"ExcelService","message":"Error upserting product","data":{"product_id":"B09VGS66FV","error":"Product.upsert is not a function"}}
{"timestamp":"2026-05-06T16:25:02.486Z","level":"WARN","module":"ExcelService","message":"Error upserting product","data":{"product_id":"B07RCGTZ4M","error":"Product.upsert is not a function"}}
{"timestamp":"2026-05-06T16:25:02.486Z","level":"WARN","module":"ExcelService","message":"Error upserting product","data":{"product_id":"B0747VDH9L","error":"Product.upsert is not a function"}}
{"timestamp":"2026-05-06T16:25:02.487Z","level":"WARN","module":"ExcelService","message":"Error upserting product","data":{"product_id":"B08XLR6DSB","error":"Product.upsert is not a function"}}
{"timestamp":"2026-05-06T16:25:02.487Z","level":"WARN","module":"ExcelService","message":"Error upserting product","data":{"product_id":"B08H6CZSHT","error":"Product.upsert is not a function"}}
{"timestamp":"2026-05-06T16:25:02.487Z","level":"WARN","module":"ExcelService","message":"Error upserting product","data":{"product_id":"B07CVR2L5K","error":"Product.upsert is not a function"}}
{"timestamp":"2026-05-06T16:25:02.488Z","level":"WARN","module":"ExcelService","message":"Error upserting product","data":{"product_id":"B09J4YQYX3","error":"Product.upsert is not a function"}}
{"timestamp":"2026-05-06T16:25:02.488Z","level":"WARN","module":"ExcelService","message":"Error upserting product","data":{"product_id":"B0B2DD8BQ8","error":"Product.upsert is not a function"}}
{"timestamp":"2026-05-06T16:25:02.488Z","level":"WARN","module":"ExcelService","message":"Error upserting product","data":{"product_id":"B0123P3PWE","error":"Product.upsert is not a function"}}
{"timestamp":"2026-05-06T16:25:02.488Z","level":"WARN","module":"ExcelService","message":"Error upserting product","data":{"product_id":"B08HDCWDXD","error":"Product.upsert is not a function"}}
{"timestamp":"2026-05-06T16:25:02.489Z","level":"WARN","module":"ExcelService","message":"Error upserting product","data":{"product_id":"B0836JGZ74","error":"Product.upsert is not a function"}}
{"timestamp":"2026-05-06T16:25:02.489Z","level":"WARN","module":"ExcelService","message":"Error upserting product","data":{"product_id":"B0BCKJJN8R","error":"Product.upsert is not a function"}}
{"timestamp":"2026-05-06T16:25:02.490Z","level":"WARN","module":"ExcelService","message":"Error upserting product","data":{"product_id":"B008P7IF02","error":"Product.upsert is not a function"}}
{"timestamp":"2026-05-06T16:25:02.490Z","level":"WARN","module":"ExcelService","message":"Error upserting product","data":{"product_id":"B08CNLYKW5","error":"Product.upsert is not a function"}}
{"timestamp":"2026-05-06T16:25:02.491Z","level":"WARN","module":"ExcelService","message":"Error upserting product","data":{"product_id":"B08C7TYHPB","error":"Product.upsert is not a function"}}
{"timestamp":"2026-05-06T16:25:02.491Z","level":"WARN","module":"ExcelService","message":"Error upserting product","data":{"product_id":"B08VJFYH6N","error":"Product.upsert is not a function"}}
{"timestamp":"2026-05-06T16:25:02.492Z","level":"WARN","module":"ExcelService","message":"Error upserting product","data":{"product_id":"B08235JZFB","error":"Product.upsert is not a function"}}
{"timestamp":"2026-05-06T16:25:02.492Z","level":"WARN","module":"ExcelService","message":"Error upserting product","data":{"product_id":"B078XFKBZL","error":"Product.upsert is not a function"}}
{"timestamp":"2026-05-06T16:25:02.493Z","level":"WARN","module":"ExcelService","message":"Error upserting product","data":{"product_id":"B01M265AAK","error":"Product.upsert is not a function"}}
{"timestamp":"2026-05-06T16:25:02.493Z","level":"WARN","module":"ExcelService","message":"Error upserting product","data":{"product_id":"B0B694PXQJ","error":"Product.upsert is not a function"}}
{"timestamp":"2026-05-06T16:25:02.494Z","level":"WARN","module":"ExcelService","message":"Error upserting product","data":{"product_id":"B00B3VFJY2","error":"Product.upsert is not a function"}}
{"timestamp":"2026-05-06T16:25:02.494Z","level":"WARN","module":"ExcelService","message":"Error upserting product","data":{"product_id":"B08W9BK4MD","error":"Product.upsert is not a function"}}
{"timestamp":"2026-05-06T16:25:02.494Z","level":"WARN","module":"ExcelService","message":"Error upserting product","data":{"product_id":"B09X5HD5T1","error":"Product.upsert is not a function"}}
{"timestamp":"2026-05-06T16:25:02.495Z","level":"WARN","module":"ExcelService","message":"Error upserting product","data":{"product_id":"B08H6B3G96","error":"Product.upsert is not a function"}}
{"timestamp":"2026-05-06T16:25:02.495Z","level":"WARN","module":"ExcelService","message":"Error upserting product","data":{"product_id":"B09N3BFP4M","error":"Product.upsert is not a function"}}
{"timestamp":"2026-05-06T16:25:02.496Z","level":"WARN","module":"ExcelService","message":"Error upserting product","data":{"product_id":"B09DSQXCM8","error":"Product.upsert is not a function"}}
{"timestamp":"2026-05-06T16:25:02.496Z","level":"WARN","module":"ExcelService","message":"Error upserting product","data":{"product_id":"B01M69WCZ6","error":"Product.upsert is not a function"}}
{"timestamp":"2026-05-06T16:25:02.496Z","level":"WARN","module":"ExcelService","message":"Error upserting product","data":{"product_id":"B0BM9H2NY9","error":"Product.upsert is not a function"}}
{"timestamp":"2026-05-06T16:25:02.497Z","level":"WARN","module":"ExcelService","message":"Error upserting product","data":{"product_id":"B099FDW2ZF","error":"Product.upsert is not a function"}}
{"timestamp":"2026-05-06T16:25:02.497Z","level":"WARN","module":"ExcelService","message":"Error upserting product","data":{"product_id":"B0B935YNR7","error":"Product.upsert is not a function"}}
{"timestamp":"2026-05-06T16:25:02.497Z","level":"WARN","module":"ExcelService","message":"Error upserting product","data":{"product_id":"B07JGCGNDG","error":"Product.upsert is not a function"}}
{"timestamp":"2026-05-06T16:25:02.498Z","level":"WARN","module":"ExcelService","message":"Error upserting product","data":{"product_id":"B08L12N5H1","error":"Product.upsert is not a function"}}
{"timestamp":"2026-05-06T16:25:02.498Z","level":"WARN","module":"ExcelService","message":"Error upserting product","data":{"product_id":"B07GWTWFS2","error":"Product.upsert is not a function"}}
{"timestamp":"2026-05-06T16:25:02.498Z","level":"WARN","module":"ExcelService","message":"Error upserting product","data":{"product_id":"B09KRHXTLN","error":"Product.upsert is not a function"}}
{"timestamp":"2026-05-06T16:25:02.499Z","level":"WARN","module":"ExcelService","message":"Error upserting product","data":{"product_id":"B09H34V36W","error":"Product.upsert is not a function"}}
{"timestamp":"2026-05-06T16:25:02.499Z","level":"WARN","module":"ExcelService","message":"Error upserting product","data":{"product_id":"B09J2QCKKM","error":"Product.upsert is not a function"}}
{"timestamp":"2026-05-06T16:25:02.499Z","level":"WARN","module":"ExcelService","message":"Error upserting product","data":{"product_id":"B09XRBJ94N","error":"Product.upsert is not a function"}}
{"timestamp":"2026-05-06T16:25:02.500Z","level":"WARN","module":"ExcelService","message":"Error upserting product","data":{"product_id":"B07SLNG3LW","error":"Product.upsert is not a function"}}
{"timestamp":"2026-05-06T16:25:02.500Z","level":"WARN","module":"ExcelService","message":"Error upserting product","data":{"product_id":"B0BNDGL26T","error":"Product.upsert is not a function"}}
{"timestamp":"2026-05-06T16:25:02.501Z","level":"WARN","module":"ExcelService","message":"Error upserting product","data":{"product_id":"B095PWLLY6","error":"Product.upsert is not a function"}}
{"timestamp":"2026-05-06T16:25:02.501Z","level":"WARN","module":"ExcelService","message":"Error upserting product","data":{"product_id":"B07Y9PY6Y1","error":"Product.upsert is not a function"}}
{"timestamp":"2026-05-06T16:25:02.502Z","level":"WARN","module":"ExcelService","message":"Error upserting product","data":{"product_id":"B0BJ966M5K","error":"Product.upsert is not a function"}}
{"timestamp":"2026-05-06T16:25:02.502Z","level":"WARN","module":"ExcelService","message":"Error upserting product","data":{"product_id":"B086GVRP63","error":"Product.upsert is not a function"}}
{"timestamp":"2026-05-06T16:25:02.502Z","level":"WARN","module":"ExcelService","message":"Error upserting product","data":{"product_id":"B08MVXPTDG","error":"Product.upsert is not a function"}}
{"timestamp":"2026-05-06T16:25:02.503Z","level":"WARN","module":"ExcelService","message":"Error upserting product","data":{"product_id":"B0BMZ6SY89","error":"Product.upsert is not a function"}}
{"timestamp":"2026-05-06T16:25:02.503Z","level":"WARN","module":"ExcelService","message":"Error upserting product","data":{"product_id":"B09P1MFKG1","error":"Product.upsert is not a function"}}
{"timestamp":"2026-05-06T16:25:02.504Z","level":"WARN","module":"ExcelService","message":"Error upserting product","data":{"product_id":"B01LY9W8AF","error":"Product.upsert is not a function"}}
{"timestamp":"2026-05-06T16:25:02.504Z","level":"WARN","module":"ExcelService","message":"Error upserting product","data":{"product_id":"B07ZJND9B9","error":"Product.upsert is not a function"}}
{"timestamp":"2026-05-06T16:25:02.504Z","level":"WARN","module":"ExcelService","message":"Error upserting product","data":{"product_id":"B0B2CWRDB1","error":"Product.upsert is not a function"}}
{"timestamp":"2026-05-06T16:25:02.505Z","level":"WARN","module":"ExcelService","message":"Error upserting product","data":{"product_id":"B072NCN9M4","error":"Product.upsert is not a function"}}
{"timestamp":"2026-05-06T16:25:02.505Z","level":"WARN","module":"ExcelService","message":"Error upserting product","data":{"product_id":"B08SKZ2RMG","error":"Product.upsert is not a function"}}
{"timestamp":"2026-05-06T16:25:02.506Z","level":"WARN","module":"ExcelService","message":"Error upserting product","data":{"product_id":"B0B53DS4TF","error":"Product.upsert is not a function"}}
{"timestamp":"2026-05-06T16:25:02.506Z","level":"WARN","module":"ExcelService","message":"Error upserting product","data":{"product_id":"B08BJN4MP3","error":"Product.upsert is not a function"}}
{"timestamp":"2026-05-06T16:25:02.506Z","level":"WARN","module":"ExcelService","message":"Error upserting product","data":{"product_id":"B0BCYQY9X5","error":"Product.upsert is not a function"}}
{"timestamp":"2026-05-06T16:25:02.507Z","level":"WARN","module":"ExcelService","message":"Error upserting product","data":{"product_id":"B009UORDX4","error":"Product.upsert is not a function"}}
{"timestamp":"2026-05-06T16:25:02.507Z","level":"WARN","module":"ExcelService","message":"Error upserting product","data":{"product_id":"B08VGDBF3B","error":"Product.upsert is not a function"}}
{"timestamp":"2026-05-06T16:25:02.508Z","level":"WARN","module":"ExcelService","message":"Error upserting product","data":{"product_id":"B012ELCYUG","error":"Product.upsert is not a function"}}
{"timestamp":"2026-05-06T16:25:02.509Z","level":"WARN","module":"ExcelService","message":"Error upserting product","data":{"product_id":"B07S9M8YTY","error":"Product.upsert is not a function"}}
{"timestamp":"2026-05-06T16:25:02.509Z","level":"WARN","module":"ExcelService","message":"Error upserting product","data":{"product_id":"B0B19VJXQZ","error":"Product.upsert is not a function"}}
{"timestamp":"2026-05-06T16:25:02.510Z","level":"WARN","module":"ExcelService","message":"Error upserting product","data":{"product_id":"B00SMFPJG0","error":"Product.upsert is not a function"}}
{"timestamp":"2026-05-06T16:25:02.510Z","level":"WARN","module":"ExcelService","message":"Error upserting product","data":{"product_id":"B0BHYLCL19","error":"Product.upsert is not a function"}}
{"timestamp":"2026-05-06T16:25:02.511Z","level":"WARN","module":"ExcelService","message":"Error upserting product","data":{"product_id":"B0BPJBTB3F","error":"Product.upsert is not a function"}}
{"timestamp":"2026-05-06T16:25:02.511Z","level":"WARN","module":"ExcelService","message":"Error upserting product","data":{"product_id":"B08MXJYB2V","error":"Product.upsert is not a function"}}
{"timestamp":"2026-05-06T16:25:02.511Z","level":"WARN","module":"ExcelService","message":"Error upserting product","data":{"product_id":"B081B1JL35","error":"Product.upsert is not a function"}}
{"timestamp":"2026-05-06T16:25:02.512Z","level":"WARN","module":"ExcelService","message":"Error upserting product","data":{"product_id":"B09VL9KFDB","error":"Product.upsert is not a function"}}
{"timestamp":"2026-05-06T16:25:02.512Z","level":"WARN","module":"ExcelService","message":"Error upserting product","data":{"product_id":"B0B1MDZV9C","error":"Product.upsert is not a function"}}
{"timestamp":"2026-05-06T16:25:02.513Z","level":"WARN","module":"ExcelService","message":"Error upserting product","data":{"product_id":"B08TT63N58","error":"Product.upsert is not a function"}}
{"timestamp":"2026-05-06T16:25:02.513Z","level":"WARN","module":"ExcelService","message":"Error upserting product","data":{"product_id":"B08YK7BBD2","error":"Product.upsert is not a function"}}
{"timestamp":"2026-05-06T16:25:02.513Z","level":"WARN","module":"ExcelService","message":"Error upserting product","data":{"product_id":"B07YQ5SN4H","error":"Product.upsert is not a function"}}
{"timestamp":"2026-05-06T16:25:02.514Z","level":"WARN","module":"ExcelService","message":"Error upserting product","data":{"product_id":"B0B7FJNSZR","error":"Product.upsert is not a function"}}
{"timestamp":"2026-05-06T16:25:02.514Z","level":"WARN","module":"ExcelService","message":"Error upserting product","data":{"product_id":"B01N6IJG0F","error":"Product.upsert is not a function"}}
{"timestamp":"2026-05-06T16:25:02.514Z","level":"WARN","module":"ExcelService","message":"Error upserting product","data":{"product_id":"B0B84QN4CN","error":"Product.upsert is not a function"}}
{"timestamp":"2026-05-06T16:25:02.515Z","level":"WARN","module":"ExcelService","message":"Error upserting product","data":{"product_id":"B0B8ZM9RVV","error":"Product.upsert is not a function"}}
{"timestamp":"2026-05-06T16:25:02.515Z","level":"WARN","module":"ExcelService","message":"Error upserting product","data":{"product_id":"B01892MIPA","error":"Product.upsert is not a function"}}
{"timestamp":"2026-05-06T16:25:02.515Z","level":"WARN","module":"ExcelService","message":"Error upserting product","data":{"product_id":"B08ZHYNTM1","error":"Product.upsert is not a function"}}
{"timestamp":"2026-05-06T16:25:02.516Z","level":"WARN","module":"ExcelService","message":"Error upserting product","data":{"product_id":"B09SDDQQKP","error":"Product.upsert is not a function"}}
{"timestamp":"2026-05-06T16:25:02.517Z","level":"WARN","module":"ExcelService","message":"Error upserting product","data":{"product_id":"B0B5RP43VN","error":"Product.upsert is not a function"}}
{"timestamp":"2026-05-06T16:25:02.517Z","level":"WARN","module":"ExcelService","message":"Error upserting product","data":{"product_id":"B096NTB9XT","error":"Product.upsert is not a function"}}
{"timestamp":"2026-05-06T16:25:02.517Z","level":"WARN","module":"ExcelService","message":"Error upserting product","data":{"product_id":"B078JF6X9B","error":"Product.upsert is not a function"}}
{"timestamp":"2026-05-06T16:25:02.518Z","level":"WARN","module":"ExcelService","message":"Error upserting product","data":{"product_id":"B08CGW4GYR","error":"Product.upsert is not a function"}}
{"timestamp":"2026-05-06T16:25:02.518Z","level":"WARN","module":"ExcelService","message":"Error upserting product","data":{"product_id":"B00A328ENA","error":"Product.upsert is not a function"}}
{"timestamp":"2026-05-06T16:25:02.519Z","level":"WARN","module":"ExcelService","message":"Error upserting product","data":{"product_id":"B0763K5HLQ","error":"Product.upsert is not a function"}}
{"timestamp":"2026-05-06T16:25:02.519Z","level":"WARN","module":"ExcelService","message":"Error upserting product","data":{"product_id":"B09PDZNSBG","error":"Product.upsert is not a function"}}
{"timestamp":"2026-05-06T16:25:02.519Z","level":"WARN","module":"ExcelService","message":"Error upserting product","data":{"product_id":"B085LPT5F4","error":"Product.upsert is not a function"}}
{"timestamp":"2026-05-06T16:25:02.519Z","level":"WARN","module":"ExcelService","message":"Error upserting product","data":{"product_id":"B0B9RZ4G4W","error":"Product.upsert is not a function"}}
{"timestamp":"2026-05-06T16:25:02.520Z","level":"WARN","module":"ExcelService","message":"Error upserting product","data":{"product_id":"B0085W2MUQ","error":"Product.upsert is not a function"}}
{"timestamp":"2026-05-06T16:25:02.520Z","level":"WARN","module":"ExcelService","message":"Error upserting product","data":{"product_id":"B09474JWN6","error":"Product.upsert is not a function"}}
{"timestamp":"2026-05-06T16:25:02.521Z","level":"WARN","module":"ExcelService","message":"Error upserting product","data":{"product_id":"B09G2VTHQM","error":"Product.upsert is not a function"}}
{"timestamp":"2026-05-06T16:25:02.521Z","level":"WARN","module":"ExcelService","message":"Error upserting product","data":{"product_id":"B07R679HTT","error":"Product.upsert is not a function"}}
{"timestamp":"2026-05-06T16:25:02.521Z","level":"WARN","module":"ExcelService","message":"Error upserting product","data":{"product_id":"B00B7GKXMG","error":"Product.upsert is not a function"}}
{"timestamp":"2026-05-06T16:25:02.522Z","level":"WARN","module":"ExcelService","message":"Error upserting product","data":{"product_id":"B07H3N8RJH","error":"Product.upsert is not a function"}}
{"timestamp":"2026-05-06T16:25:02.522Z","level":"WARN","module":"ExcelService","message":"Error upserting product","data":{"product_id":"B07K2HVKLL","error":"Product.upsert is not a function"}}
{"timestamp":"2026-05-06T16:25:02.523Z","level":"WARN","module":"ExcelService","message":"Error upserting product","data":{"product_id":"B09MQ9PDHR","error":"Product.upsert is not a function"}}
{"timestamp":"2026-05-06T16:25:02.523Z","level":"WARN","module":"ExcelService","message":"Error upserting product","data":{"product_id":"B014HDJ7ZE","error":"Product.upsert is not a function"}}
{"timestamp":"2026-05-06T16:25:02.524Z","level":"WARN","module":"ExcelService","message":"Error upserting product","data":{"product_id":"B07D2NMTTV","error":"Product.upsert is not a function"}}
{"timestamp":"2026-05-06T16:25:02.524Z","level":"WARN","module":"ExcelService","message":"Error upserting product","data":{"product_id":"B075K76YW1","error":"Product.upsert is not a function"}}
{"timestamp":"2026-05-06T16:25:02.525Z","level":"WARN","module":"ExcelService","message":"Error upserting product","data":{"product_id":"B0BNLFQDG2","error":"Product.upsert is not a function"}}
{"timestamp":"2026-05-06T16:25:02.525Z","level":"WARN","module":"ExcelService","message":"Error upserting product","data":{"product_id":"B082ZQ4479","error":"Product.upsert is not a function"}}
{"timestamp":"2026-05-06T16:25:02.526Z","level":"WARN","module":"ExcelService","message":"Error upserting product","data":{"product_id":"B09Y358DZQ","error":"Product.upsert is not a function"}}
{"timestamp":"2026-05-06T16:25:02.526Z","level":"WARN","module":"ExcelService","message":"Error upserting product","data":{"product_id":"B09M3F4HGB","error":"Product.upsert is not a function"}}
{"timestamp":"2026-05-06T16:25:02.527Z","level":"WARN","module":"ExcelService","message":"Error upserting product","data":{"product_id":"B07VZH6ZBB","error":"Product.upsert is not a function"}}
{"timestamp":"2026-05-06T16:25:02.527Z","level":"WARN","module":"ExcelService","message":"Error upserting product","data":{"product_id":"B07F366Z51","error":"Product.upsert is not a function"}}
{"timestamp":"2026-05-06T16:25:02.528Z","level":"WARN","module":"ExcelService","message":"Error upserting product","data":{"product_id":"B077BTLQ67","error":"Product.upsert is not a function"}}
{"timestamp":"2026-05-06T16:25:02.528Z","level":"WARN","module":"ExcelService","message":"Error upserting product","data":{"product_id":"B07YSJ7FF1","error":"Product.upsert is not a function"}}
{"timestamp":"2026-05-06T16:25:02.528Z","level":"WARN","module":"ExcelService","message":"Error upserting product","data":{"product_id":"B07TXCY3YK","error":"Product.upsert is not a function"}}
{"timestamp":"2026-05-06T16:25:02.529Z","level":"WARN","module":"ExcelService","message":"Error upserting product","data":{"product_id":"B07TC9F7PN","error":"Product.upsert is not a function"}}
{"timestamp":"2026-05-06T16:25:02.529Z","level":"WARN","module":"ExcelService","message":"Error upserting product","data":{"product_id":"B09NS5TKPN","error":"Product.upsert is not a function"}}
{"timestamp":"2026-05-06T16:25:02.530Z","level":"WARN","module":"ExcelService","message":"Error upserting product","data":{"product_id":"B00LP9RFSU","error":"Product.upsert is not a function"}}
{"timestamp":"2026-05-06T16:25:02.530Z","level":"WARN","module":"ExcelService","message":"Error upserting product","data":{"product_id":"B0B7L86YCB","error":"Product.upsert is not a function"}}
{"timestamp":"2026-05-06T16:25:02.530Z","level":"WARN","module":"ExcelService","message":"Error upserting product","data":{"product_id":"B09VPH38JS","error":"Product.upsert is not a function"}}
{"timestamp":"2026-05-06T16:25:02.531Z","level":"WARN","module":"ExcelService","message":"Error upserting product","data":{"product_id":"B01MUAUOCX","error":"Product.upsert is not a function"}}
{"timestamp":"2026-05-06T16:25:02.531Z","level":"WARN","module":"ExcelService","message":"Error upserting product","data":{"product_id":"B09MB3DKG1","error":"Product.upsert is not a function"}}
{"timestamp":"2026-05-06T16:25:02.531Z","level":"WARN","module":"ExcelService","message":"Error upserting product","data":{"product_id":"B08QHLXWV3","error":"Product.upsert is not a function"}}
{"timestamp":"2026-05-06T16:25:02.532Z","level":"WARN","module":"ExcelService","message":"Error upserting product","data":{"product_id":"B07G147SZD","error":"Product.upsert is not a function"}}
{"timestamp":"2026-05-06T16:25:02.533Z","level":"WARN","module":"ExcelService","message":"Error upserting product","data":{"product_id":"B09LH32678","error":"Product.upsert is not a function"}}
{"timestamp":"2026-05-06T16:25:02.533Z","level":"WARN","module":"ExcelService","message":"Error upserting product","data":{"product_id":"B09R1YFL6S","error":"Product.upsert is not a function"}}
{"timestamp":"2026-05-06T16:25:02.534Z","level":"WARN","module":"ExcelService","message":"Error upserting product","data":{"product_id":"B07Q4NJQC5","error":"Product.upsert is not a function"}}
{"timestamp":"2026-05-06T16:25:02.534Z","level":"WARN","module":"ExcelService","message":"Error upserting product","data":{"product_id":"B097RN7BBK","error":"Product.upsert is not a function"}}
{"timestamp":"2026-05-06T16:25:02.534Z","level":"WARN","module":"ExcelService","message":"Error upserting product","data":{"product_id":"B097MKZHNV","error":"Product.upsert is not a function"}}
{"timestamp":"2026-05-06T16:25:02.535Z","level":"WARN","module":"ExcelService","message":"Error upserting product","data":{"product_id":"B07LG96SDB","error":"Product.upsert is not a function"}}
{"timestamp":"2026-05-06T16:25:02.535Z","level":"WARN","module":"ExcelService","message":"Error upserting product","data":{"product_id":"B08KS2KQTK","error":"Product.upsert is not a function"}}
{"timestamp":"2026-05-06T16:25:02.535Z","level":"WARN","module":"ExcelService","message":"Error upserting product","data":{"product_id":"B095K14P86","error":"Product.upsert is not a function"}}
{"timestamp":"2026-05-06T16:25:02.536Z","level":"WARN","module":"ExcelService","message":"Error upserting product","data":{"product_id":"B08K36NZSV","error":"Product.upsert is not a function"}}
{"timestamp":"2026-05-06T16:25:02.536Z","level":"WARN","module":"ExcelService","message":"Error upserting product","data":{"product_id":"B07LDPLSZC","error":"Product.upsert is not a function"}}
{"timestamp":"2026-05-06T16:25:02.537Z","level":"WARN","module":"ExcelService","message":"Error upserting product","data":{"product_id":"B07F1T31ZZ","error":"Product.upsert is not a function"}}
{"timestamp":"2026-05-06T16:25:02.537Z","level":"WARN","module":"ExcelService","message":"Error upserting product","data":{"product_id":"B0BNDRK886","error":"Product.upsert is not a function"}}
{"timestamp":"2026-05-06T16:25:02.537Z","level":"WARN","module":"ExcelService","message":"Error upserting product","data":{"product_id":"B09ZVJXN5L","error":"Product.upsert is not a function"}}
{"timestamp":"2026-05-06T16:25:02.538Z","level":"WARN","module":"ExcelService","message":"Error upserting product","data":{"product_id":"B08JKPVDKL","error":"Product.upsert is not a function"}}
{"timestamp":"2026-05-06T16:25:02.538Z","level":"WARN","module":"ExcelService","message":"Error upserting product","data":{"product_id":"B09JFR8H3Q","error":"Product.upsert is not a function"}}
{"timestamp":"2026-05-06T16:25:02.539Z","level":"WARN","module":"ExcelService","message":"Error upserting product","data":{"product_id":"B07LDN9Q2P","error":"Product.upsert is not a function"}}
{"timestamp":"2026-05-06T16:25:02.539Z","level":"WARN","module":"ExcelService","message":"Error upserting product","data":{"product_id":"B08T8KWNQ9","error":"Product.upsert is not a function"}}
{"timestamp":"2026-05-06T16:25:02.540Z","level":"WARN","module":"ExcelService","message":"Error upserting product","data":{"product_id":"B07Y1RCCW5","error":"Product.upsert is not a function"}}
{"timestamp":"2026-05-06T16:25:02.541Z","level":"WARN","module":"ExcelService","message":"Error upserting product","data":{"product_id":"B0762HXMTF","error":"Product.upsert is not a function"}}
{"timestamp":"2026-05-06T16:25:02.541Z","level":"WARN","module":"ExcelService","message":"Error upserting product","data":{"product_id":"B00K57MR22","error":"Product.upsert is not a function"}}
{"timestamp":"2026-05-06T16:25:02.543Z","level":"WARN","module":"ExcelService","message":"Error upserting product","data":{"product_id":"B07TTSS5MP","error":"Product.upsert is not a function"}}
{"timestamp":"2026-05-06T16:25:02.544Z","level":"WARN","module":"ExcelService","message":"Error upserting product","data":{"product_id":"B09ZDVL7L8","error":"Product.upsert is not a function"}}
{"timestamp":"2026-05-06T16:25:02.544Z","level":"WARN","module":"ExcelService","message":"Error upserting product","data":{"product_id":"B09XHXXCFH","error":"Product.upsert is not a function"}}
{"timestamp":"2026-05-06T16:25:02.544Z","level":"WARN","module":"ExcelService","message":"Error upserting product","data":{"product_id":"B0BL3R4RGS","error":"Product.upsert is not a function"}}
{"timestamp":"2026-05-06T16:25:02.545Z","level":"WARN","module":"ExcelService","message":"Error upserting product","data":{"product_id":"B07P1BR7L8","error":"Product.upsert is not a function"}}
{"timestamp":"2026-05-06T16:25:02.545Z","level":"WARN","module":"ExcelService","message":"Error upserting product","data":{"product_id":"B078WB1VWJ","error":"Product.upsert is not a function"}}
{"timestamp":"2026-05-06T16:25:02.546Z","level":"WARN","module":"ExcelService","message":"Error upserting product","data":{"product_id":"B0BP89YBC1","error":"Product.upsert is not a function"}}
{"timestamp":"2026-05-06T16:25:02.546Z","level":"WARN","module":"ExcelService","message":"Error upserting product","data":{"product_id":"B09W9V2PXG","error":"Product.upsert is not a function"}}
{"timestamp":"2026-05-06T16:25:02.546Z","level":"WARN","module":"ExcelService","message":"Error upserting product","data":{"product_id":"B09XTQFFCG","error":"Product.upsert is not a function"}}
{"timestamp":"2026-05-06T16:25:02.547Z","level":"WARN","module":"ExcelService","message":"Error upserting product","data":{"product_id":"B08LVVTGZK","error":"Product.upsert is not a function"}}
{"timestamp":"2026-05-06T16:25:02.547Z","level":"WARN","module":"ExcelService","message":"Error upserting product","data":{"product_id":"B07J2BQZD6","error":"Product.upsert is not a function"}}
{"timestamp":"2026-05-06T16:25:02.547Z","level":"WARN","module":"ExcelService","message":"Error upserting product","data":{"product_id":"B07HK53XM4","error":"Product.upsert is not a function"}}
{"timestamp":"2026-05-06T16:25:02.548Z","level":"WARN","module":"ExcelService","message":"Error upserting product","data":{"product_id":"B08RDWBYCQ","error":"Product.upsert is not a function"}}
{"timestamp":"2026-05-06T16:25:02.548Z","level":"WARN","module":"ExcelService","message":"Error upserting product","data":{"product_id":"B09FHHTL8L","error":"Product.upsert is not a function"}}
{"timestamp":"2026-05-06T16:25:02.549Z","level":"WARN","module":"ExcelService","message":"Error upserting product","data":{"product_id":"B0BHNHMR3H","error":"Product.upsert is not a function"}}
{"timestamp":"2026-05-06T16:25:02.549Z","level":"WARN","module":"ExcelService","message":"Error upserting product","data":{"product_id":"B07D8VBYB4","error":"Product.upsert is not a function"}}
{"timestamp":"2026-05-06T16:25:02.549Z","level":"WARN","module":"ExcelService","message":"Error upserting product","data":{"product_id":"B0B3TBY2YX","error":"Product.upsert is not a function"}}
{"timestamp":"2026-05-06T16:25:02.550Z","level":"WARN","module":"ExcelService","message":"Error upserting product","data":{"product_id":"B088WCFPQF","error":"Product.upsert is not a function"}}
{"timestamp":"2026-05-06T16:25:02.550Z","level":"WARN","module":"ExcelService","message":"Error upserting product","data":{"product_id":"B07JZSG42Y","error":"Product.upsert is not a function"}}
{"timestamp":"2026-05-06T16:25:02.551Z","level":"WARN","module":"ExcelService","message":"Error upserting product","data":{"product_id":"B08YRMBK9R","error":"Product.upsert is not a function"}}
{"timestamp":"2026-05-06T16:25:02.551Z","level":"WARN","module":"ExcelService","message":"Error upserting product","data":{"product_id":"B00935MGHS","error":"Product.upsert is not a function"}}
{"timestamp":"2026-05-06T16:25:02.551Z","level":"WARN","module":"ExcelService","message":"Error upserting product","data":{"product_id":"B07B5XJ572","error":"Product.upsert is not a function"}}
{"timestamp":"2026-05-06T16:25:02.551Z","level":"WARN","module":"ExcelService","message":"Error upserting product","data":{"product_id":"B086199CWG","error":"Product.upsert is not a function"}}
{"timestamp":"2026-05-06T16:25:02.552Z","level":"WARN","module":"ExcelService","message":"Error upserting product","data":{"product_id":"B0BBWJFK5C","error":"Product.upsert is not a function"}}
{"timestamp":"2026-05-06T16:25:02.552Z","level":"WARN","module":"ExcelService","message":"Error upserting product","data":{"product_id":"B07GLS2563","error":"Product.upsert is not a function"}}
{"timestamp":"2026-05-06T16:25:02.552Z","level":"WARN","module":"ExcelService","message":"Error upserting product","data":{"product_id":"B09P182Z2H","error":"Product.upsert is not a function"}}
{"timestamp":"2026-05-06T16:25:02.553Z","level":"WARN","module":"ExcelService","message":"Error upserting product","data":{"product_id":"B0B59K1C8F","error":"Product.upsert is not a function"}}
{"timestamp":"2026-05-06T16:25:02.553Z","level":"WARN","module":"ExcelService","message":"Error upserting product","data":{"product_id":"B06Y36JKC3","error":"Product.upsert is not a function"}}
{"timestamp":"2026-05-06T16:25:02.553Z","level":"WARN","module":"ExcelService","message":"Error upserting product","data":{"product_id":"B075S9FVRY","error":"Product.upsert is not a function"}}
{"timestamp":"2026-05-06T16:25:02.554Z","level":"WARN","module":"ExcelService","message":"Error upserting product","data":{"product_id":"B08SJVD8QD","error":"Product.upsert is not a function"}}
{"timestamp":"2026-05-06T16:25:02.554Z","level":"WARN","module":"ExcelService","message":"Error upserting product","data":{"product_id":"B07FJNNZCJ","error":"Product.upsert is not a function"}}
{"timestamp":"2026-05-06T16:25:02.554Z","level":"WARN","module":"ExcelService","message":"Error upserting product","data":{"product_id":"B09MFR93KS","error":"Product.upsert is not a function"}}
{"timestamp":"2026-05-06T16:25:02.555Z","level":"WARN","module":"ExcelService","message":"Error upserting product","data":{"product_id":"B07Y5FDPKV","error":"Product.upsert is not a function"}}
{"timestamp":"2026-05-06T16:25:02.555Z","level":"WARN","module":"ExcelService","message":"Error upserting product","data":{"product_id":"B0756KCV5K","error":"Product.upsert is not a function"}}
{"timestamp":"2026-05-06T16:25:02.555Z","level":"WARN","module":"ExcelService","message":"Error upserting product","data":{"product_id":"B0BJ6P3LSK","error":"Product.upsert is not a function"}}
{"timestamp":"2026-05-06T16:25:02.556Z","level":"WARN","module":"ExcelService","message":"Error upserting product","data":{"product_id":"B09HS1NDRQ","error":"Product.upsert is not a function"}}
{"timestamp":"2026-05-06T16:25:02.556Z","level":"WARN","module":"ExcelService","message":"Error upserting product","data":{"product_id":"B018SJJ0GE","error":"Product.upsert is not a function"}}
{"timestamp":"2026-05-06T16:25:02.557Z","level":"WARN","module":"ExcelService","message":"Error upserting product","data":{"product_id":"B09FPP3R1D","error":"Product.upsert is not a function"}}
{"timestamp":"2026-05-06T16:25:02.558Z","level":"WARN","module":"ExcelService","message":"Error upserting product","data":{"product_id":"B01F7B2JCI","error":"Product.upsert is not a function"}}
{"timestamp":"2026-05-06T16:25:02.558Z","level":"WARN","module":"ExcelService","message":"Error upserting product","data":{"product_id":"B09NNZ1GF7","error":"Product.upsert is not a function"}}
{"timestamp":"2026-05-06T16:25:02.558Z","level":"WARN","module":"ExcelService","message":"Error upserting product","data":{"product_id":"B01CS4A5V4","error":"Product.upsert is not a function"}}
{"timestamp":"2026-05-06T16:25:02.559Z","level":"WARN","module":"ExcelService","message":"Error upserting product","data":{"product_id":"B0BL11S5QK","error":"Product.upsert is not a function"}}
{"timestamp":"2026-05-06T16:25:02.559Z","level":"WARN","module":"ExcelService","message":"Error upserting product","data":{"product_id":"B09BL2KHQW","error":"Product.upsert is not a function"}}
{"timestamp":"2026-05-06T16:25:02.560Z","level":"WARN","module":"ExcelService","message":"Error upserting product","data":{"product_id":"B081RLM75M","error":"Product.upsert is not a function"}}
{"timestamp":"2026-05-06T16:25:02.560Z","level":"WARN","module":"ExcelService","message":"Error upserting product","data":{"product_id":"B07SYYVP69","error":"Product.upsert is not a function"}}
{"timestamp":"2026-05-06T16:25:02.561Z","level":"WARN","module":"ExcelService","message":"Error upserting product","data":{"product_id":"B0BDZWMGZ1","error":"Product.upsert is not a function"}}
{"timestamp":"2026-05-06T16:25:02.561Z","level":"WARN","module":"ExcelService","message":"Error upserting product","data":{"product_id":"B078JT7LTD","error":"Product.upsert is not a function"}}
{"timestamp":"2026-05-06T16:25:02.562Z","level":"WARN","module":"ExcelService","message":"Error upserting product","data":{"product_id":"B09WF4Q7B3","error":"Product.upsert is not a function"}}
{"timestamp":"2026-05-06T16:25:02.562Z","level":"WARN","module":"ExcelService","message":"Error upserting product","data":{"product_id":"B092R48XXB","error":"Product.upsert is not a function"}}
{"timestamp":"2026-05-06T16:25:02.563Z","level":"WARN","module":"ExcelService","message":"Error upserting product","data":{"product_id":"B00KIDSU8S","error":"Product.upsert is not a function"}}
{"timestamp":"2026-05-06T16:25:02.563Z","level":"WARN","module":"ExcelService","message":"Error upserting product","data":{"product_id":"B0977CGNJJ","error":"Product.upsert is not a function"}}
{"timestamp":"2026-05-06T16:25:02.563Z","level":"WARN","module":"ExcelService","message":"Error upserting product","data":{"product_id":"B08WWKM5HQ","error":"Product.upsert is not a function"}}
{"timestamp":"2026-05-06T16:25:02.564Z","level":"WARN","module":"ExcelService","message":"Error upserting product","data":{"product_id":"B015GX9Y0W","error":"Product.upsert is not a function"}}
{"timestamp":"2026-05-06T16:25:02.564Z","level":"WARN","module":"ExcelService","message":"Error upserting product","data":{"product_id":"B089BDBDGM","error":"Product.upsert is not a function"}}
{"timestamp":"2026-05-06T16:25:02.565Z","level":"WARN","module":"ExcelService","message":"Error upserting product","data":{"product_id":"B0BPBG712X","error":"Product.upsert is not a function"}}
{"timestamp":"2026-05-06T16:25:02.565Z","level":"WARN","module":"ExcelService","message":"Error upserting product","data":{"product_id":"B00JBNZPFM","error":"Product.upsert is not a function"}}
{"timestamp":"2026-05-06T16:25:02.566Z","level":"WARN","module":"ExcelService","message":"Error upserting product","data":{"product_id":"B08N6P8G5K","error":"Product.upsert is not a function"}}
{"timestamp":"2026-05-06T16:25:02.566Z","level":"WARN","module":"ExcelService","message":"Error upserting product","data":{"product_id":"B07NPBG1B4","error":"Product.upsert is not a function"}}
{"timestamp":"2026-05-06T16:25:02.566Z","level":"WARN","module":"ExcelService","message":"Error upserting product","data":{"product_id":"B01MRARGBW","error":"Product.upsert is not a function"}}
{"timestamp":"2026-05-06T16:25:02.567Z","level":"WARN","module":"ExcelService","message":"Error upserting product","data":{"product_id":"B07VZYMQNZ","error":"Product.upsert is not a function"}}
{"timestamp":"2026-05-06T16:25:02.567Z","level":"WARN","module":"ExcelService","message":"Error upserting product","data":{"product_id":"B01L7C4IU2","error":"Product.upsert is not a function"}}
{"timestamp":"2026-05-06T16:25:02.567Z","level":"WARN","module":"ExcelService","message":"Error upserting product","data":{"product_id":"B09H7JDJCW","error":"Product.upsert is not a function"}}
{"timestamp":"2026-05-06T16:25:02.568Z","level":"WARN","module":"ExcelService","message":"Error upserting product","data":{"product_id":"B07F6GXNPB","error":"Product.upsert is not a function"}}
{"timestamp":"2026-05-06T16:25:02.568Z","level":"WARN","module":"ExcelService","message":"Error upserting product","data":{"product_id":"B0B97D658R","error":"Product.upsert is not a function"}}
{"timestamp":"2026-05-06T16:25:02.568Z","level":"WARN","module":"ExcelService","message":"Error upserting product","data":{"product_id":"B09NFSHCWN","error":"Product.upsert is not a function"}}
{"timestamp":"2026-05-06T16:25:02.569Z","level":"WARN","module":"ExcelService","message":"Error upserting product","data":{"product_id":"B076VQS87V","error":"Product.upsert is not a function"}}
{"timestamp":"2026-05-06T16:25:02.569Z","level":"WARN","module":"ExcelService","message":"Error upserting product","data":{"product_id":"B09LMMFW3S","error":"Product.upsert is not a function"}}
{"timestamp":"2026-05-06T16:25:02.569Z","level":"WARN","module":"ExcelService","message":"Error upserting product","data":{"product_id":"B0BBLHTRM9","error":"Product.upsert is not a function"}}
{"timestamp":"2026-05-06T16:25:02.570Z","level":"WARN","module":"ExcelService","message":"Error upserting product","data":{"product_id":"B0BJYSCWFQ","error":"Product.upsert is not a function"}}
{"timestamp":"2026-05-06T16:25:02.570Z","level":"WARN","module":"ExcelService","message":"Error upserting product","data":{"product_id":"B0187F2IOK","error":"Product.upsert is not a function"}}
{"timestamp":"2026-05-06T16:25:02.570Z","level":"WARN","module":"ExcelService","message":"Error upserting product","data":{"product_id":"B0B8CB7MHW","error":"Product.upsert is not a function"}}
{"timestamp":"2026-05-06T16:25:02.571Z","level":"WARN","module":"ExcelService","message":"Error upserting product","data":{"product_id":"B07K19NYZ8","error":"Product.upsert is not a function"}}
{"timestamp":"2026-05-06T16:25:02.571Z","level":"WARN","module":"ExcelService","message":"Error upserting product","data":{"product_id":"B08ZXZ362Z","error":"Product.upsert is not a function"}}
{"timestamp":"2026-05-06T16:25:02.571Z","level":"WARN","module":"ExcelService","message":"Error upserting product","data":{"product_id":"B00GHL8VP2","error":"Product.upsert is not a function"}}
{"timestamp":"2026-05-06T16:25:02.572Z","level":"WARN","module":"ExcelService","message":"Error upserting product","data":{"product_id":"B0B9JZW1SQ","error":"Product.upsert is not a function"}}
{"timestamp":"2026-05-06T16:25:02.573Z","level":"WARN","module":"ExcelService","message":"Error upserting product","data":{"product_id":"B00TI8E7BI","error":"Product.upsert is not a function"}}
{"timestamp":"2026-05-06T16:25:02.573Z","level":"WARN","module":"ExcelService","message":"Error upserting product","data":{"product_id":"B07J9KXQCC","error":"Product.upsert is not a function"}}
{"timestamp":"2026-05-06T16:25:02.574Z","level":"WARN","module":"ExcelService","message":"Error upserting product","data":{"product_id":"B0B3JSWG81","error":"Product.upsert is not a function"}}
{"timestamp":"2026-05-06T16:25:02.574Z","level":"WARN","module":"ExcelService","message":"Error upserting product","data":{"product_id":"B08L7J3T31","error":"Product.upsert is not a function"}}
{"timestamp":"2026-05-06T16:25:02.575Z","level":"WARN","module":"ExcelService","message":"Error upserting product","data":{"product_id":"B01M6453MB","error":"Product.upsert is not a function"}}
{"timestamp":"2026-05-06T16:25:02.575Z","level":"WARN","module":"ExcelService","message":"Error upserting product","data":{"product_id":"B009P2LIL4","error":"Product.upsert is not a function"}}
{"timestamp":"2026-05-06T16:25:02.575Z","level":"WARN","module":"ExcelService","message":"Error upserting product","data":{"product_id":"B00J5DYCCA","error":"Product.upsert is not a function"}}
{"timestamp":"2026-05-06T16:25:02.576Z","level":"WARN","module":"ExcelService","message":"Error upserting product","data":{"product_id":"B01486F4G6","error":"Product.upsert is not a function"}}
{"timestamp":"2026-05-06T16:25:02.576Z","level":"INFO","module":"ExcelService","message":"Batch import completed","data":{"inserted":0,"updated":0,"errors":1465}}
{"timestamp":"2026-05-06T16:25:02.577Z","level":"INFO","module":"ProductController","message":"Data import completed","data":{"processed":1465,"inserted":0,"updated":0,"errors":1465}}
{"timestamp":"2026-05-06T16:25:02.579Z","level":"DEBUG","module":"Middleware","message":"Request completed","data":{"method":"POST","url":"/api/import","statusCode":200,"duration":"1589ms","ip":"::1"}}
{"timestamp":"2026-05-06T16:25:02.664Z","level":"DEBUG","module":"ProductController","message":"Fetching products","data":{"page":"1","limit":"20","search":"","category":"","minRating":0}}
{"timestamp":"2026-05-06T16:25:02.666Z","level":"ERROR","module":"ProductController","message":"Get products error","data":{"error":"Product.findAndCountAll is not a function","stack":"TypeError: Product.findAndCountAll is not a function\n    at getProducts (D:\\assignment\\product-analytics-dashboard\\backend\\src\\controllers\\productController.js:145:45)\n    at Layer.handle [as handle_request] (D:\\assignment\\product-analytics-dashboard\\backend\\node_modules\\express\\lib\\router\\layer.js:95:5)\n    at next (D:\\assignment\\product-analytics-dashboard\\backend\\node_modules\\express\\lib\\router\\route.js:149:13)\n    at validateRatingFilter (D:\\assignment\\product-analytics-dashboard\\backend\\src\\middleware\\validation.js:68:3)\n    at Layer.handle [as handle_request] (D:\\assignment\\product-analytics-dashboard\\backend\\node_modules\\express\\lib\\router\\layer.js:95:5)\n    at next (D:\\assignment\\product-analytics-dashboard\\backend\\node_modules\\express\\lib\\router\\route.js:149:13)\n    at validateProductQuery (D:\\assignment\\product-analytics-dashboard\\backend\\src\\middleware\\validation.js:48:3)\n    at Layer.handle [as handle_request] (D:\\assignment\\product-analytics-dashboard\\backend\\node_modules\\express\\lib\\router\\layer.js:95:5)\n    at next (D:\\assignment\\product-analytics-dashboard\\backend\\node_modules\\express\\lib\\router\\route.js:149:13)\n    at Route.dispatch (D:\\assignment\\product-analytics-dashboard\\backend\\node_modules\\express\\lib\\router\\route.js:119:3)"}}
{"timestamp":"2026-05-06T16:25:02.667Z","level":"WARN","module":"Middleware","message":"Request completed with error","data":{"method":"GET","url":"/api/products?page=1&limit=20","statusCode":500,"duration":"3ms","ip":"::1"}}
{"timestamp":"2026-05-06T16:25:02.669Z","level":"INFO","module":"ProductController","message":"Fetching analytics data"}
{"timestamp":"2026-05-06T16:25:02.670Z","level":"ERROR","module":"ProductController","message":"Get analytics error","data":{"error":"Product.count is not a function","stack":"TypeError: Product.count is not a function\n    at getAnalytics (D:\\assignment\\product-analytics-dashboard\\backend\\src\\controllers\\productController.js:216:43)\n    at Layer.handle [as handle_request] (D:\\assignment\\product-analytics-dashboard\\backend\\node_modules\\express\\lib\\router\\layer.js:95:5)\n    at next (D:\\assignment\\product-analytics-dashboard\\backend\\node_modules\\express\\lib\\router\\route.js:149:13)\n    at Route.dispatch (D:\\assignment\\product-analytics-dashboard\\backend\\node_modules\\express\\lib\\router\\route.js:119:3)\n    at Layer.handle [as handle_request] (D:\\assignment\\product-analytics-dashboard\\backend\\node_modules\\express\\lib\\router\\layer.js:95:5)\n    at D:\\assignment\\product-analytics-dashboard\\backend\\node_modules\\express\\lib\\router\\index.js:284:15\n    at router.process_params (D:\\assignment\\product-analytics-dashboard\\backend\\node_modules\\express\\lib\\router\\index.js:346:12)\n    at next (D:\\assignment\\product-analytics-dashboard\\backend\\node_modules\\express\\lib\\router\\index.js:280:10)\n    at router.handle (D:\\assignment\\product-analytics-dashboard\\backend\\node_modules\\express\\lib\\router\\index.js:175:3)\n    at router (D:\\assignment\\product-analytics-dashboard\\backend\\node_modules\\express\\lib\\router\\index.js:47:12)"}}
{"timestamp":"2026-05-06T16:25:02.671Z","level":"WARN","module":"Middleware","message":"Request completed with error","data":{"method":"GET","url":"/api/analytics","statusCode":500,"duration":"2ms","ip":"::1"}}
