{"timestamp":"2026-05-07T04:34:44.758Z","level":"INFO","module":"ProductController","message":"Fetching analytics data"}
{"timestamp":"2026-05-07T04:34:44.760Z","level":"ERROR","module":"ProductController","message":"Get analytics error","data":{"error":"Product.count is not a function","stack":"TypeError: Product.count is not a function\n    at getAnalytics (D:\\assignment\\product-analytics-dashboard\\backend\\src\\controllers\\productController.js:216:43)\n    at Layer.handle [as handle_request] (D:\\assignment\\product-analytics-dashboard\\backend\\node_modules\\express\\lib\\router\\layer.js:95:5)\n    at next (D:\\assignment\\product-analytics-dashboard\\backend\\node_modules\\express\\lib\\router\\route.js:149:13)\n    at Route.dispatch (D:\\assignment\\product-analytics-dashboard\\backend\\node_modules\\express\\lib\\router\\route.js:119:3)\n    at Layer.handle [as handle_request] (D:\\assignment\\product-analytics-dashboard\\backend\\node_modules\\express\\lib\\router\\layer.js:95:5)\n    at D:\\assignment\\product-analytics-dashboard\\backend\\node_modules\\express\\lib\\router\\index.js:284:15\n    at router.process_params (D:\\assignment\\product-analytics-dashboard\\backend\\node_modules\\express\\lib\\router\\index.js:346:12)\n    at next (D:\\assignment\\product-analytics-dashboard\\backend\\node_modules\\express\\lib\\router\\index.js:280:10)\n    at router.handle (D:\\assignment\\product-analytics-dashboard\\backend\\node_modules\\express\\lib\\router\\index.js:175:3)\n    at router (D:\\assignment\\product-analytics-dashboard\\backend\\node_modules\\express\\lib\\router\\index.js:47:12)"}}
{"timestamp":"2026-05-07T04:34:44.763Z","level":"WARN","module":"Middleware","message":"Request completed with error","data":{"method":"GET","url":"/api/analytics","statusCode":500,"duration":"4ms","ip":"::1"}}
{"timestamp":"2026-05-07T04:34:44.770Z","level":"INFO","module":"ProductController","message":"Fetching analytics data"}
{"timestamp":"2026-05-07T04:34:44.774Z","level":"ERROR","module":"ProductController","message":"Get analytics error","data":{"error":"Product.count is not a function","stack":"TypeError: Product.count is not a function\n    at getAnalytics (D:\\assignment\\product-analytics-dashboard\\backend\\src\\controllers\\productController.js:216:43)\n    at Layer.handle [as handle_request] (D:\\assignment\\product-analytics-dashboard\\backend\\node_modules\\express\\lib\\router\\layer.js:95:5)\n    at next (D:\\assignment\\product-analytics-dashboard\\backend\\node_modules\\express\\lib\\router\\route.js:149:13)\n    at Route.dispatch (D:\\assignment\\product-analytics-dashboard\\backend\\node_modules\\express\\lib\\router\\route.js:119:3)\n    at Layer.handle [as handle_request] (D:\\assignment\\product-analytics-dashboard\\backend\\node_modules\\express\\lib\\router\\layer.js:95:5)\n    at D:\\assignment\\product-analytics-dashboard\\backend\\node_modules\\express\\lib\\router\\index.js:284:15\n    at router.process_params (D:\\assignment\\product-analytics-dashboard\\backend\\node_modules\\express\\lib\\router\\index.js:346:12)\n    at next (D:\\assignment\\product-analytics-dashboard\\backend\\node_modules\\express\\lib\\router\\index.js:280:10)\n    at router.handle (D:\\assignment\\product-analytics-dashboard\\backend\\node_modules\\express\\lib\\router\\index.js:175:3)\n    at router (D:\\assignment\\product-analytics-dashboard\\backend\\node_modules\\express\\lib\\router\\index.js:47:12)"}}
{"timestamp":"2026-05-07T04:34:44.775Z","level":"WARN","module":"Middleware","message":"Request completed with error","data":{"method":"GET","url":"/api/analytics","statusCode":500,"duration":"5ms","ip":"::1"}}
{"timestamp":"2026-05-07T04:34:44.780Z","level":"WARN","module":"Middleware","message":"Request completed with error","data":{"method":"GET","url":"/api/categories","statusCode":500,"duration":"1ms","ip":"::1"}}
{"timestamp":"2026-05-07T04:34:44.783Z","level":"INFO","module":"ProductController","message":"Fetching analytics data"}
{"timestamp":"2026-05-07T04:34:44.789Z","level":"ERROR","module":"ProductController","message":"Get analytics error","data":{"error":"Product.count is not a function","stack":"TypeError: Product.count is not a function\n    at getAnalytics (D:\\assignment\\product-analytics-dashboard\\backend\\src\\controllers\\productController.js:216:43)\n    at Layer.handle [as handle_request] (D:\\assignment\\product-analytics-dashboard\\backend\\node_modules\\express\\lib\\router\\layer.js:95:5)\n    at next (D:\\assignment\\product-analytics-dashboard\\backend\\node_modules\\express\\lib\\router\\route.js:149:13)\n    at Route.dispatch (D:\\assignment\\product-analytics-dashboard\\backend\\node_modules\\express\\lib\\router\\route.js:119:3)\n    at Layer.handle [as handle_request] (D:\\assignment\\product-analytics-dashboard\\backend\\node_modules\\express\\lib\\router\\layer.js:95:5)\n    at D:\\assignment\\product-analytics-dashboard\\backend\\node_modules\\express\\lib\\router\\index.js:284:15\n    at router.process_params (D:\\assignment\\product-analytics-dashboard\\backend\\node_modules\\express\\lib\\router\\index.js:346:12)\n    at next (D:\\assignment\\product-analytics-dashboard\\backend\\node_modules\\express\\lib\\router\\index.js:280:10)\n    at router.handle (D:\\assignment\\product-analytics-dashboard\\backend\\node_modules\\express\\lib\\router\\index.js:175:3)\n    at router (D:\\assignment\\product-analytics-dashboard\\backend\\node_modules\\express\\lib\\router\\index.js:47:12)"}}
{"timestamp":"2026-05-07T04:34:44.790Z","level":"WARN","module":"Middleware","message":"Request completed with error","data":{"method":"GET","url":"/api/analytics","statusCode":500,"duration":"7ms","ip":"::1"}}
{"timestamp":"2026-05-07T04:34:44.793Z","level":"WARN","module":"Middleware","message":"Request completed with error","data":{"method":"GET","url":"/api/categories","statusCode":500,"duration":"1ms","ip":"::1"}}
{"timestamp":"2026-05-07T04:34:44.795Z","level":"INFO","module":"ProductController","message":"Fetching analytics data"}
{"timestamp":"2026-05-07T04:34:44.797Z","level":"ERROR","module":"ProductController","message":"Get analytics error","data":{"error":"Product.count is not a function","stack":"TypeError: Product.count is not a function\n    at getAnalytics (D:\\assignment\\product-analytics-dashboard\\backend\\src\\controllers\\productController.js:216:43)\n    at Layer.handle [as handle_request] (D:\\assignment\\product-analytics-dashboard\\backend\\node_modules\\express\\lib\\router\\layer.js:95:5)\n    at next (D:\\assignment\\product-analytics-dashboard\\backend\\node_modules\\express\\lib\\router\\route.js:149:13)\n    at Route.dispatch (D:\\assignment\\product-analytics-dashboard\\backend\\node_modules\\express\\lib\\router\\route.js:119:3)\n    at Layer.handle [as handle_request] (D:\\assignment\\product-analytics-dashboard\\backend\\node_modules\\express\\lib\\router\\layer.js:95:5)\n    at D:\\assignment\\product-analytics-dashboard\\backend\\node_modules\\express\\lib\\router\\index.js:284:15\n    at router.process_params (D:\\assignment\\product-analytics-dashboard\\backend\\node_modules\\express\\lib\\router\\index.js:346:12)\n    at next (D:\\assignment\\product-analytics-dashboard\\backend\\node_modules\\express\\lib\\router\\index.js:280:10)\n    at router.handle (D:\\assignment\\product-analytics-dashboard\\backend\\node_modules\\express\\lib\\router\\index.js:175:3)\n    at router (D:\\assignment\\product-analytics-dashboard\\backend\\node_modules\\express\\lib\\router\\index.js:47:12)"}}
{"timestamp":"2026-05-07T04:34:44.799Z","level":"WARN","module":"Middleware","message":"Request completed with error","data":{"method":"GET","url":"/api/analytics","statusCode":500,"duration":"4ms","ip":"::1"}}
{"timestamp":"2026-05-07T04:36:55.770Z","level":"DEBUG","module":"ProductController","message":"Fetching products","data":{"page":"1","limit":20,"search":"","category":"","minRating":"0"}}
{"timestamp":"2026-05-07T04:36:56.012Z","level":"INFO","module":"ProductController","message":"Products fetched successfully","data":{"count":0,"page":"1","limit":20,"totalPages":0}}
{"timestamp":"2026-05-07T04:36:56.014Z","level":"DEBUG","module":"Middleware","message":"Request completed","data":{"method":"GET","url":"/api/products?search=&category=&minRating=0&sortBy=rating&sortOrder=DESC&page=1","statusCode":200,"duration":"248ms","ip":"::1"}}
{"timestamp":"2026-05-07T04:36:56.025Z","level":"DEBUG","module":"ProductController","message":"Fetching products","data":{"page":"1","limit":20,"search":"","category":"","minRating":"0"}}
{"timestamp":"2026-05-07T04:36:56.031Z","level":"INFO","module":"ProductController","message":"Products fetched successfully","data":{"count":0,"page":"1","limit":20,"totalPages":0}}
{"timestamp":"2026-05-07T04:36:56.031Z","level":"DEBUG","module":"Middleware","message":"Request completed","data":{"method":"GET","url":"/api/products?search=&category=&minRating=0&sortBy=rating&sortOrder=DESC&page=1","statusCode":200,"duration":"6ms","ip":"::1"}}
{"timestamp":"2026-05-07T04:37:02.465Z","level":"INFO","module":"ProductController","message":"Starting data import","data":{"fileName":"Assignment_-_2_Dataset__2_.xlsx","fileSize":1351749}}
{"timestamp":"2026-05-07T04:37:02.468Z","level":"INFO","module":"ExcelService","message":"Processing Excel file"}
{"timestamp":"2026-05-07T04:37:02.971Z","level":"DEBUG","module":"ExcelService","message":"Parsed 1465 rows from Excel"}
{"timestamp":"2026-05-07T04:37:02.979Z","level":"INFO","module":"ExcelService","message":"Excel processing completed","data":{"totalRows":1465,"validRows":1465,"errors":0}}
{"timestamp":"2026-05-07T04:37:02.983Z","level":"INFO","module":"ExcelService","message":"Starting batch import","data":{"totalRecords":1465}}
{"timestamp":"2026-05-07T04:37:03.072Z","level":"WARN","module":"ExcelService","message":"Error upserting product","data":{"product_id":"B008IFXQFU","error":"value too long for type character varying(255)"}}
{"timestamp":"2026-05-07T04:37:03.094Z","level":"WARN","module":"ExcelService","message":"Error upserting product","data":{"product_id":"B09KLVMZ3B","error":"value too long for type character varying(255)"}}
{"timestamp":"2026-05-07T04:37:03.101Z","level":"WARN","module":"ExcelService","message":"Error upserting product","data":{"product_id":"B083342NKJ","error":"value too long for type character varying(255)"}}
{"timestamp":"2026-05-07T04:37:03.153Z","level":"WARN","module":"ExcelService","message":"Error upserting product","data":{"product_id":"B0B4HJNPV4","error":"value too long for type character varying(255)"}}
{"timestamp":"2026-05-07T04:37:03.164Z","level":"WARN","module":"ExcelService","message":"Error upserting product","data":{"product_id":"B0B3MMYHYW","error":"value too long for type character varying(255)"}}
{"timestamp":"2026-05-07T04:37:03.169Z","level":"WARN","module":"ExcelService","message":"Error upserting product","data":{"product_id":"B09C6HWG18","error":"value too long for type character varying(255)"}}
{"timestamp":"2026-05-07T04:37:03.186Z","level":"WARN","module":"ExcelService","message":"Error upserting product","data":{"product_id":"B002PD61Y4","error":"value too long for type character varying(255)"}}
{"timestamp":"2026-05-07T04:37:03.192Z","level":"WARN","module":"ExcelService","message":"Error upserting product","data":{"product_id":"B09L8DSSFH","error":"value too long for type character varying(255)"}}
{"timestamp":"2026-05-07T04:37:03.196Z","level":"WARN","module":"ExcelService","message":"Error upserting product","data":{"product_id":"B07232M876","error":"value too long for type character varying(255)"}}
{"timestamp":"2026-05-07T04:37:03.204Z","level":"WARN","module":"ExcelService","message":"Error upserting product","data":{"product_id":"B0711PVX6Z","error":"value too long for type character varying(255)"}}
{"timestamp":"2026-05-07T04:37:03.221Z","level":"WARN","module":"ExcelService","message":"Error upserting product","data":{"product_id":"B0088TKTY2","error":"value too long for type character varying(255)"}}
{"timestamp":"2026-05-07T04:37:03.285Z","level":"WARN","module":"ExcelService","message":"Error upserting product","data":{"product_id":"B09VCHLSJF","error":"value too long for type character varying(255)"}}
{"timestamp":"2026-05-07T04:37:03.307Z","level":"WARN","module":"ExcelService","message":"Error upserting product","data":{"product_id":"B09T3KB6JZ","error":"value too long for type character varying(255)"}}
{"timestamp":"2026-05-07T04:37:03.320Z","level":"WARN","module":"ExcelService","message":"Error upserting product","data":{"product_id":"B00V4BGDKU","error":"value too long for type character varying(255)"}}
{"timestamp":"2026-05-07T04:37:03.397Z","level":"WARN","module":"ExcelService","message":"Error upserting product","data":{"product_id":"B0B4HKH19N","error":"value too long for type character varying(255)"}}
{"timestamp":"2026-05-07T04:37:03.412Z","level":"WARN","module":"ExcelService","message":"Error upserting product","data":{"product_id":"B08RX8G496","error":"value too long for type character varying(255)"}}
{"timestamp":"2026-05-07T04:37:03.414Z","level":"WARN","module":"ExcelService","message":"Error upserting product","data":{"product_id":"B002SZEOLG","error":"value too long for type character varying(255)"}}
{"timestamp":"2026-05-07T04:37:03.439Z","level":"WARN","module":"ExcelService","message":"Error upserting product","data":{"product_id":"B0117H7GZ6","error":"value too long for type character varying(255)"}}
{"timestamp":"2026-05-07T04:37:03.444Z","level":"WARN","module":"ExcelService","message":"Error upserting product","data":{"product_id":"B088Z1YWBC","error":"value too long for type character varying(255)"}}
{"timestamp":"2026-05-07T04:37:03.448Z","level":"WARN","module":"ExcelService","message":"Error upserting product","data":{"product_id":"B08RWCZ6SY","error":"value too long for type character varying(255)"}}
{"timestamp":"2026-05-07T04:37:03.470Z","level":"WARN","module":"ExcelService","message":"Error upserting product","data":{"product_id":"B0B9959XF3","error":"value too long for type character varying(255)"}}
{"timestamp":"2026-05-07T04:37:03.497Z","level":"WARN","module":"ExcelService","message":"Error upserting product","data":{"product_id":"B07CWNJLPC","error":"value too long for type character varying(255)"}}
{"timestamp":"2026-05-07T04:37:03.544Z","level":"WARN","module":"ExcelService","message":"Error upserting product","data":{"product_id":"B00GG59HU2","error":"value too long for type character varying(255)"}}
{"timestamp":"2026-05-07T04:37:03.561Z","level":"WARN","module":"ExcelService","message":"Error upserting product","data":{"product_id":"B0B8SSZ76F","error":"value too long for type character varying(255)"}}
{"timestamp":"2026-05-07T04:37:03.603Z","level":"WARN","module":"ExcelService","message":"Error upserting product","data":{"product_id":"B0B5F3YZY4","error":"value too long for type character varying(255)"}}
{"timestamp":"2026-05-07T04:37:03.620Z","level":"WARN","module":"ExcelService","message":"Error upserting product","data":{"product_id":"B0B4T6MR8N","error":"value too long for type character varying(255)"}}
{"timestamp":"2026-05-07T04:37:03.643Z","level":"WARN","module":"ExcelService","message":"Error upserting product","data":{"product_id":"B01D5H90L4","error":"value too long for type character varying(255)"}}
{"timestamp":"2026-05-07T04:37:03.662Z","level":"WARN","module":"ExcelService","message":"Error upserting product","data":{"product_id":"B0B997FBZT","error":"value too long for type character varying(255)"}}
{"timestamp":"2026-05-07T04:37:03.675Z","level":"WARN","module":"ExcelService","message":"Error upserting product","data":{"product_id":"B09VH568H7","error":"value too long for type character varying(255)"}}
{"timestamp":"2026-05-07T04:37:03.679Z","level":"WARN","module":"ExcelService","message":"Error upserting product","data":{"product_id":"B0B21XL94T","error":"value too long for type character varying(255)"}}
{"timestamp":"2026-05-07T04:37:03.691Z","level":"WARN","module":"ExcelService","message":"Error upserting product","data":{"product_id":"B0B4T8RSJ1","error":"value too long for type character varying(255)"}}
{"timestamp":"2026-05-07T04:37:03.698Z","level":"WARN","module":"ExcelService","message":"Error upserting product","data":{"product_id":"B07CWDX49D","error":"value too long for type character varying(255)"}}
{"timestamp":"2026-05-07T04:37:03.756Z","level":"WARN","module":"ExcelService","message":"Error upserting product","data":{"product_id":"B07VJ9ZTXS","error":"value too long for type character varying(255)"}}
{"timestamp":"2026-05-07T04:37:03.780Z","level":"WARN","module":"ExcelService","message":"Error upserting product","data":{"product_id":"B0BF57RN3K","error":"value too long for type character varying(255)"}}
{"timestamp":"2026-05-07T04:37:03.783Z","level":"WARN","module":"ExcelService","message":"Error upserting product","data":{"product_id":"B0B3RRWSF6","error":"value too long for type character varying(255)"}}
{"timestamp":"2026-05-07T04:37:03.791Z","level":"WARN","module":"ExcelService","message":"Error upserting product","data":{"product_id":"B0B3CPQ5PF","error":"value too long for type character varying(255)"}}
{"timestamp":"2026-05-07T04:37:03.793Z","level":"WARN","module":"ExcelService","message":"Error upserting product","data":{"product_id":"B0B3CQBRB4","error":"value too long for type character varying(255)"}}
{"timestamp":"2026-05-07T04:37:03.818Z","level":"WARN","module":"ExcelService","message":"Error upserting product","data":{"product_id":"B0746JGVDS","error":"value too long for type character varying(255)"}}
{"timestamp":"2026-05-07T04:37:03.828Z","level":"WARN","module":"ExcelService","message":"Error upserting product","data":{"product_id":"B0BF54972T","error":"value too long for type character varying(255)"}}
{"timestamp":"2026-05-07T04:37:03.830Z","level":"WARN","module":"ExcelService","message":"Error upserting product","data":{"product_id":"B09YV4MW2T","error":"value too long for type character varying(255)"}}
{"timestamp":"2026-05-07T04:37:03.836Z","level":"WARN","module":"ExcelService","message":"Error upserting product","data":{"product_id":"B07WGMMQGP","error":"value too long for type character varying(255)"}}
{"timestamp":"2026-05-07T04:37:03.852Z","level":"WARN","module":"ExcelService","message":"Error upserting product","data":{"product_id":"B0BF563HB4","error":"value too long for type character varying(255)"}}
{"timestamp":"2026-05-07T04:37:03.884Z","level":"WARN","module":"ExcelService","message":"Error upserting product","data":{"product_id":"B0BF4YBLPX","error":"value too long for type character varying(255)"}}
{"timestamp":"2026-05-07T04:37:03.909Z","level":"WARN","module":"ExcelService","message":"Error upserting product","data":{"product_id":"B0BF54LXW6","error":"value too long for type character varying(255)"}}
{"timestamp":"2026-05-07T04:37:03.920Z","level":"WARN","module":"ExcelService","message":"Error upserting product","data":{"product_id":"B08ZN4B121","error":"value too long for type character varying(255)"}}
{"timestamp":"2026-05-07T04:37:03.923Z","level":"WARN","module":"ExcelService","message":"Error upserting product","data":{"product_id":"B0B3RSDSZ3","error":"value too long for type character varying(255)"}}
{"timestamp":"2026-05-07T04:37:03.963Z","level":"WARN","module":"ExcelService","message":"Error upserting product","data":{"product_id":"B0B3D39RKV","error":"value too long for type character varying(255)"}}
{"timestamp":"2026-05-07T04:37:03.965Z","level":"WARN","module":"ExcelService","message":"Error upserting product","data":{"product_id":"B085HY1DGR","error":"value too long for type character varying(255)"}}
{"timestamp":"2026-05-07T04:37:03.970Z","level":"WARN","module":"ExcelService","message":"Error upserting product","data":{"product_id":"B08D75R3Z1","error":"value too long for type character varying(255)"}}
{"timestamp":"2026-05-07T04:37:04.060Z","level":"WARN","module":"ExcelService","message":"Error upserting product","data":{"product_id":"B07WHQBZLS","error":"value too long for type character varying(255)"}}
{"timestamp":"2026-05-07T04:37:04.067Z","level":"WARN","module":"ExcelService","message":"Error upserting product","data":{"product_id":"B09KLVMZ3B","error":"value too long for type character varying(255)"}}
{"timestamp":"2026-05-07T04:37:04.079Z","level":"WARN","module":"ExcelService","message":"Error upserting product","data":{"product_id":"B09KGV7WSV","error":"value too long for type character varying(255)"}}
{"timestamp":"2026-05-07T04:37:04.088Z","level":"WARN","module":"ExcelService","message":"Error upserting product","data":{"product_id":"B0B53QFZPY","error":"value too long for type character varying(255)"}}
{"timestamp":"2026-05-07T04:37:04.092Z","level":"WARN","module":"ExcelService","message":"Error upserting product","data":{"product_id":"B083342NKJ","error":"value too long for type character varying(255)"}}
{"timestamp":"2026-05-07T04:37:04.094Z","level":"WARN","module":"ExcelService","message":"Error upserting product","data":{"product_id":"B07WJWRNVK","error":"value too long for type character varying(255)"}}
{"timestamp":"2026-05-07T04:37:04.134Z","level":"WARN","module":"ExcelService","message":"Error upserting product","data":{"product_id":"B09YV3K34W","error":"value too long for type character varying(255)"}}
{"timestamp":"2026-05-07T04:37:04.151Z","level":"WARN","module":"ExcelService","message":"Error upserting product","data":{"product_id":"B0B53NXFFR","error":"value too long for type character varying(255)"}}
{"timestamp":"2026-05-07T04:37:04.174Z","level":"WARN","module":"ExcelService","message":"Error upserting product","data":{"product_id":"B0B6BLTGTT","error":"value too long for type character varying(255)"}}
{"timestamp":"2026-05-07T04:37:04.184Z","level":"WARN","module":"ExcelService","message":"Error upserting product","data":{"product_id":"B0B53QLB9H","error":"value too long for type character varying(255)"}}
{"timestamp":"2026-05-07T04:37:04.189Z","level":"WARN","module":"ExcelService","message":"Error upserting product","data":{"product_id":"B0B3RS9DNF","error":"value too long for type character varying(255)"}}
{"timestamp":"2026-05-07T04:37:04.235Z","level":"WARN","module":"ExcelService","message":"Error upserting product","data":{"product_id":"B09GP6FBZT","error":"value too long for type character varying(255)"}}
{"timestamp":"2026-05-07T04:37:04.243Z","level":"WARN","module":"ExcelService","message":"Error upserting product","data":{"product_id":"B08JW1GVS7","error":"value too long for type character varying(255)"}}
{"timestamp":"2026-05-07T04:37:04.254Z","level":"WARN","module":"ExcelService","message":"Error upserting product","data":{"product_id":"B01FSYQ2A4","error":"value too long for type character varying(255)"}}
{"timestamp":"2026-05-07T04:37:04.266Z","level":"WARN","module":"ExcelService","message":"Error upserting product","data":{"product_id":"B09SJ1FTYV","error":"value too long for type character varying(255)"}}
{"timestamp":"2026-05-07T04:37:04.271Z","level":"WARN","module":"ExcelService","message":"Error upserting product","data":{"product_id":"B09XJ5LD6L","error":"value too long for type character varying(255)"}}
{"timestamp":"2026-05-07T04:37:04.276Z","level":"WARN","module":"ExcelService","message":"Error upserting product","data":{"product_id":"B09NY7W8YD","error":"value too long for type character varying(255)"}}
{"timestamp":"2026-05-07T04:37:04.282Z","level":"WARN","module":"ExcelService","message":"Error upserting product","data":{"product_id":"B0B82YGCF6","error":"value too long for type character varying(255)"}}
{"timestamp":"2026-05-07T04:37:04.301Z","level":"WARN","module":"ExcelService","message":"Error upserting product","data":{"product_id":"B0B5YBGCKD","error":"value too long for type character varying(255)"}}
{"timestamp":"2026-05-07T04:37:04.327Z","level":"WARN","module":"ExcelService","message":"Error upserting product","data":{"product_id":"B098QXR9X2","error":"value too long for type character varying(255)"}}
{"timestamp":"2026-05-07T04:37:04.331Z","level":"WARN","module":"ExcelService","message":"Error upserting product","data":{"product_id":"B0BNXFDTZ2","error":"value too long for type character varying(255)"}}
{"timestamp":"2026-05-07T04:37:04.343Z","level":"WARN","module":"ExcelService","message":"Error upserting product","data":{"product_id":"B0B3RRWSF6","error":"value too long for type character varying(255)"}}
{"timestamp":"2026-05-07T04:37:04.380Z","level":"WARN","module":"ExcelService","message":"Error upserting product","data":{"product_id":"B09YV4MW2T","error":"value too long for type character varying(255)"}}
{"timestamp":"2026-05-07T04:37:04.384Z","level":"WARN","module":"ExcelService","message":"Error upserting product","data":{"product_id":"B076B8G5D8","error":"value too long for type character varying(255)"}}
{"timestamp":"2026-05-07T04:37:04.427Z","level":"WARN","module":"ExcelService","message":"Error upserting product","data":{"product_id":"B085HY1DGR","error":"value too long for type character varying(255)"}}
{"timestamp":"2026-05-07T04:37:04.432Z","level":"WARN","module":"ExcelService","message":"Error upserting product","data":{"product_id":"B09NR6G588","error":"value too long for type character varying(255)"}}
{"timestamp":"2026-05-07T04:37:04.437Z","level":"WARN","module":"ExcelService","message":"Error upserting product","data":{"product_id":"B08D11DZ2W","error":"value too long for type character varying(255)"}}
{"timestamp":"2026-05-07T04:37:04.441Z","level":"WARN","module":"ExcelService","message":"Error upserting product","data":{"product_id":"B0819HZPXL","error":"value too long for type character varying(255)"}}
{"timestamp":"2026-05-07T04:37:04.455Z","level":"WARN","module":"ExcelService","message":"Error upserting product","data":{"product_id":"B08HLZ28QC","error":"value too long for type character varying(255)"}}
{"timestamp":"2026-05-07T04:37:04.473Z","level":"WARN","module":"ExcelService","message":"Error upserting product","data":{"product_id":"B07TR5HSR9","error":"value too long for type character varying(255)"}}
{"timestamp":"2026-05-07T04:37:04.494Z","level":"WARN","module":"ExcelService","message":"Error upserting product","data":{"product_id":"B098K3H92Z","error":"value too long for type character varying(255)"}}
{"timestamp":"2026-05-07T04:37:04.496Z","level":"WARN","module":"ExcelService","message":"Error upserting product","data":{"product_id":"B09KLVMZ3B","error":"value too long for type character varying(255)"}}
{"timestamp":"2026-05-07T04:37:04.504Z","level":"WARN","module":"ExcelService","message":"Error upserting product","data":{"product_id":"B00Y4ORQ46","error":"value too long for type character varying(255)"}}
{"timestamp":"2026-05-07T04:37:04.506Z","level":"WARN","module":"ExcelService","message":"Error upserting product","data":{"product_id":"B074CWD7MS","error":"value too long for type character varying(255)"}}
{"timestamp":"2026-05-07T04:37:04.509Z","level":"WARN","module":"ExcelService","message":"Error upserting product","data":{"product_id":"B083342NKJ","error":"value too long for type character varying(255)"}}
{"timestamp":"2026-05-07T04:37:04.527Z","level":"WARN","module":"ExcelService","message":"Error upserting product","data":{"product_id":"B09KGV7WSV","error":"value too long for type character varying(255)"}}
{"timestamp":"2026-05-07T04:37:04.535Z","level":"WARN","module":"ExcelService","message":"Error upserting product","data":{"product_id":"B01N6LU1VF","error":"value too long for type character varying(255)"}}
{"timestamp":"2026-05-07T04:37:04.573Z","level":"WARN","module":"ExcelService","message":"Error upserting product","data":{"product_id":"B0972BQ2RS","error":"value too long for type character varying(255)"}}
{"timestamp":"2026-05-07T04:37:04.576Z","level":"WARN","module":"ExcelService","message":"Error upserting product","data":{"product_id":"B0B2DD66GS","error":"value too long for type character varying(255)"}}
{"timestamp":"2026-05-07T04:37:04.594Z","level":"WARN","module":"ExcelService","message":"Error upserting product","data":{"product_id":"B01MF8MB65","error":"value too long for type character varying(255)"}}
{"timestamp":"2026-05-07T04:37:04.610Z","level":"WARN","module":"ExcelService","message":"Error upserting product","data":{"product_id":"B08YD264ZS","error":"value too long for type character varying(255)"}}
{"timestamp":"2026-05-07T04:37:04.640Z","level":"WARN","module":"ExcelService","message":"Error upserting product","data":{"product_id":"B07VTFN6HM","error":"value too long for type character varying(255)"}}
{"timestamp":"2026-05-07T04:37:04.655Z","level":"WARN","module":"ExcelService","message":"Error upserting product","data":{"product_id":"B07NC12T2R","error":"value too long for type character varying(255)"}}
{"timestamp":"2026-05-07T04:37:04.662Z","level":"WARN","module":"ExcelService","message":"Error upserting product","data":{"product_id":"B07G3YNLJB","error":"value too long for type character varying(255)"}}
{"timestamp":"2026-05-07T04:37:04.666Z","level":"WARN","module":"ExcelService","message":"Error upserting product","data":{"product_id":"B094QZLJQ6","error":"value too long for type character varying(255)"}}
{"timestamp":"2026-05-07T04:37:04.682Z","level":"WARN","module":"ExcelService","message":"Error upserting product","data":{"product_id":"B09RKFBCV7","error":"value too long for type character varying(255)"}}
{"timestamp":"2026-05-07T04:37:04.695Z","level":"WARN","module":"ExcelService","message":"Error upserting product","data":{"product_id":"B0B4HJNPV4","error":"value too long for type character varying(255)"}}
{"timestamp":"2026-05-07T04:37:04.706Z","level":"WARN","module":"ExcelService","message":"Error upserting product","data":{"product_id":"B09Z7YGV3R","error":"value too long for type character varying(255)"}}
{"timestamp":"2026-05-07T04:37:04.711Z","level":"WARN","module":"ExcelService","message":"Error upserting product","data":{"product_id":"B09C6HWG18","error":"value too long for type character varying(255)"}}
{"timestamp":"2026-05-07T04:37:04.716Z","level":"WARN","module":"ExcelService","message":"Error upserting product","data":{"product_id":"B08D64C9FN","error":"value too long for type character varying(255)"}}
{"timestamp":"2026-05-07T04:37:04.745Z","level":"WARN","module":"ExcelService","message":"Error upserting product","data":{"product_id":"B09YLFHFDW","error":"value too long for type character varying(255)"}}
{"timestamp":"2026-05-07T04:37:04.747Z","level":"WARN","module":"ExcelService","message":"Error upserting product","data":{"product_id":"B002PD61Y4","error":"value too long for type character varying(255)"}}
{"timestamp":"2026-05-07T04:37:04.754Z","level":"WARN","module":"ExcelService","message":"Error upserting product","data":{"product_id":"B07232M876","error":"value too long for type character varying(255)"}}
{"timestamp":"2026-05-07T04:37:04.760Z","level":"WARN","module":"ExcelService","message":"Error upserting product","data":{"product_id":"B0BCVJ3PVP","error":"value too long for type character varying(255)"}}
{"timestamp":"2026-05-07T04:37:04.774Z","level":"WARN","module":"ExcelService","message":"Error upserting product","data":{"product_id":"B0814ZY6FP","error":"value too long for type character varying(255)"}}
{"timestamp":"2026-05-07T04:37:04.783Z","level":"WARN","module":"ExcelService","message":"Error upserting product","data":{"product_id":"B09BVCVTBC","error":"value too long for type character varying(255)"}}
{"timestamp":"2026-05-07T04:37:04.797Z","level":"WARN","module":"ExcelService","message":"Error upserting product","data":{"product_id":"B01FSYQ2A4","error":"value too long for type character varying(255)"}}
{"timestamp":"2026-05-07T04:37:04.810Z","level":"WARN","module":"ExcelService","message":"Error upserting product","data":{"product_id":"B07NTKGW45","error":"value too long for type character varying(255)"}}
{"timestamp":"2026-05-07T04:37:04.816Z","level":"WARN","module":"ExcelService","message":"Error upserting product","data":{"product_id":"B09MDCZJXS","error":"value too long for type character varying(255)"}}
{"timestamp":"2026-05-07T04:37:04.826Z","level":"WARN","module":"ExcelService","message":"Error upserting product","data":{"product_id":"B08FYB5HHK","error":"value too long for type character varying(255)"}}
{"timestamp":"2026-05-07T04:37:04.847Z","level":"WARN","module":"ExcelService","message":"Error upserting product","data":{"product_id":"B07W9KYT62","error":"value too long for type character varying(255)"}}
{"timestamp":"2026-05-07T04:37:04.861Z","level":"WARN","module":"ExcelService","message":"Error upserting product","data":{"product_id":"B0148NPH9I","error":"value too long for type character varying(255)"}}
{"timestamp":"2026-05-07T04:37:04.903Z","level":"WARN","module":"ExcelService","message":"Error upserting product","data":{"product_id":"B08498H13H","error":"value too long for type character varying(255)"}}
{"timestamp":"2026-05-07T04:37:04.910Z","level":"WARN","module":"ExcelService","message":"Error upserting product","data":{"product_id":"B0B25LQQPC","error":"value too long for type character varying(255)"}}
{"timestamp":"2026-05-07T04:37:04.916Z","level":"WARN","module":"ExcelService","message":"Error upserting product","data":{"product_id":"B078W65FJ7","error":"value too long for type character varying(255)"}}
{"timestamp":"2026-05-07T04:37:04.934Z","level":"WARN","module":"ExcelService","message":"Error upserting product","data":{"product_id":"B07VNFP3C2","error":"value too long for type character varying(255)"}}
{"timestamp":"2026-05-07T04:37:04.942Z","level":"WARN","module":"ExcelService","message":"Error upserting product","data":{"product_id":"B00NW4UWN6","error":"value too long for type character varying(255)"}}
{"timestamp":"2026-05-07T04:37:04.946Z","level":"WARN","module":"ExcelService","message":"Error upserting product","data":{"product_id":"B07GXPDLYQ","error":"value too long for type character varying(255)"}}
{"timestamp":"2026-05-07T04:37:04.950Z","level":"WARN","module":"ExcelService","message":"Error upserting product","data":{"product_id":"B01M5F614J","error":"value too long for type character varying(255)"}}
{"timestamp":"2026-05-07T04:37:04.961Z","level":"WARN","module":"ExcelService","message":"Error upserting product","data":{"product_id":"B096YCN3SD","error":"value too long for type character varying(255)"}}
{"timestamp":"2026-05-07T04:37:04.969Z","level":"WARN","module":"ExcelService","message":"Error upserting product","data":{"product_id":"B0B8XNPQPN","error":"value too long for type character varying(255)"}}
{"timestamp":"2026-05-07T04:37:04.973Z","level":"WARN","module":"ExcelService","message":"Error upserting product","data":{"product_id":"B008QTK47Q","error":"value too long for type character varying(255)"}}
{"timestamp":"2026-05-07T04:37:04.979Z","level":"WARN","module":"ExcelService","message":"Error upserting product","data":{"product_id":"B00TDD0YM4","error":"value too long for type character varying(255)"}}
{"timestamp":"2026-05-07T04:37:04.986Z","level":"WARN","module":"ExcelService","message":"Error upserting product","data":{"product_id":"B07WNK1FFN","error":"value too long for type character varying(255)"}}
{"timestamp":"2026-05-07T04:37:05.015Z","level":"WARN","module":"ExcelService","message":"Error upserting product","data":{"product_id":"B07MKMFKPG","error":"value too long for type character varying(255)"}}
{"timestamp":"2026-05-07T04:37:05.020Z","level":"WARN","module":"ExcelService","message":"Error upserting product","data":{"product_id":"B01M0505SJ","error":"value too long for type character varying(255)"}}
{"timestamp":"2026-05-07T04:37:05.029Z","level":"WARN","module":"ExcelService","message":"Error upserting product","data":{"product_id":"B09VKWGZD7","error":"value too long for type character varying(255)"}}
{"timestamp":"2026-05-07T04:37:05.033Z","level":"WARN","module":"ExcelService","message":"Error upserting product","data":{"product_id":"B013B2WGT6","error":"value too long for type character varying(255)"}}
{"timestamp":"2026-05-07T04:37:05.038Z","level":"WARN","module":"ExcelService","message":"Error upserting product","data":{"product_id":"B097RJ867P","error":"value too long for type character varying(255)"}}
{"timestamp":"2026-05-07T04:37:05.067Z","level":"WARN","module":"ExcelService","message":"Error upserting product","data":{"product_id":"B0B5KZ3C53","error":"value too long for type character varying(255)"}}
{"timestamp":"2026-05-07T04:37:05.077Z","level":"WARN","module":"ExcelService","message":"Error upserting product","data":{"product_id":"B072J83V9W","error":"value too long for type character varying(255)"}}
{"timestamp":"2026-05-07T04:37:05.084Z","level":"WARN","module":"ExcelService","message":"Error upserting product","data":{"product_id":"B07WKB69RS","error":"value too long for type character varying(255)"}}
{"timestamp":"2026-05-07T04:37:05.137Z","level":"WARN","module":"ExcelService","message":"Error upserting product","data":{"product_id":"B09R83SFYV","error":"value too long for type character varying(255)"}}
{"timestamp":"2026-05-07T04:37:05.150Z","level":"WARN","module":"ExcelService","message":"Error upserting product","data":{"product_id":"B0BQ3K23Y1","error":"value too long for type character varying(255)"}}
{"timestamp":"2026-05-07T04:37:05.164Z","level":"WARN","module":"ExcelService","message":"Error upserting product","data":{"product_id":"B08MZNT7GP","error":"value too long for type character varying(255)"}}
{"timestamp":"2026-05-07T04:37:05.177Z","level":"WARN","module":"ExcelService","message":"Error upserting product","data":{"product_id":"B08HLC7Z3G","error":"value too long for type character varying(255)"}}
{"timestamp":"2026-05-07T04:37:05.180Z","level":"WARN","module":"ExcelService","message":"Error upserting product","data":{"product_id":"B01L6MT7E0","error":"value too long for type character varying(255)"}}
{"timestamp":"2026-05-07T04:37:05.188Z","level":"WARN","module":"ExcelService","message":"Error upserting product","data":{"product_id":"B00S9BSJC8","error":"value too long for type character varying(255)"}}
{"timestamp":"2026-05-07T04:37:05.197Z","level":"WARN","module":"ExcelService","message":"Error upserting product","data":{"product_id":"B07W4HTS8Q","error":"value too long for type character varying(255)"}}
{"timestamp":"2026-05-07T04:37:05.200Z","level":"WARN","module":"ExcelService","message":"Error upserting product","data":{"product_id":"B07H5PBN54","error":"value too long for type character varying(255)"}}
{"timestamp":"2026-05-07T04:37:05.211Z","level":"WARN","module":"ExcelService","message":"Error upserting product","data":{"product_id":"B07DZ986Q2","error":"value too long for type character varying(255)"}}
{"timestamp":"2026-05-07T04:37:05.213Z","level":"WARN","module":"ExcelService","message":"Error upserting product","data":{"product_id":"B07KKJPTWB","error":"value too long for type character varying(255)"}}
{"timestamp":"2026-05-07T04:37:05.229Z","level":"WARN","module":"ExcelService","message":"Error upserting product","data":{"product_id":"B09YLWT89W","error":"value too long for type character varying(255)"}}
{"timestamp":"2026-05-07T04:37:05.232Z","level":"WARN","module":"ExcelService","message":"Error upserting product","data":{"product_id":"B07BKSSDR2","error":"value too long for type character varying(255)"}}
{"timestamp":"2026-05-07T04:37:05.242Z","level":"WARN","module":"ExcelService","message":"Error upserting product","data":{"product_id":"B0123P3PWE","error":"value too long for type character varying(255)"}}
{"timestamp":"2026-05-07T04:37:05.259Z","level":"WARN","module":"ExcelService","message":"Error upserting product","data":{"product_id":"B0B694PXQJ","error":"value too long for type character varying(255)"}}
{"timestamp":"2026-05-07T04:37:05.279Z","level":"WARN","module":"ExcelService","message":"Error upserting product","data":{"product_id":"B099FDW2ZF","error":"value too long for type character varying(255)"}}
{"timestamp":"2026-05-07T04:37:05.282Z","level":"WARN","module":"ExcelService","message":"Error upserting product","data":{"product_id":"B0B935YNR7","error":"value too long for type character varying(255)"}}
{"timestamp":"2026-05-07T04:37:05.288Z","level":"WARN","module":"ExcelService","message":"Error upserting product","data":{"product_id":"B07GWTWFS2","error":"value too long for type character varying(255)"}}
{"timestamp":"2026-05-07T04:37:05.294Z","level":"WARN","module":"ExcelService","message":"Error upserting product","data":{"product_id":"B09XRBJ94N","error":"value too long for type character varying(255)"}}
{"timestamp":"2026-05-07T04:37:05.297Z","level":"WARN","module":"ExcelService","message":"Error upserting product","data":{"product_id":"B0BNDGL26T","error":"value too long for type character varying(255)"}}
{"timestamp":"2026-05-07T04:37:05.302Z","level":"WARN","module":"ExcelService","message":"Error upserting product","data":{"product_id":"B0BJ966M5K","error":"value too long for type character varying(255)"}}
{"timestamp":"2026-05-07T04:37:05.306Z","level":"WARN","module":"ExcelService","message":"Error upserting product","data":{"product_id":"B086GVRP63","error":"value too long for type character varying(255)"}}
{"timestamp":"2026-05-07T04:37:05.337Z","level":"WARN","module":"ExcelService","message":"Error upserting product","data":{"product_id":"B0B1MDZV9C","error":"value too long for type character varying(255)"}}
{"timestamp":"2026-05-07T04:37:05.364Z","level":"WARN","module":"ExcelService","message":"Error upserting product","data":{"product_id":"B085LPT5F4","error":"value too long for type character varying(255)"}}
{"timestamp":"2026-05-07T04:37:05.366Z","level":"WARN","module":"ExcelService","message":"Error upserting product","data":{"product_id":"B0B9RZ4G4W","error":"value too long for type character varying(255)"}}
{"timestamp":"2026-05-07T04:37:05.381Z","level":"WARN","module":"ExcelService","message":"Error upserting product","data":{"product_id":"B09MQ9PDHR","error":"value too long for type character varying(255)"}}
{"timestamp":"2026-05-07T04:37:05.404Z","level":"WARN","module":"ExcelService","message":"Error upserting product","data":{"product_id":"B00LP9RFSU","error":"value too long for type character varying(255)"}}
{"timestamp":"2026-05-07T04:37:05.414Z","level":"WARN","module":"ExcelService","message":"Error upserting product","data":{"product_id":"B08QHLXWV3","error":"value too long for type character varying(255)"}}
{"timestamp":"2026-05-07T04:37:05.432Z","level":"WARN","module":"ExcelService","message":"Error upserting product","data":{"product_id":"B08KS2KQTK","error":"value too long for type character varying(255)"}}
{"timestamp":"2026-05-07T04:37:05.486Z","level":"WARN","module":"ExcelService","message":"Error upserting product","data":{"product_id":"B0BBWJFK5C","error":"value too long for type character varying(255)"}}
{"timestamp":"2026-05-07T04:37:05.524Z","level":"WARN","module":"ExcelService","message":"Error upserting product","data":{"product_id":"B092R48XXB","error":"value too long for type character varying(255)"}}
{"timestamp":"2026-05-07T04:37:05.566Z","level":"WARN","module":"ExcelService","message":"Error upserting product","data":{"product_id":"B00GHL8VP2","error":"value too long for type character varying(255)"}}
{"timestamp":"2026-05-07T04:37:05.578Z","level":"WARN","module":"ExcelService","message":"Error upserting product","data":{"product_id":"B01M6453MB","error":"value too long for type character varying(255)"}}
{"timestamp":"2026-05-07T04:37:05.582Z","level":"INFO","module":"ExcelService","message":"Batch import completed","data":{"inserted":0,"updated":1302,"errors":163}}
{"timestamp":"2026-05-07T04:37:05.582Z","level":"INFO","module":"ProductController","message":"Data import completed","data":{"processed":1465,"inserted":0,"updated":1302,"errors":163}}
{"timestamp":"2026-05-07T04:37:05.583Z","level":"DEBUG","module":"Middleware","message":"Request completed","data":{"method":"POST","url":"/api/import","statusCode":200,"duration":"3195ms","ip":"::1"}}
{"timestamp":"2026-05-07T04:37:05.631Z","level":"INFO","module":"ProductController","message":"Fetching analytics data"}
{"timestamp":"2026-05-07T04:37:05.639Z","level":"DEBUG","module":"ProductController","message":"Fetching products","data":{"page":"1","limit":"20","search":"","category":"","minRating":0}}
{"timestamp":"2026-05-07T04:37:05.643Z","level":"ERROR","module":"ProductController","message":"Get analytics error","data":{"error":"Cannot read properties of undefined (reading 'fn')","stack":"TypeError: Cannot read properties of undefined (reading 'fn')\n    at getAnalytics (D:\\assignment\\product-analytics-dashboard\\backend\\src\\controllers\\productController.js:243:22)\n    at process.processTicksAndRejections (node:internal/process/task_queues:104:5)"}}
{"timestamp":"2026-05-07T04:37:05.644Z","level":"WARN","module":"Middleware","message":"Request completed with error","data":{"method":"GET","url":"/api/analytics","statusCode":500,"duration":"14ms","ip":"::1"}}
{"timestamp":"2026-05-07T04:37:05.648Z","level":"INFO","module":"ProductController","message":"Products fetched successfully","data":{"count":1302,"page":"1","limit":"20","totalPages":66}}
{"timestamp":"2026-05-07T04:37:05.650Z","level":"DEBUG","module":"Middleware","message":"Request completed","data":{"method":"GET","url":"/api/products?page=1&limit=20","statusCode":200,"duration":"11ms","ip":"::1"}}
{"timestamp":"2026-05-07T04:37:10.967Z","level":"INFO","module":"ProductController","message":"Fetching analytics data"}
{"timestamp":"2026-05-07T04:37:10.971Z","level":"ERROR","module":"ProductController","message":"Get analytics error","data":{"error":"Cannot read properties of undefined (reading 'fn')","stack":"TypeError: Cannot read properties of undefined (reading 'fn')\n    at getAnalytics (D:\\assignment\\product-analytics-dashboard\\backend\\src\\controllers\\productController.js:243:22)\n    at process.processTicksAndRejections (node:internal/process/task_queues:104:5)"}}
{"timestamp":"2026-05-07T04:37:10.973Z","level":"WARN","module":"Middleware","message":"Request completed with error","data":{"method":"GET","url":"/api/analytics","statusCode":500,"duration":"6ms","ip":"::1"}}
{"timestamp":"2026-05-07T04:37:10.977Z","level":"INFO","module":"ProductController","message":"Fetching analytics data"}
{"timestamp":"2026-05-07T04:37:10.984Z","level":"ERROR","module":"ProductController","message":"Get analytics error","data":{"error":"Cannot read properties of undefined (reading 'fn')","stack":"TypeError: Cannot read properties of undefined (reading 'fn')\n    at getAnalytics (D:\\assignment\\product-analytics-dashboard\\backend\\src\\controllers\\productController.js:243:22)\n    at process.processTicksAndRejections (node:internal/process/task_queues:104:5)"}}
{"timestamp":"2026-05-07T04:37:10.986Z","level":"WARN","module":"Middleware","message":"Request completed with error","data":{"method":"GET","url":"/api/analytics","statusCode":500,"duration":"9ms","ip":"::1"}}
{"timestamp":"2026-05-07T04:37:12.558Z","level":"DEBUG","module":"ProductController","message":"Fetching products","data":{"page":"1","limit":20,"search":"","category":"","minRating":"0"}}
{"timestamp":"2026-05-07T04:37:12.572Z","level":"INFO","module":"ProductController","message":"Products fetched successfully","data":{"count":1302,"page":"1","limit":20,"totalPages":66}}
{"timestamp":"2026-05-07T04:37:12.574Z","level":"DEBUG","module":"Middleware","message":"Request completed","data":{"method":"GET","url":"/api/products?search=&category=&minRating=0&sortBy=rating&sortOrder=DESC&page=1","statusCode":200,"duration":"16ms","ip":"::1"}}
{"timestamp":"2026-05-07T04:37:12.584Z","level":"DEBUG","module":"ProductController","message":"Fetching products","data":{"page":"1","limit":20,"search":"","category":"","minRating":"0"}}
{"timestamp":"2026-05-07T04:37:12.593Z","level":"INFO","module":"ProductController","message":"Products fetched successfully","data":{"count":1302,"page":"1","limit":20,"totalPages":66}}
{"timestamp":"2026-05-07T04:37:12.595Z","level":"DEBUG","module":"Middleware","message":"Request completed","data":{"method":"GET","url":"/api/products?search=&category=&minRating=0&sortBy=rating&sortOrder=DESC&page=1","statusCode":200,"duration":"11ms","ip":"::1"}}
{"timestamp":"2026-05-07T04:37:27.168Z","level":"INFO","module":"ProductController","message":"Fetching analytics data"}
{"timestamp":"2026-05-07T04:37:27.446Z","level":"ERROR","module":"ProductController","message":"Get analytics error","data":{"error":"Cannot read properties of undefined (reading 'fn')","stack":"TypeError: Cannot read properties of undefined (reading 'fn')\n    at getAnalytics (D:\\assignment\\product-analytics-dashboard\\backend\\src\\controllers\\productController.js:243:22)\n    at process.processTicksAndRejections (node:internal/process/task_queues:104:5)"}}
{"timestamp":"2026-05-07T04:37:27.450Z","level":"WARN","module":"Middleware","message":"Request completed with error","data":{"method":"GET","url":"/api/analytics","statusCode":500,"duration":"281ms","ip":"::1"}}
{"timestamp":"2026-05-07T04:37:27.456Z","level":"INFO","module":"ProductController","message":"Fetching analytics data"}
{"timestamp":"2026-05-07T04:37:27.465Z","level":"ERROR","module":"ProductController","message":"Get analytics error","data":{"error":"Cannot read properties of undefined (reading 'fn')","stack":"TypeError: Cannot read properties of undefined (reading 'fn')\n    at getAnalytics (D:\\assignment\\product-analytics-dashboard\\backend\\src\\controllers\\productController.js:243:22)\n    at process.processTicksAndRejections (node:internal/process/task_queues:104:5)"}}
{"timestamp":"2026-05-07T04:37:27.467Z","level":"WARN","module":"Middleware","message":"Request completed with error","data":{"method":"GET","url":"/api/analytics","statusCode":500,"duration":"12ms","ip":"::1"}}
{"timestamp":"2026-05-07T04:38:59.429Z","level":"DEBUG","module":"ProductController","message":"Fetching products","data":{"page":"1","limit":20,"search":"","category":"","minRating":"0"}}
{"timestamp":"2026-05-07T04:38:59.670Z","level":"INFO","module":"ProductController","message":"Products fetched successfully","data":{"count":1302,"page":"1","limit":20,"totalPages":66}}
{"timestamp":"2026-05-07T04:38:59.673Z","level":"DEBUG","module":"Middleware","message":"Request completed","data":{"method":"GET","url":"/api/products?search=&category=&minRating=0&sortBy=rating&sortOrder=DESC&page=1","statusCode":200,"duration":"244ms","ip":"::1"}}
{"timestamp":"2026-05-07T04:38:59.683Z","level":"DEBUG","module":"ProductController","message":"Fetching products","data":{"page":"1","limit":20,"search":"","category":"","minRating":"0"}}
{"timestamp":"2026-05-07T04:38:59.696Z","level":"INFO","module":"ProductController","message":"Products fetched successfully","data":{"count":1302,"page":"1","limit":20,"totalPages":66}}
{"timestamp":"2026-05-07T04:38:59.700Z","level":"DEBUG","module":"Middleware","message":"Request completed","data":{"method":"GET","url":"/api/products?search=&category=&minRating=0&sortBy=rating&sortOrder=DESC&page=1","statusCode":200,"duration":"18ms","ip":"::1"}}
{"timestamp":"2026-05-07T04:39:06.156Z","level":"DEBUG","module":"ProductController","message":"Fetching products","data":{"page":"1","limit":20,"search":"","category":"","minRating":"0"}}
{"timestamp":"2026-05-07T04:39:06.166Z","level":"INFO","module":"ProductController","message":"Products fetched successfully","data":{"count":1302,"page":"1","limit":20,"totalPages":66}}
{"timestamp":"2026-05-07T04:39:06.169Z","level":"DEBUG","module":"Middleware","message":"Request completed","data":{"method":"GET","url":"/api/products?search=&category=&minRating=0&sortBy=rating&sortOrder=DESC&page=1","statusCode":200,"duration":"13ms","ip":"::1"}}
{"timestamp":"2026-05-07T04:39:06.175Z","level":"DEBUG","module":"ProductController","message":"Fetching products","data":{"page":"1","limit":20,"search":"","category":"","minRating":"0"}}
{"timestamp":"2026-05-07T04:39:06.183Z","level":"INFO","module":"ProductController","message":"Products fetched successfully","data":{"count":1302,"page":"1","limit":20,"totalPages":66}}
{"timestamp":"2026-05-07T04:39:06.185Z","level":"DEBUG","module":"Middleware","message":"Request completed","data":{"method":"GET","url":"/api/products?search=&category=&minRating=0&sortBy=rating&sortOrder=DESC&page=1","statusCode":200,"duration":"10ms","ip":"::1"}}
{"timestamp":"2026-05-07T04:39:07.385Z","level":"INFO","module":"ProductController","message":"Fetching analytics data"}
{"timestamp":"2026-05-07T04:39:07.407Z","level":"INFO","module":"ProductController","message":"Analytics data fetched successfully","data":{"totalProducts":"1302","categories":8}}
{"timestamp":"2026-05-07T04:39:07.409Z","level":"DEBUG","module":"Middleware","message":"Request completed","data":{"method":"GET","url":"/api/analytics","statusCode":200,"duration":"25ms","ip":"::1"}}
{"timestamp":"2026-05-07T04:39:07.417Z","level":"INFO","module":"ProductController","message":"Fetching analytics data"}
{"timestamp":"2026-05-07T04:39:07.433Z","level":"INFO","module":"ProductController","message":"Analytics data fetched successfully","data":{"totalProducts":"1302","categories":8}}
{"timestamp":"2026-05-07T04:39:07.434Z","level":"DEBUG","module":"Middleware","message":"Request completed","data":{"method":"GET","url":"/api/analytics","statusCode":200,"duration":"17ms","ip":"::1"}}
{"timestamp":"2026-05-07T04:39:50.696Z","level":"DEBUG","module":"ProductController","message":"Fetching products","data":{"page":"1","limit":20,"search":"","category":"","minRating":"0"}}
{"timestamp":"2026-05-07T04:39:50.855Z","level":"INFO","module":"ProductController","message":"Products fetched successfully","data":{"count":1302,"page":"1","limit":20,"totalPages":66}}
{"timestamp":"2026-05-07T04:39:50.858Z","level":"DEBUG","module":"Middleware","message":"Request completed","data":{"method":"GET","url":"/api/products?search=&category=&minRating=0&sortBy=rating&sortOrder=DESC&page=1","statusCode":200,"duration":"161ms","ip":"::1"}}
{"timestamp":"2026-05-07T04:39:50.863Z","level":"DEBUG","module":"ProductController","message":"Fetching products","data":{"page":"1","limit":20,"search":"","category":"","minRating":"0"}}
{"timestamp":"2026-05-07T04:39:50.869Z","level":"INFO","module":"ProductController","message":"Products fetched successfully","data":{"count":1302,"page":"1","limit":20,"totalPages":66}}
{"timestamp":"2026-05-07T04:39:50.870Z","level":"DEBUG","module":"Middleware","message":"Request completed","data":{"method":"GET","url":"/api/products?search=&category=&minRating=0&sortBy=rating&sortOrder=DESC&page=1","statusCode":200,"duration":"8ms","ip":"::1"}}
{"timestamp":"2026-05-07T04:39:53.374Z","level":"DEBUG","module":"ProductController","message":"Fetching products","data":{"page":"1","limit":20,"search":"","category":"","minRating":"0"}}
{"timestamp":"2026-05-07T04:39:53.385Z","level":"INFO","module":"ProductController","message":"Products fetched successfully","data":{"count":1302,"page":"1","limit":20,"totalPages":66}}
{"timestamp":"2026-05-07T04:39:53.387Z","level":"DEBUG","module":"Middleware","message":"Request completed","data":{"method":"GET","url":"/api/products?search=&category=&minRating=0&sortBy=rating&sortOrder=DESC&page=1","statusCode":200,"duration":"13ms","ip":"::1"}}
{"timestamp":"2026-05-07T04:39:53.393Z","level":"DEBUG","module":"ProductController","message":"Fetching products","data":{"page":"1","limit":20,"search":"","category":"","minRating":"0"}}
{"timestamp":"2026-05-07T04:39:53.402Z","level":"INFO","module":"ProductController","message":"Products fetched successfully","data":{"count":1302,"page":"1","limit":20,"totalPages":66}}
{"timestamp":"2026-05-07T04:39:53.404Z","level":"DEBUG","module":"Middleware","message":"Request completed","data":{"method":"GET","url":"/api/products?search=&category=&minRating=0&sortBy=rating&sortOrder=DESC&page=1","statusCode":200,"duration":"10ms","ip":"::1"}}
{"timestamp":"2026-05-07T04:39:54.088Z","level":"INFO","module":"ProductController","message":"Fetching analytics data"}
{"timestamp":"2026-05-07T04:39:54.108Z","level":"INFO","module":"ProductController","message":"Analytics data fetched successfully","data":{"totalProducts":"1302","categories":8}}
{"timestamp":"2026-05-07T04:39:54.110Z","level":"DEBUG","module":"Middleware","message":"Request completed","data":{"method":"GET","url":"/api/analytics","statusCode":200,"duration":"22ms","ip":"::1"}}
{"timestamp":"2026-05-07T04:39:54.114Z","level":"INFO","module":"ProductController","message":"Fetching analytics data"}
{"timestamp":"2026-05-07T04:39:54.131Z","level":"INFO","module":"ProductController","message":"Analytics data fetched successfully","data":{"totalProducts":"1302","categories":8}}
{"timestamp":"2026-05-07T04:39:54.132Z","level":"DEBUG","module":"Middleware","message":"Request completed","data":{"method":"GET","url":"/api/analytics","statusCode":200,"duration":"18ms","ip":"::1"}}
{"timestamp":"2026-05-07T04:40:24.806Z","level":"DEBUG","module":"ProductController","message":"Fetching products","data":{"page":"1","limit":20,"search":"","category":"","minRating":"0"}}
{"timestamp":"2026-05-07T04:40:24.954Z","level":"INFO","module":"ProductController","message":"Products fetched successfully","data":{"count":1302,"page":"1","limit":20,"totalPages":66}}
{"timestamp":"2026-05-07T04:40:24.958Z","level":"DEBUG","module":"Middleware","message":"Request completed","data":{"method":"GET","url":"/api/products?search=&category=&minRating=0&sortBy=rating&sortOrder=DESC&page=1","statusCode":200,"duration":"152ms","ip":"::1"}}
{"timestamp":"2026-05-07T04:40:24.963Z","level":"DEBUG","module":"ProductController","message":"Fetching products","data":{"page":"1","limit":20,"search":"","category":"","minRating":"0"}}
{"timestamp":"2026-05-07T04:40:24.969Z","level":"INFO","module":"ProductController","message":"Products fetched successfully","data":{"count":1302,"page":"1","limit":20,"totalPages":66}}
{"timestamp":"2026-05-07T04:40:24.974Z","level":"DEBUG","module":"Middleware","message":"Request completed","data":{"method":"GET","url":"/api/products?search=&category=&minRating=0&sortBy=rating&sortOrder=DESC&page=1","statusCode":200,"duration":"11ms","ip":"::1"}}
{"timestamp":"2026-05-07T04:40:32.401Z","level":"DEBUG","module":"ProductController","message":"Fetching products","data":{"page":"1","limit":20,"search":"","category":"","minRating":"4"}}
{"timestamp":"2026-05-07T04:40:32.415Z","level":"INFO","module":"ProductController","message":"Products fetched successfully","data":{"count":986,"page":"1","limit":20,"totalPages":50}}
{"timestamp":"2026-05-07T04:40:32.417Z","level":"DEBUG","module":"Middleware","message":"Request completed","data":{"method":"GET","url":"/api/products?search=&category=&minRating=4&sortBy=rating&sortOrder=DESC&page=1","statusCode":200,"duration":"16ms","ip":"::1"}}
{"timestamp":"2026-05-07T04:40:41.236Z","level":"DEBUG","module":"ProductController","message":"Fetching products","data":{"page":"1","limit":20,"search":"","category":"","minRating":"4.5"}}
{"timestamp":"2026-05-07T04:40:41.243Z","level":"INFO","module":"ProductController","message":"Products fetched successfully","data":{"count":93,"page":"1","limit":20,"totalPages":5}}
{"timestamp":"2026-05-07T04:40:41.245Z","level":"DEBUG","module":"Middleware","message":"Request completed","data":{"method":"GET","url":"/api/products?search=&category=&minRating=4.5&sortBy=rating&sortOrder=DESC&page=1","statusCode":200,"duration":"9ms","ip":"::1"}}
{"timestamp":"2026-05-07T04:40:46.443Z","level":"DEBUG","module":"ProductController","message":"Fetching products","data":{"page":"1","limit":20,"search":"","category":"","minRating":"4"}}
{"timestamp":"2026-05-07T04:40:46.450Z","level":"INFO","module":"ProductController","message":"Products fetched successfully","data":{"count":986,"page":"1","limit":20,"totalPages":50}}
{"timestamp":"2026-05-07T04:40:46.452Z","level":"DEBUG","module":"Middleware","message":"Request completed","data":{"method":"GET","url":"/api/products?search=&category=&minRating=4&sortBy=rating&sortOrder=DESC&page=1","statusCode":200,"duration":"9ms","ip":"::1"}}
{"timestamp":"2026-05-07T04:40:55.804Z","level":"INFO","module":"ProductController","message":"Fetching analytics data"}
{"timestamp":"2026-05-07T04:40:55.825Z","level":"INFO","module":"ProductController","message":"Analytics data fetched successfully","data":{"totalProducts":"1302","categories":8}}
{"timestamp":"2026-05-07T04:40:55.826Z","level":"DEBUG","module":"Middleware","message":"Request completed","data":{"method":"GET","url":"/api/analytics","statusCode":200,"duration":"22ms","ip":"::1"}}
{"timestamp":"2026-05-07T04:40:55.830Z","level":"INFO","module":"ProductController","message":"Fetching analytics data"}
{"timestamp":"2026-05-07T04:40:55.842Z","level":"INFO","module":"ProductController","message":"Analytics data fetched successfully","data":{"totalProducts":"1302","categories":8}}
{"timestamp":"2026-05-07T04:40:55.843Z","level":"DEBUG","module":"Middleware","message":"Request completed","data":{"method":"GET","url":"/api/analytics","statusCode":200,"duration":"12ms","ip":"::1"}}
{"timestamp":"2026-05-07T04:51:53.895Z","level":"INFO","module":"ProductController","message":"Fetching analytics data"}
{"timestamp":"2026-05-07T04:51:54.050Z","level":"WARN","module":"ProductController","message":"No products found in database"}
{"timestamp":"2026-05-07T04:51:54.051Z","level":"DEBUG","module":"Middleware","message":"Request completed","data":{"method":"GET","url":"/api/analytics","statusCode":200,"duration":"156ms","ip":"::1"}}
{"timestamp":"2026-05-07T04:51:54.054Z","level":"DEBUG","module":"Middleware","message":"Request completed","data":{"method":"GET","url":"/api/categories","statusCode":200,"duration":"155ms","ip":"::1"}}
{"timestamp":"2026-05-07T04:51:54.059Z","level":"INFO","module":"ProductController","message":"Fetching analytics data"}
{"timestamp":"2026-05-07T04:51:54.065Z","level":"WARN","module":"ProductController","message":"No products found in database"}
{"timestamp":"2026-05-07T04:51:54.066Z","level":"DEBUG","module":"Middleware","message":"Request completed","data":{"method":"GET","url":"/api/analytics","statusCode":200,"duration":"7ms","ip":"::1"}}
{"timestamp":"2026-05-07T04:51:54.072Z","level":"DEBUG","module":"Middleware","message":"Request completed","data":{"method":"GET","url":"/api/categories","statusCode":200,"duration":"9ms","ip":"::1"}}
{"timestamp":"2026-05-07T04:51:54.074Z","level":"INFO","module":"ProductController","message":"Fetching analytics data"}
{"timestamp":"2026-05-07T04:51:54.077Z","level":"WARN","module":"ProductController","message":"No products found in database"}
{"timestamp":"2026-05-07T04:51:54.077Z","level":"DEBUG","module":"Middleware","message":"Request completed","data":{"method":"GET","url":"/api/analytics","statusCode":200,"duration":"3ms","ip":"::1"}}
{"timestamp":"2026-05-07T04:51:54.080Z","level":"INFO","module":"ProductController","message":"Fetching analytics data"}
{"timestamp":"2026-05-07T04:51:54.081Z","level":"WARN","module":"ProductController","message":"No products found in database"}
{"timestamp":"2026-05-07T04:51:54.083Z","level":"DEBUG","module":"Middleware","message":"Request completed","data":{"method":"GET","url":"/api/analytics","statusCode":200,"duration":"3ms","ip":"::1"}}
{"timestamp":"2026-05-07T04:51:59.447Z","level":"DEBUG","module":"ProductController","message":"Fetching products","data":{"page":"1","limit":20,"search":"","category":"","minRating":"0"}}
{"timestamp":"2026-05-07T04:51:59.452Z","level":"INFO","module":"ProductController","message":"Products fetched successfully","data":{"count":0,"page":"1","limit":20,"totalPages":0}}
{"timestamp":"2026-05-07T04:51:59.453Z","level":"DEBUG","module":"Middleware","message":"Request completed","data":{"method":"GET","url":"/api/products?search=&category=&minRating=0&sortBy=rating&sortOrder=DESC&page=1","statusCode":200,"duration":"6ms","ip":"::1"}}
{"timestamp":"2026-05-07T04:51:59.457Z","level":"DEBUG","module":"ProductController","message":"Fetching products","data":{"page":"1","limit":20,"search":"","category":"","minRating":"0"}}
{"timestamp":"2026-05-07T04:51:59.464Z","level":"INFO","module":"ProductController","message":"Products fetched successfully","data":{"count":0,"page":"1","limit":20,"totalPages":0}}
{"timestamp":"2026-05-07T04:51:59.464Z","level":"DEBUG","module":"Middleware","message":"Request completed","data":{"method":"GET","url":"/api/products?search=&category=&minRating=0&sortBy=rating&sortOrder=DESC&page=1","statusCode":200,"duration":"7ms","ip":"::1"}}
{"timestamp":"2026-05-07T04:52:05.181Z","level":"INFO","module":"ProductController","message":"Fetching analytics data"}
{"timestamp":"2026-05-07T04:52:05.183Z","level":"WARN","module":"ProductController","message":"No products found in database"}
{"timestamp":"2026-05-07T04:52:05.184Z","level":"DEBUG","module":"Middleware","message":"Request completed","data":{"method":"GET","url":"/api/analytics","statusCode":200,"duration":"3ms","ip":"::1"}}
{"timestamp":"2026-05-07T04:52:05.187Z","level":"INFO","module":"ProductController","message":"Fetching analytics data"}
{"timestamp":"2026-05-07T04:52:05.191Z","level":"WARN","module":"ProductController","message":"No products found in database"}
{"timestamp":"2026-05-07T04:52:05.191Z","level":"DEBUG","module":"Middleware","message":"Request completed","data":{"method":"GET","url":"/api/analytics","statusCode":200,"duration":"4ms","ip":"::1"}}
{"timestamp":"2026-05-07T04:52:06.301Z","level":"DEBUG","module":"ProductController","message":"Fetching products","data":{"page":"1","limit":20,"search":"","category":"","minRating":"0"}}
{"timestamp":"2026-05-07T04:52:06.305Z","level":"INFO","module":"ProductController","message":"Products fetched successfully","data":{"count":0,"page":"1","limit":20,"totalPages":0}}
{"timestamp":"2026-05-07T04:52:06.306Z","level":"DEBUG","module":"Middleware","message":"Request completed","data":{"method":"GET","url":"/api/products?search=&category=&minRating=0&sortBy=rating&sortOrder=DESC&page=1","statusCode":200,"duration":"5ms","ip":"::1"}}
{"timestamp":"2026-05-07T04:52:06.311Z","level":"DEBUG","module":"ProductController","message":"Fetching products","data":{"page":"1","limit":20,"search":"","category":"","minRating":"0"}}
{"timestamp":"2026-05-07T04:52:06.315Z","level":"INFO","module":"ProductController","message":"Products fetched successfully","data":{"count":0,"page":"1","limit":20,"totalPages":0}}
{"timestamp":"2026-05-07T04:52:06.316Z","level":"DEBUG","module":"Middleware","message":"Request completed","data":{"method":"GET","url":"/api/products?search=&category=&minRating=0&sortBy=rating&sortOrder=DESC&page=1","statusCode":200,"duration":"5ms","ip":"::1"}}
{"timestamp":"2026-05-07T04:52:07.753Z","level":"DEBUG","module":"ProductController","message":"Fetching products","data":{"page":"1","limit":20,"search":"","category":"","minRating":"0"}}
{"timestamp":"2026-05-07T04:52:07.759Z","level":"INFO","module":"ProductController","message":"Products fetched successfully","data":{"count":0,"page":"1","limit":20,"totalPages":0}}
{"timestamp":"2026-05-07T04:52:07.762Z","level":"DEBUG","module":"Middleware","message":"Request completed","data":{"method":"GET","url":"/api/products?search=&category=&minRating=0&sortBy=rating&sortOrder=DESC&page=1","statusCode":200,"duration":"9ms","ip":"::1"}}
{"timestamp":"2026-05-07T04:52:07.768Z","level":"DEBUG","module":"ProductController","message":"Fetching products","data":{"page":"1","limit":20,"search":"","category":"","minRating":"0"}}
{"timestamp":"2026-05-07T04:52:07.774Z","level":"INFO","module":"ProductController","message":"Products fetched successfully","data":{"count":0,"page":"1","limit":20,"totalPages":0}}
{"timestamp":"2026-05-07T04:52:07.778Z","level":"DEBUG","module":"Middleware","message":"Request completed","data":{"method":"GET","url":"/api/products?search=&category=&minRating=0&sortBy=rating&sortOrder=DESC&page=1","statusCode":200,"duration":"10ms","ip":"::1"}}
{"timestamp":"2026-05-07T04:52:08.306Z","level":"INFO","module":"ProductController","message":"Fetching analytics data"}
{"timestamp":"2026-05-07T04:52:08.308Z","level":"WARN","module":"ProductController","message":"No products found in database"}
{"timestamp":"2026-05-07T04:52:08.309Z","level":"DEBUG","module":"Middleware","message":"Request completed","data":{"method":"GET","url":"/api/analytics","statusCode":200,"duration":"4ms","ip":"::1"}}
{"timestamp":"2026-05-07T04:52:08.312Z","level":"INFO","module":"ProductController","message":"Fetching analytics data"}
{"timestamp":"2026-05-07T04:52:08.315Z","level":"WARN","module":"ProductController","message":"No products found in database"}
{"timestamp":"2026-05-07T04:52:08.316Z","level":"DEBUG","module":"Middleware","message":"Request completed","data":{"method":"GET","url":"/api/analytics","statusCode":200,"duration":"4ms","ip":"::1"}}
{"timestamp":"2026-05-07T04:52:13.629Z","level":"DEBUG","module":"ProductController","message":"Fetching products","data":{"page":"1","limit":20,"search":"","category":"","minRating":"0"}}
{"timestamp":"2026-05-07T04:52:13.634Z","level":"INFO","module":"ProductController","message":"Products fetched successfully","data":{"count":0,"page":"1","limit":20,"totalPages":0}}
{"timestamp":"2026-05-07T04:52:13.635Z","level":"DEBUG","module":"Middleware","message":"Request completed","data":{"method":"GET","url":"/api/products?search=&category=&minRating=0&sortBy=rating&sortOrder=DESC&page=1","statusCode":200,"duration":"6ms","ip":"::1"}}
{"timestamp":"2026-05-07T04:52:13.642Z","level":"DEBUG","module":"ProductController","message":"Fetching products","data":{"page":"1","limit":20,"search":"","category":"","minRating":"0"}}
{"timestamp":"2026-05-07T04:52:13.648Z","level":"INFO","module":"ProductController","message":"Products fetched successfully","data":{"count":0,"page":"1","limit":20,"totalPages":0}}
{"timestamp":"2026-05-07T04:52:13.650Z","level":"DEBUG","module":"Middleware","message":"Request completed","data":{"method":"GET","url":"/api/products?search=&category=&minRating=0&sortBy=rating&sortOrder=DESC&page=1","statusCode":200,"duration":"8ms","ip":"::1"}}
{"timestamp":"2026-05-07T04:52:24.299Z","level":"INFO","module":"ProductController","message":"Starting data import","data":{"fileName":"Assignment_-_2_Dataset__2_.xlsx","fileSize":1351749}}
{"timestamp":"2026-05-07T04:52:24.300Z","level":"INFO","module":"ExcelService","message":"Processing Excel file"}
{"timestamp":"2026-05-07T04:52:24.784Z","level":"DEBUG","module":"ExcelService","message":"Parsed 1465 rows from Excel"}
{"timestamp":"2026-05-07T04:52:24.788Z","level":"INFO","module":"ExcelService","message":"Excel processing completed","data":{"totalRows":1465,"validRows":1465,"errors":0}}
{"timestamp":"2026-05-07T04:52:24.789Z","level":"INFO","module":"ExcelService","message":"Starting batch import","data":{"totalRecords":1465}}
{"timestamp":"2026-05-07T04:52:24.880Z","level":"WARN","module":"ExcelService","message":"Error upserting product","data":{"product_id":"B008IFXQFU","error":"value too long for type character varying(255)"}}
{"timestamp":"2026-05-07T04:52:24.898Z","level":"WARN","module":"ExcelService","message":"Error upserting product","data":{"product_id":"B09KLVMZ3B","error":"value too long for type character varying(255)"}}
{"timestamp":"2026-05-07T04:52:24.902Z","level":"WARN","module":"ExcelService","message":"Error upserting product","data":{"product_id":"B083342NKJ","error":"value too long for type character varying(255)"}}
{"timestamp":"2026-05-07T04:52:24.949Z","level":"WARN","module":"ExcelService","message":"Error upserting product","data":{"product_id":"B0B4HJNPV4","error":"value too long for type character varying(255)"}}
{"timestamp":"2026-05-07T04:52:24.960Z","level":"WARN","module":"ExcelService","message":"Error upserting product","data":{"product_id":"B0B3MMYHYW","error":"value too long for type character varying(255)"}}
{"timestamp":"2026-05-07T04:52:24.964Z","level":"WARN","module":"ExcelService","message":"Error upserting product","data":{"product_id":"B09C6HWG18","error":"value too long for type character varying(255)"}}
{"timestamp":"2026-05-07T04:52:24.980Z","level":"WARN","module":"ExcelService","message":"Error upserting product","data":{"product_id":"B002PD61Y4","error":"value too long for type character varying(255)"}}
{"timestamp":"2026-05-07T04:52:24.988Z","level":"WARN","module":"ExcelService","message":"Error upserting product","data":{"product_id":"B09L8DSSFH","error":"value too long for type character varying(255)"}}
{"timestamp":"2026-05-07T04:52:24.991Z","level":"WARN","module":"ExcelService","message":"Error upserting product","data":{"product_id":"B07232M876","error":"value too long for type character varying(255)"}}
{"timestamp":"2026-05-07T04:52:25.000Z","level":"WARN","module":"ExcelService","message":"Error upserting product","data":{"product_id":"B0711PVX6Z","error":"value too long for type character varying(255)"}}
{"timestamp":"2026-05-07T04:52:25.016Z","level":"WARN","module":"ExcelService","message":"Error upserting product","data":{"product_id":"B0088TKTY2","error":"value too long for type character varying(255)"}}
{"timestamp":"2026-05-07T04:52:25.081Z","level":"WARN","module":"ExcelService","message":"Error upserting product","data":{"product_id":"B09VCHLSJF","error":"value too long for type character varying(255)"}}
{"timestamp":"2026-05-07T04:52:25.103Z","level":"WARN","module":"ExcelService","message":"Error upserting product","data":{"product_id":"B09T3KB6JZ","error":"value too long for type character varying(255)"}}
{"timestamp":"2026-05-07T04:52:25.114Z","level":"WARN","module":"ExcelService","message":"Error upserting product","data":{"product_id":"B00V4BGDKU","error":"value too long for type character varying(255)"}}
{"timestamp":"2026-05-07T04:52:25.184Z","level":"WARN","module":"ExcelService","message":"Error upserting product","data":{"product_id":"B0B4HKH19N","error":"value too long for type character varying(255)"}}
{"timestamp":"2026-05-07T04:52:25.209Z","level":"WARN","module":"ExcelService","message":"Error upserting product","data":{"product_id":"B08RX8G496","error":"value too long for type character varying(255)"}}
{"timestamp":"2026-05-07T04:52:25.215Z","level":"WARN","module":"ExcelService","message":"Error upserting product","data":{"product_id":"B002SZEOLG","error":"value too long for type character varying(255)"}}
{"timestamp":"2026-05-07T04:52:25.252Z","level":"WARN","module":"ExcelService","message":"Error upserting product","data":{"product_id":"B0117H7GZ6","error":"value too long for type character varying(255)"}}
{"timestamp":"2026-05-07T04:52:25.264Z","level":"WARN","module":"ExcelService","message":"Error upserting product","data":{"product_id":"B088Z1YWBC","error":"value too long for type character varying(255)"}}
{"timestamp":"2026-05-07T04:52:25.272Z","level":"WARN","module":"ExcelService","message":"Error upserting product","data":{"product_id":"B08RWCZ6SY","error":"value too long for type character varying(255)"}}
{"timestamp":"2026-05-07T04:52:25.292Z","level":"WARN","module":"ExcelService","message":"Error upserting product","data":{"product_id":"B0B9959XF3","error":"value too long for type character varying(255)"}}
{"timestamp":"2026-05-07T04:52:25.333Z","level":"WARN","module":"ExcelService","message":"Error upserting product","data":{"product_id":"B07CWNJLPC","error":"value too long for type character varying(255)"}}
{"timestamp":"2026-05-07T04:52:25.373Z","level":"WARN","module":"ExcelService","message":"Error upserting product","data":{"product_id":"B00GG59HU2","error":"value too long for type character varying(255)"}}
{"timestamp":"2026-05-07T04:52:25.393Z","level":"WARN","module":"ExcelService","message":"Error upserting product","data":{"product_id":"B0B8SSZ76F","error":"value too long for type character varying(255)"}}
{"timestamp":"2026-05-07T04:52:25.443Z","level":"WARN","module":"ExcelService","message":"Error upserting product","data":{"product_id":"B0B5F3YZY4","error":"value too long for type character varying(255)"}}
{"timestamp":"2026-05-07T04:52:25.466Z","level":"WARN","module":"ExcelService","message":"Error upserting product","data":{"product_id":"B0B4T6MR8N","error":"value too long for type character varying(255)"}}
{"timestamp":"2026-05-07T04:52:25.501Z","level":"WARN","module":"ExcelService","message":"Error upserting product","data":{"product_id":"B01D5H90L4","error":"value too long for type character varying(255)"}}
{"timestamp":"2026-05-07T04:52:25.523Z","level":"WARN","module":"ExcelService","message":"Error upserting product","data":{"product_id":"B0B997FBZT","error":"value too long for type character varying(255)"}}
{"timestamp":"2026-05-07T04:52:25.537Z","level":"WARN","module":"ExcelService","message":"Error upserting product","data":{"product_id":"B09VH568H7","error":"value too long for type character varying(255)"}}
{"timestamp":"2026-05-07T04:52:25.545Z","level":"WARN","module":"ExcelService","message":"Error upserting product","data":{"product_id":"B0B21XL94T","error":"value too long for type character varying(255)"}}
{"timestamp":"2026-05-07T04:52:25.554Z","level":"WARN","module":"ExcelService","message":"Error upserting product","data":{"product_id":"B0B4T8RSJ1","error":"value too long for type character varying(255)"}}
{"timestamp":"2026-05-07T04:52:25.564Z","level":"WARN","module":"ExcelService","message":"Error upserting product","data":{"product_id":"B07CWDX49D","error":"value too long for type character varying(255)"}}
{"timestamp":"2026-05-07T04:52:25.612Z","level":"WARN","module":"ExcelService","message":"Error upserting product","data":{"product_id":"B07VJ9ZTXS","error":"value too long for type character varying(255)"}}
{"timestamp":"2026-05-07T04:52:25.633Z","level":"WARN","module":"ExcelService","message":"Error upserting product","data":{"product_id":"B0BF57RN3K","error":"value too long for type character varying(255)"}}
{"timestamp":"2026-05-07T04:52:25.635Z","level":"WARN","module":"ExcelService","message":"Error upserting product","data":{"product_id":"B0B3RRWSF6","error":"value too long for type character varying(255)"}}
{"timestamp":"2026-05-07T04:52:25.642Z","level":"WARN","module":"ExcelService","message":"Error upserting product","data":{"product_id":"B0B3CPQ5PF","error":"value too long for type character varying(255)"}}
{"timestamp":"2026-05-07T04:52:25.647Z","level":"WARN","module":"ExcelService","message":"Error upserting product","data":{"product_id":"B0B3CQBRB4","error":"value too long for type character varying(255)"}}
{"timestamp":"2026-05-07T04:52:25.676Z","level":"WARN","module":"ExcelService","message":"Error upserting product","data":{"product_id":"B0746JGVDS","error":"value too long for type character varying(255)"}}
{"timestamp":"2026-05-07T04:52:25.689Z","level":"WARN","module":"ExcelService","message":"Error upserting product","data":{"product_id":"B0BF54972T","error":"value too long for type character varying(255)"}}
{"timestamp":"2026-05-07T04:52:25.692Z","level":"WARN","module":"ExcelService","message":"Error upserting product","data":{"product_id":"B09YV4MW2T","error":"value too long for type character varying(255)"}}
{"timestamp":"2026-05-07T04:52:25.699Z","level":"WARN","module":"ExcelService","message":"Error upserting product","data":{"product_id":"B07WGMMQGP","error":"value too long for type character varying(255)"}}
{"timestamp":"2026-05-07T04:52:25.701Z","level":"WARN","module":"ExcelService","message":"Error upserting product","data":{"product_id":"B0BF563HB4","error":"value too long for type character varying(255)"}}
{"timestamp":"2026-05-07T04:52:25.709Z","level":"WARN","module":"ExcelService","message":"Error upserting product","data":{"product_id":"B0BF4YBLPX","error":"value too long for type character varying(255)"}}
{"timestamp":"2026-05-07T04:52:25.723Z","level":"WARN","module":"ExcelService","message":"Error upserting product","data":{"product_id":"B0BF54LXW6","error":"value too long for type character varying(255)"}}
{"timestamp":"2026-05-07T04:52:25.736Z","level":"WARN","module":"ExcelService","message":"Error upserting product","data":{"product_id":"B08ZN4B121","error":"value too long for type character varying(255)"}}
{"timestamp":"2026-05-07T04:52:25.739Z","level":"WARN","module":"ExcelService","message":"Error upserting product","data":{"product_id":"B0B3RSDSZ3","error":"value too long for type character varying(255)"}}
{"timestamp":"2026-05-07T04:52:25.778Z","level":"WARN","module":"ExcelService","message":"Error upserting product","data":{"product_id":"B0B3D39RKV","error":"value too long for type character varying(255)"}}
{"timestamp":"2026-05-07T04:52:25.783Z","level":"WARN","module":"ExcelService","message":"Error upserting product","data":{"product_id":"B085HY1DGR","error":"value too long for type character varying(255)"}}
{"timestamp":"2026-05-07T04:52:25.786Z","level":"WARN","module":"ExcelService","message":"Error upserting product","data":{"product_id":"B08D75R3Z1","error":"value too long for type character varying(255)"}}
{"timestamp":"2026-05-07T04:52:25.870Z","level":"WARN","module":"ExcelService","message":"Error upserting product","data":{"product_id":"B07WHQBZLS","error":"value too long for type character varying(255)"}}
{"timestamp":"2026-05-07T04:52:25.877Z","level":"WARN","module":"ExcelService","message":"Error upserting product","data":{"product_id":"B09KLVMZ3B","error":"value too long for type character varying(255)"}}
{"timestamp":"2026-05-07T04:52:25.887Z","level":"WARN","module":"ExcelService","message":"Error upserting product","data":{"product_id":"B09KGV7WSV","error":"value too long for type character varying(255)"}}
{"timestamp":"2026-05-07T04:52:25.893Z","level":"WARN","module":"ExcelService","message":"Error upserting product","data":{"product_id":"B0B53QFZPY","error":"value too long for type character varying(255)"}}
{"timestamp":"2026-05-07T04:52:25.898Z","level":"WARN","module":"ExcelService","message":"Error upserting product","data":{"product_id":"B083342NKJ","error":"value too long for type character varying(255)"}}
{"timestamp":"2026-05-07T04:52:25.901Z","level":"WARN","module":"ExcelService","message":"Error upserting product","data":{"product_id":"B07WJWRNVK","error":"value too long for type character varying(255)"}}
{"timestamp":"2026-05-07T04:52:25.936Z","level":"WARN","module":"ExcelService","message":"Error upserting product","data":{"product_id":"B09YV3K34W","error":"value too long for type character varying(255)"}}
{"timestamp":"2026-05-07T04:52:25.952Z","level":"WARN","module":"ExcelService","message":"Error upserting product","data":{"product_id":"B0B53NXFFR","error":"value too long for type character varying(255)"}}
{"timestamp":"2026-05-07T04:52:25.973Z","level":"WARN","module":"ExcelService","message":"Error upserting product","data":{"product_id":"B0B6BLTGTT","error":"value too long for type character varying(255)"}}
{"timestamp":"2026-05-07T04:52:25.985Z","level":"WARN","module":"ExcelService","message":"Error upserting product","data":{"product_id":"B0B53QLB9H","error":"value too long for type character varying(255)"}}
{"timestamp":"2026-05-07T04:52:25.989Z","level":"WARN","module":"ExcelService","message":"Error upserting product","data":{"product_id":"B0B3RS9DNF","error":"value too long for type character varying(255)"}}
{"timestamp":"2026-05-07T04:52:26.029Z","level":"WARN","module":"ExcelService","message":"Error upserting product","data":{"product_id":"B09GP6FBZT","error":"value too long for type character varying(255)"}}
{"timestamp":"2026-05-07T04:52:26.036Z","level":"WARN","module":"ExcelService","message":"Error upserting product","data":{"product_id":"B08JW1GVS7","error":"value too long for type character varying(255)"}}
{"timestamp":"2026-05-07T04:52:26.048Z","level":"WARN","module":"ExcelService","message":"Error upserting product","data":{"product_id":"B01FSYQ2A4","error":"value too long for type character varying(255)"}}
{"timestamp":"2026-05-07T04:52:26.057Z","level":"WARN","module":"ExcelService","message":"Error upserting product","data":{"product_id":"B09SJ1FTYV","error":"value too long for type character varying(255)"}}
{"timestamp":"2026-05-07T04:52:26.065Z","level":"WARN","module":"ExcelService","message":"Error upserting product","data":{"product_id":"B09XJ5LD6L","error":"value too long for type character varying(255)"}}
{"timestamp":"2026-05-07T04:52:26.071Z","level":"WARN","module":"ExcelService","message":"Error upserting product","data":{"product_id":"B09NY7W8YD","error":"value too long for type character varying(255)"}}
{"timestamp":"2026-05-07T04:52:26.080Z","level":"WARN","module":"ExcelService","message":"Error upserting product","data":{"product_id":"B0B82YGCF6","error":"value too long for type character varying(255)"}}
{"timestamp":"2026-05-07T04:52:26.102Z","level":"WARN","module":"ExcelService","message":"Error upserting product","data":{"product_id":"B0B5YBGCKD","error":"value too long for type character varying(255)"}}
{"timestamp":"2026-05-07T04:52:26.133Z","level":"WARN","module":"ExcelService","message":"Error upserting product","data":{"product_id":"B098QXR9X2","error":"value too long for type character varying(255)"}}
{"timestamp":"2026-05-07T04:52:26.138Z","level":"WARN","module":"ExcelService","message":"Error upserting product","data":{"product_id":"B0BNXFDTZ2","error":"value too long for type character varying(255)"}}
{"timestamp":"2026-05-07T04:52:26.151Z","level":"WARN","module":"ExcelService","message":"Error upserting product","data":{"product_id":"B0B3RRWSF6","error":"value too long for type character varying(255)"}}
{"timestamp":"2026-05-07T04:52:26.185Z","level":"WARN","module":"ExcelService","message":"Error upserting product","data":{"product_id":"B09YV4MW2T","error":"value too long for type character varying(255)"}}
{"timestamp":"2026-05-07T04:52:26.189Z","level":"WARN","module":"ExcelService","message":"Error upserting product","data":{"product_id":"B076B8G5D8","error":"value too long for type character varying(255)"}}
{"timestamp":"2026-05-07T04:52:26.228Z","level":"WARN","module":"ExcelService","message":"Error upserting product","data":{"product_id":"B085HY1DGR","error":"value too long for type character varying(255)"}}
{"timestamp":"2026-05-07T04:52:26.234Z","level":"WARN","module":"ExcelService","message":"Error upserting product","data":{"product_id":"B09NR6G588","error":"value too long for type character varying(255)"}}
{"timestamp":"2026-05-07T04:52:26.238Z","level":"WARN","module":"ExcelService","message":"Error upserting product","data":{"product_id":"B08D11DZ2W","error":"value too long for type character varying(255)"}}
{"timestamp":"2026-05-07T04:52:26.241Z","level":"WARN","module":"ExcelService","message":"Error upserting product","data":{"product_id":"B0819HZPXL","error":"value too long for type character varying(255)"}}
{"timestamp":"2026-05-07T04:52:26.254Z","level":"WARN","module":"ExcelService","message":"Error upserting product","data":{"product_id":"B08HLZ28QC","error":"value too long for type character varying(255)"}}
{"timestamp":"2026-05-07T04:52:26.271Z","level":"WARN","module":"ExcelService","message":"Error upserting product","data":{"product_id":"B07TR5HSR9","error":"value too long for type character varying(255)"}}
{"timestamp":"2026-05-07T04:52:26.292Z","level":"WARN","module":"ExcelService","message":"Error upserting product","data":{"product_id":"B098K3H92Z","error":"value too long for type character varying(255)"}}
{"timestamp":"2026-05-07T04:52:26.295Z","level":"WARN","module":"ExcelService","message":"Error upserting product","data":{"product_id":"B09KLVMZ3B","error":"value too long for type character varying(255)"}}
{"timestamp":"2026-05-07T04:52:26.302Z","level":"WARN","module":"ExcelService","message":"Error upserting product","data":{"product_id":"B00Y4ORQ46","error":"value too long for type character varying(255)"}}
{"timestamp":"2026-05-07T04:52:26.304Z","level":"WARN","module":"ExcelService","message":"Error upserting product","data":{"product_id":"B074CWD7MS","error":"value too long for type character varying(255)"}}
{"timestamp":"2026-05-07T04:52:26.305Z","level":"WARN","module":"ExcelService","message":"Error upserting product","data":{"product_id":"B083342NKJ","error":"value too long for type character varying(255)"}}
{"timestamp":"2026-05-07T04:52:26.325Z","level":"WARN","module":"ExcelService","message":"Error upserting product","data":{"product_id":"B09KGV7WSV","error":"value too long for type character varying(255)"}}
{"timestamp":"2026-05-07T04:52:26.334Z","level":"WARN","module":"ExcelService","message":"Error upserting product","data":{"product_id":"B01N6LU1VF","error":"value too long for type character varying(255)"}}
{"timestamp":"2026-05-07T04:52:26.368Z","level":"WARN","module":"ExcelService","message":"Error upserting product","data":{"product_id":"B0972BQ2RS","error":"value too long for type character varying(255)"}}
{"timestamp":"2026-05-07T04:52:26.371Z","level":"WARN","module":"ExcelService","message":"Error upserting product","data":{"product_id":"B0B2DD66GS","error":"value too long for type character varying(255)"}}
{"timestamp":"2026-05-07T04:52:26.383Z","level":"WARN","module":"ExcelService","message":"Error upserting product","data":{"product_id":"B01MF8MB65","error":"value too long for type character varying(255)"}}
{"timestamp":"2026-05-07T04:52:26.392Z","level":"WARN","module":"ExcelService","message":"Error upserting product","data":{"product_id":"B08YD264ZS","error":"value too long for type character varying(255)"}}
{"timestamp":"2026-05-07T04:52:26.442Z","level":"WARN","module":"ExcelService","message":"Error upserting product","data":{"product_id":"B07VTFN6HM","error":"value too long for type character varying(255)"}}
{"timestamp":"2026-05-07T04:52:26.468Z","level":"WARN","module":"ExcelService","message":"Error upserting product","data":{"product_id":"B07NC12T2R","error":"value too long for type character varying(255)"}}
{"timestamp":"2026-05-07T04:52:26.477Z","level":"WARN","module":"ExcelService","message":"Error upserting product","data":{"product_id":"B07G3YNLJB","error":"value too long for type character varying(255)"}}
{"timestamp":"2026-05-07T04:52:26.489Z","level":"WARN","module":"ExcelService","message":"Error upserting product","data":{"product_id":"B094QZLJQ6","error":"value too long for type character varying(255)"}}
{"timestamp":"2026-05-07T04:52:26.505Z","level":"WARN","module":"ExcelService","message":"Error upserting product","data":{"product_id":"B09RKFBCV7","error":"value too long for type character varying(255)"}}
{"timestamp":"2026-05-07T04:52:26.520Z","level":"WARN","module":"ExcelService","message":"Error upserting product","data":{"product_id":"B0B4HJNPV4","error":"value too long for type character varying(255)"}}
{"timestamp":"2026-05-07T04:52:26.539Z","level":"WARN","module":"ExcelService","message":"Error upserting product","data":{"product_id":"B09Z7YGV3R","error":"value too long for type character varying(255)"}}
{"timestamp":"2026-05-07T04:52:26.559Z","level":"WARN","module":"ExcelService","message":"Error upserting product","data":{"product_id":"B09C6HWG18","error":"value too long for type character varying(255)"}}
{"timestamp":"2026-05-07T04:52:26.572Z","level":"WARN","module":"ExcelService","message":"Error upserting product","data":{"product_id":"B08D64C9FN","error":"value too long for type character varying(255)"}}
{"timestamp":"2026-05-07T04:52:26.623Z","level":"WARN","module":"ExcelService","message":"Error upserting product","data":{"product_id":"B09YLFHFDW","error":"value too long for type character varying(255)"}}
{"timestamp":"2026-05-07T04:52:26.628Z","level":"WARN","module":"ExcelService","message":"Error upserting product","data":{"product_id":"B002PD61Y4","error":"value too long for type character varying(255)"}}
{"timestamp":"2026-05-07T04:52:26.637Z","level":"WARN","module":"ExcelService","message":"Error upserting product","data":{"product_id":"B07232M876","error":"value too long for type character varying(255)"}}
{"timestamp":"2026-05-07T04:52:26.652Z","level":"WARN","module":"ExcelService","message":"Error upserting product","data":{"product_id":"B0BCVJ3PVP","error":"value too long for type character varying(255)"}}
{"timestamp":"2026-05-07T04:52:26.670Z","level":"WARN","module":"ExcelService","message":"Error upserting product","data":{"product_id":"B0814ZY6FP","error":"value too long for type character varying(255)"}}
{"timestamp":"2026-05-07T04:52:26.685Z","level":"WARN","module":"ExcelService","message":"Error upserting product","data":{"product_id":"B09BVCVTBC","error":"value too long for type character varying(255)"}}
{"timestamp":"2026-05-07T04:52:26.704Z","level":"WARN","module":"ExcelService","message":"Error upserting product","data":{"product_id":"B01FSYQ2A4","error":"value too long for type character varying(255)"}}
{"timestamp":"2026-05-07T04:52:26.720Z","level":"WARN","module":"ExcelService","message":"Error upserting product","data":{"product_id":"B07NTKGW45","error":"value too long for type character varying(255)"}}
{"timestamp":"2026-05-07T04:52:26.732Z","level":"WARN","module":"ExcelService","message":"Error upserting product","data":{"product_id":"B09MDCZJXS","error":"value too long for type character varying(255)"}}
{"timestamp":"2026-05-07T04:52:26.740Z","level":"WARN","module":"ExcelService","message":"Error upserting product","data":{"product_id":"B08FYB5HHK","error":"value too long for type character varying(255)"}}
{"timestamp":"2026-05-07T04:52:26.775Z","level":"WARN","module":"ExcelService","message":"Error upserting product","data":{"product_id":"B07W9KYT62","error":"value too long for type character varying(255)"}}
{"timestamp":"2026-05-07T04:52:26.795Z","level":"WARN","module":"ExcelService","message":"Error upserting product","data":{"product_id":"B0148NPH9I","error":"value too long for type character varying(255)"}}
{"timestamp":"2026-05-07T04:52:26.860Z","level":"WARN","module":"ExcelService","message":"Error upserting product","data":{"product_id":"B08498H13H","error":"value too long for type character varying(255)"}}
{"timestamp":"2026-05-07T04:52:26.874Z","level":"WARN","module":"ExcelService","message":"Error upserting product","data":{"product_id":"B0B25LQQPC","error":"value too long for type character varying(255)"}}
{"timestamp":"2026-05-07T04:52:26.886Z","level":"WARN","module":"ExcelService","message":"Error upserting product","data":{"product_id":"B078W65FJ7","error":"value too long for type character varying(255)"}}
{"timestamp":"2026-05-07T04:52:26.903Z","level":"WARN","module":"ExcelService","message":"Error upserting product","data":{"product_id":"B07VNFP3C2","error":"value too long for type character varying(255)"}}
{"timestamp":"2026-05-07T04:52:26.909Z","level":"WARN","module":"ExcelService","message":"Error upserting product","data":{"product_id":"B00NW4UWN6","error":"value too long for type character varying(255)"}}
{"timestamp":"2026-05-07T04:52:26.913Z","level":"WARN","module":"ExcelService","message":"Error upserting product","data":{"product_id":"B07GXPDLYQ","error":"value too long for type character varying(255)"}}
{"timestamp":"2026-05-07T04:52:26.920Z","level":"WARN","module":"ExcelService","message":"Error upserting product","data":{"product_id":"B01M5F614J","error":"value too long for type character varying(255)"}}
{"timestamp":"2026-05-07T04:52:26.929Z","level":"WARN","module":"ExcelService","message":"Error upserting product","data":{"product_id":"B096YCN3SD","error":"value too long for type character varying(255)"}}
{"timestamp":"2026-05-07T04:52:26.938Z","level":"WARN","module":"ExcelService","message":"Error upserting product","data":{"product_id":"B0B8XNPQPN","error":"value too long for type character varying(255)"}}
{"timestamp":"2026-05-07T04:52:26.941Z","level":"WARN","module":"ExcelService","message":"Error upserting product","data":{"product_id":"B008QTK47Q","error":"value too long for type character varying(255)"}}
{"timestamp":"2026-05-07T04:52:26.950Z","level":"WARN","module":"ExcelService","message":"Error upserting product","data":{"product_id":"B00TDD0YM4","error":"value too long for type character varying(255)"}}
{"timestamp":"2026-05-07T04:52:26.956Z","level":"WARN","module":"ExcelService","message":"Error upserting product","data":{"product_id":"B07WNK1FFN","error":"value too long for type character varying(255)"}}
{"timestamp":"2026-05-07T04:52:26.987Z","level":"WARN","module":"ExcelService","message":"Error upserting product","data":{"product_id":"B07MKMFKPG","error":"value too long for type character varying(255)"}}
{"timestamp":"2026-05-07T04:52:26.992Z","level":"WARN","module":"ExcelService","message":"Error upserting product","data":{"product_id":"B01M0505SJ","error":"value too long for type character varying(255)"}}
{"timestamp":"2026-05-07T04:52:27.006Z","level":"WARN","module":"ExcelService","message":"Error upserting product","data":{"product_id":"B09VKWGZD7","error":"value too long for type character varying(255)"}}
{"timestamp":"2026-05-07T04:52:27.015Z","level":"WARN","module":"ExcelService","message":"Error upserting product","data":{"product_id":"B013B2WGT6","error":"value too long for type character varying(255)"}}
{"timestamp":"2026-05-07T04:52:27.018Z","level":"WARN","module":"ExcelService","message":"Error upserting product","data":{"product_id":"B097RJ867P","error":"value too long for type character varying(255)"}}
{"timestamp":"2026-05-07T04:52:27.055Z","level":"WARN","module":"ExcelService","message":"Error upserting product","data":{"product_id":"B0B5KZ3C53","error":"value too long for type character varying(255)"}}
{"timestamp":"2026-05-07T04:52:27.067Z","level":"WARN","module":"ExcelService","message":"Error upserting product","data":{"product_id":"B072J83V9W","error":"value too long for type character varying(255)"}}
{"timestamp":"2026-05-07T04:52:27.077Z","level":"WARN","module":"ExcelService","message":"Error upserting product","data":{"product_id":"B07WKB69RS","error":"value too long for type character varying(255)"}}
{"timestamp":"2026-05-07T04:52:27.137Z","level":"WARN","module":"ExcelService","message":"Error upserting product","data":{"product_id":"B09R83SFYV","error":"value too long for type character varying(255)"}}
{"timestamp":"2026-05-07T04:52:27.153Z","level":"WARN","module":"ExcelService","message":"Error upserting product","data":{"product_id":"B0BQ3K23Y1","error":"value too long for type character varying(255)"}}
{"timestamp":"2026-05-07T04:52:27.167Z","level":"WARN","module":"ExcelService","message":"Error upserting product","data":{"product_id":"B08MZNT7GP","error":"value too long for type character varying(255)"}}
{"timestamp":"2026-05-07T04:52:27.179Z","level":"WARN","module":"ExcelService","message":"Error upserting product","data":{"product_id":"B08HLC7Z3G","error":"value too long for type character varying(255)"}}
{"timestamp":"2026-05-07T04:52:27.185Z","level":"WARN","module":"ExcelService","message":"Error upserting product","data":{"product_id":"B01L6MT7E0","error":"value too long for type character varying(255)"}}
{"timestamp":"2026-05-07T04:52:27.192Z","level":"WARN","module":"ExcelService","message":"Error upserting product","data":{"product_id":"B00S9BSJC8","error":"value too long for type character varying(255)"}}
{"timestamp":"2026-05-07T04:52:27.203Z","level":"WARN","module":"ExcelService","message":"Error upserting product","data":{"product_id":"B07W4HTS8Q","error":"value too long for type character varying(255)"}}
{"timestamp":"2026-05-07T04:52:27.208Z","level":"WARN","module":"ExcelService","message":"Error upserting product","data":{"product_id":"B07H5PBN54","error":"value too long for type character varying(255)"}}
{"timestamp":"2026-05-07T04:52:27.222Z","level":"WARN","module":"ExcelService","message":"Error upserting product","data":{"product_id":"B07DZ986Q2","error":"value too long for type character varying(255)"}}
{"timestamp":"2026-05-07T04:52:27.224Z","level":"WARN","module":"ExcelService","message":"Error upserting product","data":{"product_id":"B07KKJPTWB","error":"value too long for type character varying(255)"}}
{"timestamp":"2026-05-07T04:52:27.235Z","level":"WARN","module":"ExcelService","message":"Error upserting product","data":{"product_id":"B09YLWT89W","error":"value too long for type character varying(255)"}}
{"timestamp":"2026-05-07T04:52:27.240Z","level":"WARN","module":"ExcelService","message":"Error upserting product","data":{"product_id":"B07BKSSDR2","error":"value too long for type character varying(255)"}}
{"timestamp":"2026-05-07T04:52:27.253Z","level":"WARN","module":"ExcelService","message":"Error upserting product","data":{"product_id":"B0123P3PWE","error":"value too long for type character varying(255)"}}
{"timestamp":"2026-05-07T04:52:27.271Z","level":"WARN","module":"ExcelService","message":"Error upserting product","data":{"product_id":"B0B694PXQJ","error":"value too long for type character varying(255)"}}
{"timestamp":"2026-05-07T04:52:27.286Z","level":"WARN","module":"ExcelService","message":"Error upserting product","data":{"product_id":"B099FDW2ZF","error":"value too long for type character varying(255)"}}
{"timestamp":"2026-05-07T04:52:27.289Z","level":"WARN","module":"ExcelService","message":"Error upserting product","data":{"product_id":"B0B935YNR7","error":"value too long for type character varying(255)"}}
{"timestamp":"2026-05-07T04:52:27.294Z","level":"WARN","module":"ExcelService","message":"Error upserting product","data":{"product_id":"B07GWTWFS2","error":"value too long for type character varying(255)"}}
{"timestamp":"2026-05-07T04:52:27.302Z","level":"WARN","module":"ExcelService","message":"Error upserting product","data":{"product_id":"B09XRBJ94N","error":"value too long for type character varying(255)"}}
{"timestamp":"2026-05-07T04:52:27.307Z","level":"WARN","module":"ExcelService","message":"Error upserting product","data":{"product_id":"B0BNDGL26T","error":"value too long for type character varying(255)"}}
{"timestamp":"2026-05-07T04:52:27.313Z","level":"WARN","module":"ExcelService","message":"Error upserting product","data":{"product_id":"B0BJ966M5K","error":"value too long for type character varying(255)"}}
{"timestamp":"2026-05-07T04:52:27.317Z","level":"WARN","module":"ExcelService","message":"Error upserting product","data":{"product_id":"B086GVRP63","error":"value too long for type character varying(255)"}}
{"timestamp":"2026-05-07T04:52:27.355Z","level":"WARN","module":"ExcelService","message":"Error upserting product","data":{"product_id":"B0B1MDZV9C","error":"value too long for type character varying(255)"}}
{"timestamp":"2026-05-07T04:52:27.377Z","level":"WARN","module":"ExcelService","message":"Error upserting product","data":{"product_id":"B085LPT5F4","error":"value too long for type character varying(255)"}}
{"timestamp":"2026-05-07T04:52:27.385Z","level":"WARN","module":"ExcelService","message":"Error upserting product","data":{"product_id":"B0B9RZ4G4W","error":"value too long for type character varying(255)"}}
{"timestamp":"2026-05-07T04:52:27.396Z","level":"WARN","module":"ExcelService","message":"Error upserting product","data":{"product_id":"B09MQ9PDHR","error":"value too long for type character varying(255)"}}
{"timestamp":"2026-05-07T04:52:27.422Z","level":"WARN","module":"ExcelService","message":"Error upserting product","data":{"product_id":"B00LP9RFSU","error":"value too long for type character varying(255)"}}
{"timestamp":"2026-05-07T04:52:27.431Z","level":"WARN","module":"ExcelService","message":"Error upserting product","data":{"product_id":"B08QHLXWV3","error":"value too long for type character varying(255)"}}
{"timestamp":"2026-05-07T04:52:27.443Z","level":"WARN","module":"ExcelService","message":"Error upserting product","data":{"product_id":"B08KS2KQTK","error":"value too long for type character varying(255)"}}
{"timestamp":"2026-05-07T04:52:27.512Z","level":"WARN","module":"ExcelService","message":"Error upserting product","data":{"product_id":"B0BBWJFK5C","error":"value too long for type character varying(255)"}}
{"timestamp":"2026-05-07T04:52:27.560Z","level":"WARN","module":"ExcelService","message":"Error upserting product","data":{"product_id":"B092R48XXB","error":"value too long for type character varying(255)"}}
{"timestamp":"2026-05-07T04:52:27.604Z","level":"WARN","module":"ExcelService","message":"Error upserting product","data":{"product_id":"B00GHL8VP2","error":"value too long for type character varying(255)"}}
{"timestamp":"2026-05-07T04:52:27.615Z","level":"WARN","module":"ExcelService","message":"Error upserting product","data":{"product_id":"B01M6453MB","error":"value too long for type character varying(255)"}}
{"timestamp":"2026-05-07T04:52:27.622Z","level":"INFO","module":"ExcelService","message":"Batch import completed","data":{"inserted":0,"updated":1302,"errors":163}}
{"timestamp":"2026-05-07T04:52:27.623Z","level":"INFO","module":"ProductController","message":"Data import completed","data":{"processed":1465,"inserted":0,"updated":1302,"errors":163}}
{"timestamp":"2026-05-07T04:52:27.624Z","level":"DEBUG","module":"Middleware","message":"Request completed","data":{"method":"POST","url":"/api/import","statusCode":200,"duration":"3351ms","ip":"::1"}}
{"timestamp":"2026-05-07T04:52:27.661Z","level":"INFO","module":"ProductController","message":"Fetching analytics data"}
{"timestamp":"2026-05-07T04:52:27.668Z","level":"DEBUG","module":"ProductController","message":"Fetching products","data":{"page":"1","limit":"20","search":"","category":"","minRating":0}}
{"timestamp":"2026-05-07T04:52:27.679Z","level":"INFO","module":"ProductController","message":"Products fetched successfully","data":{"count":1302,"page":"1","limit":"20","totalPages":66}}
{"timestamp":"2026-05-07T04:52:27.681Z","level":"DEBUG","module":"Middleware","message":"Request completed","data":{"method":"GET","url":"/api/products?page=1&limit=20","statusCode":200,"duration":"13ms","ip":"::1"}}
{"timestamp":"2026-05-07T04:52:27.701Z","level":"INFO","module":"ProductController","message":"Analytics data fetched successfully","data":{"totalProducts":"1302","categories":8}}
{"timestamp":"2026-05-07T04:52:27.702Z","level":"DEBUG","module":"Middleware","message":"Request completed","data":{"method":"GET","url":"/api/analytics","statusCode":200,"duration":"41ms","ip":"::1"}}
{"timestamp":"2026-05-07T04:52:30.321Z","level":"INFO","module":"ProductController","message":"Fetching analytics data"}
{"timestamp":"2026-05-07T04:52:30.353Z","level":"INFO","module":"ProductController","message":"Analytics data fetched successfully","data":{"totalProducts":"1302","categories":8}}
{"timestamp":"2026-05-07T04:52:30.356Z","level":"DEBUG","module":"Middleware","message":"Request completed","data":{"method":"GET","url":"/api/analytics","statusCode":200,"duration":"35ms","ip":"::1"}}
{"timestamp":"2026-05-07T04:52:30.361Z","level":"INFO","module":"ProductController","message":"Fetching analytics data"}
{"timestamp":"2026-05-07T04:52:30.384Z","level":"INFO","module":"ProductController","message":"Analytics data fetched successfully","data":{"totalProducts":"1302","categories":8}}
{"timestamp":"2026-05-07T04:52:30.385Z","level":"DEBUG","module":"Middleware","message":"Request completed","data":{"method":"GET","url":"/api/analytics","statusCode":200,"duration":"24ms","ip":"::1"}}
{"timestamp":"2026-05-07T04:52:32.222Z","level":"DEBUG","module":"ProductController","message":"Fetching products","data":{"page":"1","limit":20,"search":"","category":"","minRating":"0"}}
{"timestamp":"2026-05-07T04:52:32.231Z","level":"INFO","module":"ProductController","message":"Products fetched successfully","data":{"count":1302,"page":"1","limit":20,"totalPages":66}}
{"timestamp":"2026-05-07T04:52:32.233Z","level":"DEBUG","module":"Middleware","message":"Request completed","data":{"method":"GET","url":"/api/products?search=&category=&minRating=0&sortBy=rating&sortOrder=DESC&page=1","statusCode":200,"duration":"11ms","ip":"::1"}}
{"timestamp":"2026-05-07T04:52:32.245Z","level":"DEBUG","module":"ProductController","message":"Fetching products","data":{"page":"1","limit":20,"search":"","category":"","minRating":"0"}}
{"timestamp":"2026-05-07T04:52:32.251Z","level":"INFO","module":"ProductController","message":"Products fetched successfully","data":{"count":1302,"page":"1","limit":20,"totalPages":66}}
{"timestamp":"2026-05-07T04:52:32.253Z","level":"DEBUG","module":"Middleware","message":"Request completed","data":{"method":"GET","url":"/api/products?search=&category=&minRating=0&sortBy=rating&sortOrder=DESC&page=1","statusCode":200,"duration":"8ms","ip":"::1"}}
{"timestamp":"2026-05-07T04:52:37.543Z","level":"INFO","module":"ProductController","message":"Fetching analytics data"}
{"timestamp":"2026-05-07T04:52:37.565Z","level":"INFO","module":"ProductController","message":"Analytics data fetched successfully","data":{"totalProducts":"1302","categories":8}}
{"timestamp":"2026-05-07T04:52:37.569Z","level":"DEBUG","module":"Middleware","message":"Request completed","data":{"method":"GET","url":"/api/analytics","statusCode":200,"duration":"26ms","ip":"::1"}}
{"timestamp":"2026-05-07T04:52:37.577Z","level":"INFO","module":"ProductController","message":"Fetching analytics data"}
{"timestamp":"2026-05-07T04:52:37.598Z","level":"INFO","module":"ProductController","message":"Analytics data fetched successfully","data":{"totalProducts":"1302","categories":8}}
{"timestamp":"2026-05-07T04:52:37.600Z","level":"DEBUG","module":"Middleware","message":"Request completed","data":{"method":"GET","url":"/api/analytics","statusCode":200,"duration":"23ms","ip":"::1"}}
